[    1953ms] [LOG] DOMContentLoaded: loggedIn = null @ https://bakkappan.github.io/Testers-Talk-Practice-Site/:2111
[    1977ms] [VERBOSE] [DOM] Password field is not contained in a form: (More info: https://goo.gl/9p2vKq) %o @ https://bakkappan.github.io/Testers-Talk-Practice-Site/:0
[   15078ms] [ERROR] Failed to load resource: the server responded with a status of 404 () @ https://bakkappan.github.io/favicon.ico:0
[   26431ms] [WARNING] The powerPreference option is currently ignored when calling requestAdapter() on Windows. See https://crbug.com/369219127 @ :0
[   27383ms] [WARNING] The powerPreference option is currently ignored when calling requestAdapter() on Windows. See https://crbug.com/369219127 @ :0
[   27582ms] [WARNING] The powerPreference option is currently ignored when calling requestAdapter() on Windows. See https://crbug.com/369219127 @ :0
[   27613ms] [WARNING] The powerPreference option is currently ignored when calling requestAdapter() on Windows. See https://crbug.com/369219127 @ :0
[   27630ms] [WARNING] The powerPreference option is currently ignored when calling requestAdapter() on Windows. See https://crbug.com/369219127 @ :0
[   27644ms] [WARNING] The powerPreference option is currently ignored when calling requestAdapter() on Windows. See https://crbug.com/369219127 @ :0
[   27660ms] [WARNING] The powerPreference option is currently ignored when calling requestAdapter() on Windows. See https://crbug.com/369219127 @ :0
[   27675ms] [WARNING] The powerPreference option is currently ignored when calling requestAdapter() on Windows. See https://crbug.com/369219127 @ :0
[   27708ms] [WARNING] The powerPreference option is currently ignored when calling requestAdapter() on Windows. See https://crbug.com/369219127 @ :0
[   27724ms] [WARNING] The powerPreference option is currently ignored when calling requestAdapter() on Windows. See https://crbug.com/369219127 @ :0
[   27767ms] [WARNING] The powerPreference option is currently ignored when calling requestAdapter() on Windows. See https://crbug.com/369219127 @ :0
[   27781ms] [WARNING] The powerPreference option is currently ignored when calling requestAdapter() on Windows. See https://crbug.com/369219127 @ :0
[   27801ms] [WARNING] The powerPreference option is currently ignored when calling requestAdapter() on Windows. See https://crbug.com/369219127 @ :0
[   27835ms] [WARNING] The powerPreference option is currently ignored when calling requestAdapter() on Windows. See https://crbug.com/369219127 @ :0
[   26431ms] [WARNING] The powerPreference option is currently ignored when calling requestAdapter() on Windows. See https://crbug.com/369219127 @ :0
[   27383ms] [WARNING] The powerPreference option is currently ignored when calling requestAdapter() on Windows. See https://crbug.com/369219127 @ :0
[   27582ms] [WARNING] The powerPreference option is currently ignored when calling requestAdapter() on Windows. See https://crbug.com/369219127 @ :0
[   27613ms] [WARNING] The powerPreference option is currently ignored when calling requestAdapter() on Windows. See https://crbug.com/369219127 @ :0
[   27630ms] [WARNING] The powerPreference option is currently ignored when calling requestAdapter() on Windows. See https://crbug.com/369219127 @ :0
[   27644ms] [WARNING] The powerPreference option is currently ignored when calling requestAdapter() on Windows. See https://crbug.com/369219127 @ :0
[   27660ms] [WARNING] The powerPreference option is currently ignored when calling requestAdapter() on Windows. See https://crbug.com/369219127 @ :0
[   27675ms] [WARNING] The powerPreference option is currently ignored when calling requestAdapter() on Windows. See https://crbug.com/369219127 @ :0
[   27708ms] [WARNING] The powerPreference option is currently ignored when calling requestAdapter() on Windows. See https://crbug.com/369219127 @ :0
[   27724ms] [WARNING] The powerPreference option is currently ignored when calling requestAdapter() on Windows. See https://crbug.com/369219127 @ :0
[   27767ms] [WARNING] The powerPreference option is currently ignored when calling requestAdapter() on Windows. See https://crbug.com/369219127 @ :0
[   27781ms] [WARNING] The powerPreference option is currently ignored when calling requestAdapter() on Windows. See https://crbug.com/369219127 @ :0
[   27801ms] [WARNING] The powerPreference option is currently ignored when calling requestAdapter() on Windows. See https://crbug.com/369219127 @ :0
[   27835ms] [WARNING] The powerPreference option is currently ignored when calling requestAdapter() on Windows. See https://crbug.com/369219127 @ :0
[   45570ms] [WARNING] The powerPreference option is currently ignored when calling requestAdapter() on Windows. See https://crbug.com/369219127 @ :0
[   26431ms] [WARNING] The powerPreference option is currently ignored when calling requestAdapter() on Windows. See https://crbug.com/369219127 @ :0
[   27383ms] [WARNING] The powerPreference option is currently ignored when calling requestAdapter() on Windows. See https://crbug.com/369219127 @ :0
[   27582ms] [WARNING] The powerPreference option is currently ignored when calling requestAdapter() on Windows. See https://crbug.com/369219127 @ :0
[   27613ms] [WARNING] The powerPreference option is currently ignored when calling requestAdapter() on Windows. See https://crbug.com/369219127 @ :0
[   27630ms] [WARNING] The powerPreference option is currently ignored when calling requestAdapter() on Windows. See https://crbug.com/369219127 @ :0
[   27644ms] [WARNING] The powerPreference option is currently ignored when calling requestAdapter() on Windows. See https://crbug.com/369219127 @ :0
[   27660ms] [WARNING] The powerPreference option is currently ignored when calling requestAdapter() on Windows. See https://crbug.com/369219127 @ :0
[   27675ms] [WARNING] The powerPreference option is currently ignored when calling requestAdapter() on Windows. See https://crbug.com/369219127 @ :0
[   27708ms] [WARNING] The powerPreference option is currently ignored when calling requestAdapter() on Windows. See https://crbug.com/369219127 @ :0
[   27724ms] [WARNING] The powerPreference option is currently ignored when calling requestAdapter() on Windows. See https://crbug.com/369219127 @ :0
[   27767ms] [WARNING] The powerPreference option is currently ignored when calling requestAdapter() on Windows. See https://crbug.com/369219127 @ :0
[   27781ms] [WARNING] The powerPreference option is currently ignored when calling requestAdapter() on Windows. See https://crbug.com/369219127 @ :0
[   27801ms] [WARNING] The powerPreference option is currently ignored when calling requestAdapter() on Windows. See https://crbug.com/369219127 @ :0
[   27835ms] [WARNING] The powerPreference option is currently ignored when calling requestAdapter() on Windows. See https://crbug.com/369219127 @ :0
[   45570ms] [WARNING] The powerPreference option is currently ignored when calling requestAdapter() on Windows. See https://crbug.com/369219127 @ :0
[   67128ms] [WARNING] The powerPreference option is currently ignored when calling requestAdapter() on Windows. See https://crbug.com/369219127 @ :0
[   74873ms] [LOG] Banking script loaded successfully @ https://bakkappan.github.io/Testers-Talk-Practice-Site/Banking-Project-Demo.html:1660
[   75238ms] TypeError: Cannot set properties of null (setting 'innerHTML')
    at renderEmployeeTable (https://bakkappan.github.io/Testers-Talk-Practice-Site/script.js:162:19)
    at loadEmployees (https://bakkappan.github.io/Testers-Talk-Practice-Site/script.js:178:3)
    at HTMLDocument.<anonymous> (https://bakkappan.github.io/Testers-Talk-Practice-Site/script.js:252:3)
[   26431ms] [WARNING] The powerPreference option is currently ignored when calling requestAdapter() on Windows. See https://crbug.com/369219127 @ :0
[   27383ms] [WARNING] The powerPreference option is currently ignored when calling requestAdapter() on Windows. See https://crbug.com/369219127 @ :0
[   27582ms] [WARNING] The powerPreference option is currently ignored when calling requestAdapter() on Windows. See https://crbug.com/369219127 @ :0
[   27613ms] [WARNING] The powerPreference option is currently ignored when calling requestAdapter() on Windows. See https://crbug.com/369219127 @ :0
[   27630ms] [WARNING] The powerPreference option is currently ignored when calling requestAdapter() on Windows. See https://crbug.com/369219127 @ :0
[   27644ms] [WARNING] The powerPreference option is currently ignored when calling requestAdapter() on Windows. See https://crbug.com/369219127 @ :0
[   27660ms] [WARNING] The powerPreference option is currently ignored when calling requestAdapter() on Windows. See https://crbug.com/369219127 @ :0
[   27675ms] [WARNING] The powerPreference option is currently ignored when calling requestAdapter() on Windows. See https://crbug.com/369219127 @ :0
[   27708ms] [WARNING] The powerPreference option is currently ignored when calling requestAdapter() on Windows. See https://crbug.com/369219127 @ :0
[   27724ms] [WARNING] The powerPreference option is currently ignored when calling requestAdapter() on Windows. See https://crbug.com/369219127 @ :0
[   27767ms] [WARNING] The powerPreference option is currently ignored when calling requestAdapter() on Windows. See https://crbug.com/369219127 @ :0
[   27781ms] [WARNING] The powerPreference option is currently ignored when calling requestAdapter() on Windows. See https://crbug.com/369219127 @ :0
[   27801ms] [WARNING] The powerPreference option is currently ignored when calling requestAdapter() on Windows. See https://crbug.com/369219127 @ :0
[   27835ms] [WARNING] The powerPreference option is currently ignored when calling requestAdapter() on Windows. See https://crbug.com/369219127 @ :0
[   45570ms] [WARNING] The powerPreference option is currently ignored when calling requestAdapter() on Windows. See https://crbug.com/369219127 @ :0
[   67128ms] [WARNING] The powerPreference option is currently ignored when calling requestAdapter() on Windows. See https://crbug.com/369219127 @ :0
[   26431ms] [WARNING] The powerPreference option is currently ignored when calling requestAdapter() on Windows. See https://crbug.com/369219127 @ :0
[   27383ms] [WARNING] The powerPreference option is currently ignored when calling requestAdapter() on Windows. See https://crbug.com/369219127 @ :0
[   27582ms] [WARNING] The powerPreference option is currently ignored when calling requestAdapter() on Windows. See https://crbug.com/369219127 @ :0
[   27613ms] [WARNING] The powerPreference option is currently ignored when calling requestAdapter() on Windows. See https://crbug.com/369219127 @ :0
[   27630ms] [WARNING] The powerPreference option is currently ignored when calling requestAdapter() on Windows. See https://crbug.com/369219127 @ :0
[   27644ms] [WARNING] The powerPreference option is currently ignored when calling requestAdapter() on Windows. See https://crbug.com/369219127 @ :0
[   27660ms] [WARNING] The powerPreference option is currently ignored when calling requestAdapter() on Windows. See https://crbug.com/369219127 @ :0
[   27675ms] [WARNING] The powerPreference option is currently ignored when calling requestAdapter() on Windows. See https://crbug.com/369219127 @ :0
[   27708ms] [WARNING] The powerPreference option is currently ignored when calling requestAdapter() on Windows. See https://crbug.com/369219127 @ :0
[   27724ms] [WARNING] The powerPreference option is currently ignored when calling requestAdapter() on Windows. See https://crbug.com/369219127 @ :0
[   27767ms] [WARNING] The powerPreference option is currently ignored when calling requestAdapter() on Windows. See https://crbug.com/369219127 @ :0
[   27781ms] [WARNING] The powerPreference option is currently ignored when calling requestAdapter() on Windows. See https://crbug.com/369219127 @ :0
[   27801ms] [WARNING] The powerPreference option is currently ignored when calling requestAdapter() on Windows. See https://crbug.com/369219127 @ :0
[   27835ms] [WARNING] The powerPreference option is currently ignored when calling requestAdapter() on Windows. See https://crbug.com/369219127 @ :0
[   45570ms] [WARNING] The powerPreference option is currently ignored when calling requestAdapter() on Windows. See https://crbug.com/369219127 @ :0
[   67128ms] [WARNING] The powerPreference option is currently ignored when calling requestAdapter() on Windows. See https://crbug.com/369219127 @ :0
[   26431ms] [WARNING] The powerPreference option is currently ignored when calling requestAdapter() on Windows. See https://crbug.com/369219127 @ :0
[   27383ms] [WARNING] The powerPreference option is currently ignored when calling requestAdapter() on Windows. See https://crbug.com/369219127 @ :0
[   27582ms] [WARNING] The powerPreference option is currently ignored when calling requestAdapter() on Windows. See https://crbug.com/369219127 @ :0
[   27613ms] [WARNING] The powerPreference option is currently ignored when calling requestAdapter() on Windows. See https://crbug.com/369219127 @ :0
[   27630ms] [WARNING] The powerPreference option is currently ignored when calling requestAdapter() on Windows. See https://crbug.com/369219127 @ :0
[   27644ms] [WARNING] The powerPreference option is currently ignored when calling requestAdapter() on Windows. See https://crbug.com/369219127 @ :0
[   27660ms] [WARNING] The powerPreference option is currently ignored when calling requestAdapter() on Windows. See https://crbug.com/369219127 @ :0
[   27675ms] [WARNING] The powerPreference option is currently ignored when calling requestAdapter() on Windows. See https://crbug.com/369219127 @ :0
[   27708ms] [WARNING] The powerPreference option is currently ignored when calling requestAdapter() on Windows. See https://crbug.com/369219127 @ :0
[   27724ms] [WARNING] The powerPreference option is currently ignored when calling requestAdapter() on Windows. See https://crbug.com/369219127 @ :0
[   27767ms] [WARNING] The powerPreference option is currently ignored when calling requestAdapter() on Windows. See https://crbug.com/369219127 @ :0
[   27781ms] [WARNING] The powerPreference option is currently ignored when calling requestAdapter() on Windows. See https://crbug.com/369219127 @ :0
[   27801ms] [WARNING] The powerPreference option is currently ignored when calling requestAdapter() on Windows. See https://crbug.com/369219127 @ :0
[   27835ms] [WARNING] The powerPreference option is currently ignored when calling requestAdapter() on Windows. See https://crbug.com/369219127 @ :0
[   45570ms] [WARNING] The powerPreference option is currently ignored when calling requestAdapter() on Windows. See https://crbug.com/369219127 @ :0
[   67128ms] [WARNING] The powerPreference option is currently ignored when calling requestAdapter() on Windows. See https://crbug.com/369219127 @ :0
[   26431ms] [WARNING] The powerPreference option is currently ignored when calling requestAdapter() on Windows. See https://crbug.com/369219127 @ :0
[   27383ms] [WARNING] The powerPreference option is currently ignored when calling requestAdapter() on Windows. See https://crbug.com/369219127 @ :0
[   27582ms] [WARNING] The powerPreference option is currently ignored when calling requestAdapter() on Windows. See https://crbug.com/369219127 @ :0
[   27613ms] [WARNING] The powerPreference option is currently ignored when calling requestAdapter() on Windows. See https://crbug.com/369219127 @ :0
[   27630ms] [WARNING] The powerPreference option is currently ignored when calling requestAdapter() on Windows. See https://crbug.com/369219127 @ :0
[   27644ms] [WARNING] The powerPreference option is currently ignored when calling requestAdapter() on Windows. See https://crbug.com/369219127 @ :0
[   27660ms] [WARNING] The powerPreference option is currently ignored when calling requestAdapter() on Windows. See https://crbug.com/369219127 @ :0
[   27675ms] [WARNING] The powerPreference option is currently ignored when calling requestAdapter() on Windows. See https://crbug.com/369219127 @ :0
[   27708ms] [WARNING] The powerPreference option is currently ignored when calling requestAdapter() on Windows. See https://crbug.com/369219127 @ :0
[   27724ms] [WARNING] The powerPreference option is currently ignored when calling requestAdapter() on Windows. See https://crbug.com/369219127 @ :0
[   27767ms] [WARNING] The powerPreference option is currently ignored when calling requestAdapter() on Windows. See https://crbug.com/369219127 @ :0
[   27781ms] [WARNING] The powerPreference option is currently ignored when calling requestAdapter() on Windows. See https://crbug.com/369219127 @ :0
[   27801ms] [WARNING] The powerPreference option is currently ignored when calling requestAdapter() on Windows. See https://crbug.com/369219127 @ :0
[   27835ms] [WARNING] The powerPreference option is currently ignored when calling requestAdapter() on Windows. See https://crbug.com/369219127 @ :0
[   45570ms] [WARNING] The powerPreference option is currently ignored when calling requestAdapter() on Windows. See https://crbug.com/369219127 @ :0
[   67128ms] [WARNING] The powerPreference option is currently ignored when calling requestAdapter() on Windows. See https://crbug.com/369219127 @ :0
[   26431ms] [WARNING] The powerPreference option is currently ignored when calling requestAdapter() on Windows. See https://crbug.com/369219127 @ :0
[   27383ms] [WARNING] The powerPreference option is currently ignored when calling requestAdapter() on Windows. See https://crbug.com/369219127 @ :0
[   27582ms] [WARNING] The powerPreference option is currently ignored when calling requestAdapter() on Windows. See https://crbug.com/369219127 @ :0
[   27613ms] [WARNING] The powerPreference option is currently ignored when calling requestAdapter() on Windows. See https://crbug.com/369219127 @ :0
[   27630ms] [WARNING] The powerPreference option is currently ignored when calling requestAdapter() on Windows. See https://crbug.com/369219127 @ :0
[   27644ms] [WARNING] The powerPreference option is currently ignored when calling requestAdapter() on Windows. See https://crbug.com/369219127 @ :0
[   27660ms] [WARNING] The powerPreference option is currently ignored when calling requestAdapter() on Windows. See https://crbug.com/369219127 @ :0
[   27675ms] [WARNING] The powerPreference option is currently ignored when calling requestAdapter() on Windows. See https://crbug.com/369219127 @ :0
[   27708ms] [WARNING] The powerPreference option is currently ignored when calling requestAdapter() on Windows. See https://crbug.com/369219127 @ :0
[   27724ms] [WARNING] The powerPreference option is currently ignored when calling requestAdapter() on Windows. See https://crbug.com/369219127 @ :0
[   27767ms] [WARNING] The powerPreference option is currently ignored when calling requestAdapter() on Windows. See https://crbug.com/369219127 @ :0
[   27781ms] [WARNING] The powerPreference option is currently ignored when calling requestAdapter() on Windows. See https://crbug.com/369219127 @ :0
[   27801ms] [WARNING] The powerPreference option is currently ignored when calling requestAdapter() on Windows. See https://crbug.com/369219127 @ :0
[   27835ms] [WARNING] The powerPreference option is currently ignored when calling requestAdapter() on Windows. See https://crbug.com/369219127 @ :0
[   45570ms] [WARNING] The powerPreference option is currently ignored when calling requestAdapter() on Windows. See https://crbug.com/369219127 @ :0
[   67128ms] [WARNING] The powerPreference option is currently ignored when calling requestAdapter() on Windows. See https://crbug.com/369219127 @ :0
[   26431ms] [WARNING] The powerPreference option is currently ignored when calling requestAdapter() on Windows. See https://crbug.com/369219127 @ :0
[   27383ms] [WARNING] The powerPreference option is currently ignored when calling requestAdapter() on Windows. See https://crbug.com/369219127 @ :0
[   27582ms] [WARNING] The powerPreference option is currently ignored when calling requestAdapter() on Windows. See https://crbug.com/369219127 @ :0
[   27613ms] [WARNING] The powerPreference option is currently ignored when calling requestAdapter() on Windows. See https://crbug.com/369219127 @ :0
[   27630ms] [WARNING] The powerPreference option is currently ignored when calling requestAdapter() on Windows. See https://crbug.com/369219127 @ :0
[   27644ms] [WARNING] The powerPreference option is currently ignored when calling requestAdapter() on Windows. See https://crbug.com/369219127 @ :0
[   27660ms] [WARNING] The powerPreference option is currently ignored when calling requestAdapter() on Windows. See https://crbug.com/369219127 @ :0
[   27675ms] [WARNING] The powerPreference option is currently ignored when calling requestAdapter() on Windows. See https://crbug.com/369219127 @ :0
[   27708ms] [WARNING] The powerPreference option is currently ignored when calling requestAdapter() on Windows. See https://crbug.com/369219127 @ :0
[   27724ms] [WARNING] The powerPreference option is currently ignored when calling requestAdapter() on Windows. See https://crbug.com/369219127 @ :0
[   27767ms] [WARNING] The powerPreference option is currently ignored when calling requestAdapter() on Windows. See https://crbug.com/369219127 @ :0
[   27781ms] [WARNING] The powerPreference option is currently ignored when calling requestAdapter() on Windows. See https://crbug.com/369219127 @ :0
[   27801ms] [WARNING] The powerPreference option is currently ignored when calling requestAdapter() on Windows. See https://crbug.com/369219127 @ :0
[   27835ms] [WARNING] The powerPreference option is currently ignored when calling requestAdapter() on Windows. See https://crbug.com/369219127 @ :0
[   45570ms] [WARNING] The powerPreference option is currently ignored when calling requestAdapter() on Windows. See https://crbug.com/369219127 @ :0
[   67128ms] [WARNING] The powerPreference option is currently ignored when calling requestAdapter() on Windows. See https://crbug.com/369219127 @ :0
[   26431ms] [WARNING] The powerPreference option is currently ignored when calling requestAdapter() on Windows. See https://crbug.com/369219127 @ :0
[   27383ms] [WARNING] The powerPreference option is currently ignored when calling requestAdapter() on Windows. See https://crbug.com/369219127 @ :0
[   27582ms] [WARNING] The powerPreference option is currently ignored when calling requestAdapter() on Windows. See https://crbug.com/369219127 @ :0
[   27613ms] [WARNING] The powerPreference option is currently ignored when calling requestAdapter() on Windows. See https://crbug.com/369219127 @ :0
[   27630ms] [WARNING] The powerPreference option is currently ignored when calling requestAdapter() on Windows. See https://crbug.com/369219127 @ :0
[   27644ms] [WARNING] The powerPreference option is currently ignored when calling requestAdapter() on Windows. See https://crbug.com/369219127 @ :0
[   27660ms] [WARNING] The powerPreference option is currently ignored when calling requestAdapter() on Windows. See https://crbug.com/369219127 @ :0
[   27675ms] [WARNING] The powerPreference option is currently ignored when calling requestAdapter() on Windows. See https://crbug.com/369219127 @ :0
[   27708ms] [WARNING] The powerPreference option is currently ignored when calling requestAdapter() on Windows. See https://crbug.com/369219127 @ :0
[   27724ms] [WARNING] The powerPreference option is currently ignored when calling requestAdapter() on Windows. See https://crbug.com/369219127 @ :0
[   27767ms] [WARNING] The powerPreference option is currently ignored when calling requestAdapter() on Windows. See https://crbug.com/369219127 @ :0
[   27781ms] [WARNING] The powerPreference option is currently ignored when calling requestAdapter() on Windows. See https://crbug.com/369219127 @ :0
[   27801ms] [WARNING] The powerPreference option is currently ignored when calling requestAdapter() on Windows. See https://crbug.com/369219127 @ :0
[   27835ms] [WARNING] The powerPreference option is currently ignored when calling requestAdapter() on Windows. See https://crbug.com/369219127 @ :0
[   45570ms] [WARNING] The powerPreference option is currently ignored when calling requestAdapter() on Windows. See https://crbug.com/369219127 @ :0
[   67128ms] [WARNING] The powerPreference option is currently ignored when calling requestAdapter() on Windows. See https://crbug.com/369219127 @ :0
[   89283ms] [WARNING] The powerPreference option is currently ignored when calling requestAdapter() on Windows. See https://crbug.com/369219127 @ :0
[   91878ms] [WARNING] The powerPreference option is currently ignored when calling requestAdapter() on Windows. See https://crbug.com/369219127 @ :0
[   92870ms] [WARNING] The powerPreference option is currently ignored when calling requestAdapter() on Windows. See https://crbug.com/369219127 @ :0
[   92942ms] [WARNING] The powerPreference option is currently ignored when calling requestAdapter() on Windows. See https://crbug.com/369219127 @ :0
[   92973ms] [WARNING] The powerPreference option is currently ignored when calling requestAdapter() on Windows. See https://crbug.com/369219127 @ :0
[   93024ms] [WARNING] The powerPreference option is currently ignored when calling requestAdapter() on Windows. See https://crbug.com/369219127 @ :0
[   93044ms] [WARNING] The powerPreference option is currently ignored when calling requestAdapter() on Windows. See https://crbug.com/369219127 @ :0
[  104092ms] [LOG] showSection called with: transactions @ https://bakkappan.github.io/Testers-Talk-Practice-Site/Banking-Project-Demo.html:2351
[  104146ms] [LOG] Hidden section: account-section @ https://bakkappan.github.io/Testers-Talk-Practice-Site/Banking-Project-Demo.html:2385
[  104147ms] [LOG] Hidden section: transactions-section @ https://bakkappan.github.io/Testers-Talk-Practice-Site/Banking-Project-Demo.html:2385
[  104147ms] [LOG] Hidden section: confirmation-section @ https://bakkappan.github.io/Testers-Talk-Practice-Site/Banking-Project-Demo.html:2385
[  104147ms] [LOG] Hidden section: success-section @ https://bakkappan.github.io/Testers-Talk-Practice-Site/Banking-Project-Demo.html:2385
[  104147ms] [LOG] Hidden section: history-section @ https://bakkappan.github.io/Testers-Talk-Practice-Site/Banking-Project-Demo.html:2385
[  104147ms] [LOG] Switching to transactions section @ https://bakkappan.github.io/Testers-Talk-Practice-Site/Banking-Project-Demo.html:2408
[  104148ms] [LOG] Looking for section: transactions-section @ https://bakkappan.github.io/Testers-Talk-Practice-Site/Banking-Project-Demo.html:2416
[  104148ms] [LOG] Found section: JSHandle@node @ https://bakkappan.github.io/Testers-Talk-Practice-Site/Banking-Project-Demo.html:2417
[  104150ms] [LOG] Showed section: transactions-section @ https://bakkappan.github.io/Testers-Talk-Practice-Site/Banking-Project-Demo.html:2421
[   26431ms] [WARNING] The powerPreference option is currently ignored when calling requestAdapter() on Windows. See https://crbug.com/369219127 @ :0
[   27383ms] [WARNING] The powerPreference option is currently ignored when calling requestAdapter() on Windows. See https://crbug.com/369219127 @ :0
[   27582ms] [WARNING] The powerPreference option is currently ignored when calling requestAdapter() on Windows. See https://crbug.com/369219127 @ :0
[   27613ms] [WARNING] The powerPreference option is currently ignored when calling requestAdapter() on Windows. See https://crbug.com/369219127 @ :0
[   27630ms] [WARNING] The powerPreference option is currently ignored when calling requestAdapter() on Windows. See https://crbug.com/369219127 @ :0
[   27644ms] [WARNING] The powerPreference option is currently ignored when calling requestAdapter() on Windows. See https://crbug.com/369219127 @ :0
[   27660ms] [WARNING] The powerPreference option is currently ignored when calling requestAdapter() on Windows. See https://crbug.com/369219127 @ :0
[   27675ms] [WARNING] The powerPreference option is currently ignored when calling requestAdapter() on Windows. See https://crbug.com/369219127 @ :0
[   27708ms] [WARNING] The powerPreference option is currently ignored when calling requestAdapter() on Windows. See https://crbug.com/369219127 @ :0
[   27724ms] [WARNING] The powerPreference option is currently ignored when calling requestAdapter() on Windows. See https://crbug.com/369219127 @ :0
[   27767ms] [WARNING] The powerPreference option is currently ignored when calling requestAdapter() on Windows. See https://crbug.com/369219127 @ :0
[   27781ms] [WARNING] The powerPreference option is currently ignored when calling requestAdapter() on Windows. See https://crbug.com/369219127 @ :0
[   27801ms] [WARNING] The powerPreference option is currently ignored when calling requestAdapter() on Windows. See https://crbug.com/369219127 @ :0
[   27835ms] [WARNING] The powerPreference option is currently ignored when calling requestAdapter() on Windows. See https://crbug.com/369219127 @ :0
[   45570ms] [WARNING] The powerPreference option is currently ignored when calling requestAdapter() on Windows. See https://crbug.com/369219127 @ :0
[   67128ms] [WARNING] The powerPreference option is currently ignored when calling requestAdapter() on Windows. See https://crbug.com/369219127 @ :0
[   89283ms] [WARNING] The powerPreference option is currently ignored when calling requestAdapter() on Windows. See https://crbug.com/369219127 @ :0
[   91878ms] [WARNING] The powerPreference option is currently ignored when calling requestAdapter() on Windows. See https://crbug.com/369219127 @ :0
[   92870ms] [WARNING] The powerPreference option is currently ignored when calling requestAdapter() on Windows. See https://crbug.com/369219127 @ :0
[   92942ms] [WARNING] The powerPreference option is currently ignored when calling requestAdapter() on Windows. See https://crbug.com/369219127 @ :0
[   92973ms] [WARNING] The powerPreference option is currently ignored when calling requestAdapter() on Windows. See https://crbug.com/369219127 @ :0
[   93024ms] [WARNING] The powerPreference option is currently ignored when calling requestAdapter() on Windows. See https://crbug.com/369219127 @ :0
[   93044ms] [WARNING] The powerPreference option is currently ignored when calling requestAdapter() on Windows. See https://crbug.com/369219127 @ :0
[   26431ms] [WARNING] The powerPreference option is currently ignored when calling requestAdapter() on Windows. See https://crbug.com/369219127 @ :0
[   27383ms] [WARNING] The powerPreference option is currently ignored when calling requestAdapter() on Windows. See https://crbug.com/369219127 @ :0
[   27582ms] [WARNING] The powerPreference option is currently ignored when calling requestAdapter() on Windows. See https://crbug.com/369219127 @ :0
[   27613ms] [WARNING] The powerPreference option is currently ignored when calling requestAdapter() on Windows. See https://crbug.com/369219127 @ :0
[   27630ms] [WARNING] The powerPreference option is currently ignored when calling requestAdapter() on Windows. See https://crbug.com/369219127 @ :0
[   27644ms] [WARNING] The powerPreference option is currently ignored when calling requestAdapter() on Windows. See https://crbug.com/369219127 @ :0
[   27660ms] [WARNING] The powerPreference option is currently ignored when calling requestAdapter() on Windows. See https://crbug.com/369219127 @ :0
[   27675ms] [WARNING] The powerPreference option is currently ignored when calling requestAdapter() on Windows. See https://crbug.com/369219127 @ :0
[   27708ms] [WARNING] The powerPreference option is currently ignored when calling requestAdapter() on Windows. See https://crbug.com/369219127 @ :0
[   27724ms] [WARNING] The powerPreference option is currently ignored when calling requestAdapter() on Windows. See https://crbug.com/369219127 @ :0
[   27767ms] [WARNING] The powerPreference option is currently ignored when calling requestAdapter() on Windows. See https://crbug.com/369219127 @ :0
[   27781ms] [WARNING] The powerPreference option is currently ignored when calling requestAdapter() on Windows. See https://crbug.com/369219127 @ :0
[   27801ms] [WARNING] The powerPreference option is currently ignored when calling requestAdapter() on Windows. See https://crbug.com/369219127 @ :0
[   27835ms] [WARNING] The powerPreference option is currently ignored when calling requestAdapter() on Windows. See https://crbug.com/369219127 @ :0
[   45570ms] [WARNING] The powerPreference option is currently ignored when calling requestAdapter() on Windows. See https://crbug.com/369219127 @ :0
[   67128ms] [WARNING] The powerPreference option is currently ignored when calling requestAdapter() on Windows. See https://crbug.com/369219127 @ :0
[   89283ms] [WARNING] The powerPreference option is currently ignored when calling requestAdapter() on Windows. See https://crbug.com/369219127 @ :0
[   91878ms] [WARNING] The powerPreference option is currently ignored when calling requestAdapter() on Windows. See https://crbug.com/369219127 @ :0
[   92870ms] [WARNING] The powerPreference option is currently ignored when calling requestAdapter() on Windows. See https://crbug.com/369219127 @ :0
[   92942ms] [WARNING] The powerPreference option is currently ignored when calling requestAdapter() on Windows. See https://crbug.com/369219127 @ :0
[   92973ms] [WARNING] The powerPreference option is currently ignored when calling requestAdapter() on Windows. See https://crbug.com/369219127 @ :0
[   93024ms] [WARNING] The powerPreference option is currently ignored when calling requestAdapter() on Windows. See https://crbug.com/369219127 @ :0
[   93044ms] [WARNING] The powerPreference option is currently ignored when calling requestAdapter() on Windows. See https://crbug.com/369219127 @ :0
[   26431ms] [WARNING] The powerPreference option is currently ignored when calling requestAdapter() on Windows. See https://crbug.com/369219127 @ :0
[   27383ms] [WARNING] The powerPreference option is currently ignored when calling requestAdapter() on Windows. See https://crbug.com/369219127 @ :0
[   27582ms] [WARNING] The powerPreference option is currently ignored when calling requestAdapter() on Windows. See https://crbug.com/369219127 @ :0
[   27613ms] [WARNING] The powerPreference option is currently ignored when calling requestAdapter() on Windows. See https://crbug.com/369219127 @ :0
[   27630ms] [WARNING] The powerPreference option is currently ignored when calling requestAdapter() on Windows. See https://crbug.com/369219127 @ :0
[   27644ms] [WARNING] The powerPreference option is currently ignored when calling requestAdapter() on Windows. See https://crbug.com/369219127 @ :0
[   27660ms] [WARNING] The powerPreference option is currently ignored when calling requestAdapter() on Windows. See https://crbug.com/369219127 @ :0
[   27675ms] [WARNING] The powerPreference option is currently ignored when calling requestAdapter() on Windows. See https://crbug.com/369219127 @ :0
[   27708ms] [WARNING] The powerPreference option is currently ignored when calling requestAdapter() on Windows. See https://crbug.com/369219127 @ :0
[   27724ms] [WARNING] The powerPreference option is currently ignored when calling requestAdapter() on Windows. See https://crbug.com/369219127 @ :0
[   27767ms] [WARNING] The powerPreference option is currently ignored when calling requestAdapter() on Windows. See https://crbug.com/369219127 @ :0
[   27781ms] [WARNING] The powerPreference option is currently ignored when calling requestAdapter() on Windows. See https://crbug.com/369219127 @ :0
[   27801ms] [WARNING] The powerPreference option is currently ignored when calling requestAdapter() on Windows. See https://crbug.com/369219127 @ :0
[   27835ms] [WARNING] The powerPreference option is currently ignored when calling requestAdapter() on Windows. See https://crbug.com/369219127 @ :0
[   45570ms] [WARNING] The powerPreference option is currently ignored when calling requestAdapter() on Windows. See https://crbug.com/369219127 @ :0
[   67128ms] [WARNING] The powerPreference option is currently ignored when calling requestAdapter() on Windows. See https://crbug.com/369219127 @ :0
[   89283ms] [WARNING] The powerPreference option is currently ignored when calling requestAdapter() on Windows. See https://crbug.com/369219127 @ :0
[   91878ms] [WARNING] The powerPreference option is currently ignored when calling requestAdapter() on Windows. See https://crbug.com/369219127 @ :0
[   92870ms] [WARNING] The powerPreference option is currently ignored when calling requestAdapter() on Windows. See https://crbug.com/369219127 @ :0
[   92942ms] [WARNING] The powerPreference option is currently ignored when calling requestAdapter() on Windows. See https://crbug.com/369219127 @ :0
[   92973ms] [WARNING] The powerPreference option is currently ignored when calling requestAdapter() on Windows. See https://crbug.com/369219127 @ :0
[   93024ms] [WARNING] The powerPreference option is currently ignored when calling requestAdapter() on Windows. See https://crbug.com/369219127 @ :0
[   93044ms] [WARNING] The powerPreference option is currently ignored when calling requestAdapter() on Windows. See https://crbug.com/369219127 @ :0
[   26431ms] [WARNING] The powerPreference option is currently ignored when calling requestAdapter() on Windows. See https://crbug.com/369219127 @ :0
[   27383ms] [WARNING] The powerPreference option is currently ignored when calling requestAdapter() on Windows. See https://crbug.com/369219127 @ :0
[   27582ms] [WARNING] The powerPreference option is currently ignored when calling requestAdapter() on Windows. See https://crbug.com/369219127 @ :0
[   27613ms] [WARNING] The powerPreference option is currently ignored when calling requestAdapter() on Windows. See https://crbug.com/369219127 @ :0
[   27630ms] [WARNING] The powerPreference option is currently ignored when calling requestAdapter() on Windows. See https://crbug.com/369219127 @ :0
[   27644ms] [WARNING] The powerPreference option is currently ignored when calling requestAdapter() on Windows. See https://crbug.com/369219127 @ :0
[   27660ms] [WARNING] The powerPreference option is currently ignored when calling requestAdapter() on Windows. See https://crbug.com/369219127 @ :0
[   27675ms] [WARNING] The powerPreference option is currently ignored when calling requestAdapter() on Windows. See https://crbug.com/369219127 @ :0
[   27708ms] [WARNING] The powerPreference option is currently ignored when calling requestAdapter() on Windows. See https://crbug.com/369219127 @ :0
[   27724ms] [WARNING] The powerPreference option is currently ignored when calling requestAdapter() on Windows. See https://crbug.com/369219127 @ :0
[   27767ms] [WARNING] The powerPreference option is currently ignored when calling requestAdapter() on Windows. See https://crbug.com/369219127 @ :0
[   27781ms] [WARNING] The powerPreference option is currently ignored when calling requestAdapter() on Windows. See https://crbug.com/369219127 @ :0
[   27801ms] [WARNING] The powerPreference option is currently ignored when calling requestAdapter() on Windows. See https://crbug.com/369219127 @ :0
[   27835ms] [WARNING] The powerPreference option is currently ignored when calling requestAdapter() on Windows. See https://crbug.com/369219127 @ :0
[   45570ms] [WARNING] The powerPreference option is currently ignored when calling requestAdapter() on Windows. See https://crbug.com/369219127 @ :0
[   67128ms] [WARNING] The powerPreference option is currently ignored when calling requestAdapter() on Windows. See https://crbug.com/369219127 @ :0
[   89283ms] [WARNING] The powerPreference option is currently ignored when calling requestAdapter() on Windows. See https://crbug.com/369219127 @ :0
[   91878ms] [WARNING] The powerPreference option is currently ignored when calling requestAdapter() on Windows. See https://crbug.com/369219127 @ :0
[   92870ms] [WARNING] The powerPreference option is currently ignored when calling requestAdapter() on Windows. See https://crbug.com/369219127 @ :0
[   92942ms] [WARNING] The powerPreference option is currently ignored when calling requestAdapter() on Windows. See https://crbug.com/369219127 @ :0
[   92973ms] [WARNING] The powerPreference option is currently ignored when calling requestAdapter() on Windows. See https://crbug.com/369219127 @ :0
[   93024ms] [WARNING] The powerPreference option is currently ignored when calling requestAdapter() on Windows. See https://crbug.com/369219127 @ :0
[   93044ms] [WARNING] The powerPreference option is currently ignored when calling requestAdapter() on Windows. See https://crbug.com/369219127 @ :0
[   26431ms] [WARNING] The powerPreference option is currently ignored when calling requestAdapter() on Windows. See https://crbug.com/369219127 @ :0
[   27383ms] [WARNING] The powerPreference option is currently ignored when calling requestAdapter() on Windows. See https://crbug.com/369219127 @ :0
[   27582ms] [WARNING] The powerPreference option is currently ignored when calling requestAdapter() on Windows. See https://crbug.com/369219127 @ :0
[   27613ms] [WARNING] The powerPreference option is currently ignored when calling requestAdapter() on Windows. See https://crbug.com/369219127 @ :0
[   27630ms] [WARNING] The powerPreference option is currently ignored when calling requestAdapter() on Windows. See https://crbug.com/369219127 @ :0
[   27644ms] [WARNING] The powerPreference option is currently ignored when calling requestAdapter() on Windows. See https://crbug.com/369219127 @ :0
[   27660ms] [WARNING] The powerPreference option is currently ignored when calling requestAdapter() on Windows. See https://crbug.com/369219127 @ :0
[   27675ms] [WARNING] The powerPreference option is currently ignored when calling requestAdapter() on Windows. See https://crbug.com/369219127 @ :0
[   27708ms] [WARNING] The powerPreference option is currently ignored when calling requestAdapter() on Windows. See https://crbug.com/369219127 @ :0
[   27724ms] [WARNING] The powerPreference option is currently ignored when calling requestAdapter() on Windows. See https://crbug.com/369219127 @ :0
[   27767ms] [WARNING] The powerPreference option is currently ignored when calling requestAdapter() on Windows. See https://crbug.com/369219127 @ :0
[   27781ms] [WARNING] The powerPreference option is currently ignored when calling requestAdapter() on Windows. See https://crbug.com/369219127 @ :0
[   27801ms] [WARNING] The powerPreference option is currently ignored when calling requestAdapter() on Windows. See https://crbug.com/369219127 @ :0
[   27835ms] [WARNING] The powerPreference option is currently ignored when calling requestAdapter() on Windows. See https://crbug.com/369219127 @ :0
[   45570ms] [WARNING] The powerPreference option is currently ignored when calling requestAdapter() on Windows. See https://crbug.com/369219127 @ :0
[   67128ms] [WARNING] The powerPreference option is currently ignored when calling requestAdapter() on Windows. See https://crbug.com/369219127 @ :0
[   89283ms] [WARNING] The powerPreference option is currently ignored when calling requestAdapter() on Windows. See https://crbug.com/369219127 @ :0
[   91878ms] [WARNING] The powerPreference option is currently ignored when calling requestAdapter() on Windows. See https://crbug.com/369219127 @ :0
[   92870ms] [WARNING] The powerPreference option is currently ignored when calling requestAdapter() on Windows. See https://crbug.com/369219127 @ :0
[   92942ms] [WARNING] The powerPreference option is currently ignored when calling requestAdapter() on Windows. See https://crbug.com/369219127 @ :0
[   92973ms] [WARNING] The powerPreference option is currently ignored when calling requestAdapter() on Windows. See https://crbug.com/369219127 @ :0
[   93024ms] [WARNING] The powerPreference option is currently ignored when calling requestAdapter() on Windows. See https://crbug.com/369219127 @ :0
[   93044ms] [WARNING] The powerPreference option is currently ignored when calling requestAdapter() on Windows. See https://crbug.com/369219127 @ :0
[  113878ms] [WARNING] The powerPreference option is currently ignored when calling requestAdapter() on Windows. See https://crbug.com/369219127 @ :0
[  114104ms] [WARNING] The powerPreference option is currently ignored when calling requestAdapter() on Windows. See https://crbug.com/369219127 @ :0
[  114183ms] [WARNING] The powerPreference option is currently ignored when calling requestAdapter() on Windows. See https://crbug.com/369219127 @ :0
[  114203ms] [WARNING] The powerPreference option is currently ignored when calling requestAdapter() on Windows. See https://crbug.com/369219127 @ :0
[  114223ms] [WARNING] The powerPreference option is currently ignored when calling requestAdapter() on Windows. See https://crbug.com/369219127 @ :0
[   26431ms] [WARNING] The powerPreference option is currently ignored when calling requestAdapter() on Windows. See https://crbug.com/369219127 @ :0
[   27383ms] [WARNING] The powerPreference option is currently ignored when calling requestAdapter() on Windows. See https://crbug.com/369219127 @ :0
[   27582ms] [WARNING] The powerPreference option is currently ignored when calling requestAdapter() on Windows. See https://crbug.com/369219127 @ :0
[   27613ms] [WARNING] The powerPreference option is currently ignored when calling requestAdapter() on Windows. See https://crbug.com/369219127 @ :0
[   27630ms] [WARNING] The powerPreference option is currently ignored when calling requestAdapter() on Windows. See https://crbug.com/369219127 @ :0
[   27644ms] [WARNING] The powerPreference option is currently ignored when calling requestAdapter() on Windows. See https://crbug.com/369219127 @ :0
[   27660ms] [WARNING] The powerPreference option is currently ignored when calling requestAdapter() on Windows. See https://crbug.com/369219127 @ :0
[   27675ms] [WARNING] The powerPreference option is currently ignored when calling requestAdapter() on Windows. See https://crbug.com/369219127 @ :0
[   27708ms] [WARNING] The powerPreference option is currently ignored when calling requestAdapter() on Windows. See https://crbug.com/369219127 @ :0
[   27724ms] [WARNING] The powerPreference option is currently ignored when calling requestAdapter() on Windows. See https://crbug.com/369219127 @ :0
[   27767ms] [WARNING] The powerPreference option is currently ignored when calling requestAdapter() on Windows. See https://crbug.com/369219127 @ :0
[   27781ms] [WARNING] The powerPreference option is currently ignored when calling requestAdapter() on Windows. See https://crbug.com/369219127 @ :0
[   27801ms] [WARNING] The powerPreference option is currently ignored when calling requestAdapter() on Windows. See https://crbug.com/369219127 @ :0
[   27835ms] [WARNING] The powerPreference option is currently ignored when calling requestAdapter() on Windows. See https://crbug.com/369219127 @ :0
[   45570ms] [WARNING] The powerPreference option is currently ignored when calling requestAdapter() on Windows. See https://crbug.com/369219127 @ :0
[   67128ms] [WARNING] The powerPreference option is currently ignored when calling requestAdapter() on Windows. See https://crbug.com/369219127 @ :0
[   89283ms] [WARNING] The powerPreference option is currently ignored when calling requestAdapter() on Windows. See https://crbug.com/369219127 @ :0
[   91878ms] [WARNING] The powerPreference option is currently ignored when calling requestAdapter() on Windows. See https://crbug.com/369219127 @ :0
[   92870ms] [WARNING] The powerPreference option is currently ignored when calling requestAdapter() on Windows. See https://crbug.com/369219127 @ :0
[   92942ms] [WARNING] The powerPreference option is currently ignored when calling requestAdapter() on Windows. See https://crbug.com/369219127 @ :0
[   92973ms] [WARNING] The powerPreference option is currently ignored when calling requestAdapter() on Windows. See https://crbug.com/369219127 @ :0
[   93024ms] [WARNING] The powerPreference option is currently ignored when calling requestAdapter() on Windows. See https://crbug.com/369219127 @ :0
[   93044ms] [WARNING] The powerPreference option is currently ignored when calling requestAdapter() on Windows. See https://crbug.com/369219127 @ :0
[  113878ms] [WARNING] The powerPreference option is currently ignored when calling requestAdapter() on Windows. See https://crbug.com/369219127 @ :0
[  114104ms] [WARNING] The powerPreference option is currently ignored when calling requestAdapter() on Windows. See https://crbug.com/369219127 @ :0
[  114183ms] [WARNING] The powerPreference option is currently ignored when calling requestAdapter() on Windows. See https://crbug.com/369219127 @ :0
[  114203ms] [WARNING] The powerPreference option is currently ignored when calling requestAdapter() on Windows. See https://crbug.com/369219127 @ :0
[  114223ms] [WARNING] The powerPreference option is currently ignored when calling requestAdapter() on Windows. See https://crbug.com/369219127 @ :0
[   26431ms] [WARNING] The powerPreference option is currently ignored when calling requestAdapter() on Windows. See https://crbug.com/369219127 @ :0
[   27383ms] [WARNING] The powerPreference option is currently ignored when calling requestAdapter() on Windows. See https://crbug.com/369219127 @ :0
[   27582ms] [WARNING] The powerPreference option is currently ignored when calling requestAdapter() on Windows. See https://crbug.com/369219127 @ :0
[   27613ms] [WARNING] The powerPreference option is currently ignored when calling requestAdapter() on Windows. See https://crbug.com/369219127 @ :0
[   27630ms] [WARNING] The powerPreference option is currently ignored when calling requestAdapter() on Windows. See https://crbug.com/369219127 @ :0
[   27644ms] [WARNING] The powerPreference option is currently ignored when calling requestAdapter() on Windows. See https://crbug.com/369219127 @ :0
[   27660ms] [WARNING] The powerPreference option is currently ignored when calling requestAdapter() on Windows. See https://crbug.com/369219127 @ :0
[   27675ms] [WARNING] The powerPreference option is currently ignored when calling requestAdapter() on Windows. See https://crbug.com/369219127 @ :0
[   27708ms] [WARNING] The powerPreference option is currently ignored when calling requestAdapter() on Windows. See https://crbug.com/369219127 @ :0
[   27724ms] [WARNING] The powerPreference option is currently ignored when calling requestAdapter() on Windows. See https://crbug.com/369219127 @ :0
[   27767ms] [WARNING] The powerPreference option is currently ignored when calling requestAdapter() on Windows. See https://crbug.com/369219127 @ :0
[   27781ms] [WARNING] The powerPreference option is currently ignored when calling requestAdapter() on Windows. See https://crbug.com/369219127 @ :0
[   27801ms] [WARNING] The powerPreference option is currently ignored when calling requestAdapter() on Windows. See https://crbug.com/369219127 @ :0
[   27835ms] [WARNING] The powerPreference option is currently ignored when calling requestAdapter() on Windows. See https://crbug.com/369219127 @ :0
[   45570ms] [WARNING] The powerPreference option is currently ignored when calling requestAdapter() on Windows. See https://crbug.com/369219127 @ :0
[   67128ms] [WARNING] The powerPreference option is currently ignored when calling requestAdapter() on Windows. See https://crbug.com/369219127 @ :0
[   89283ms] [WARNING] The powerPreference option is currently ignored when calling requestAdapter() on Windows. See https://crbug.com/369219127 @ :0
[   91878ms] [WARNING] The powerPreference option is currently ignored when calling requestAdapter() on Windows. See https://crbug.com/369219127 @ :0
[   92870ms] [WARNING] The powerPreference option is currently ignored when calling requestAdapter() on Windows. See https://crbug.com/369219127 @ :0
[   92942ms] [WARNING] The powerPreference option is currently ignored when calling requestAdapter() on Windows. See https://crbug.com/369219127 @ :0
[   92973ms] [WARNING] The powerPreference option is currently ignored when calling requestAdapter() on Windows. See https://crbug.com/369219127 @ :0
[   93024ms] [WARNING] The powerPreference option is currently ignored when calling requestAdapter() on Windows. See https://crbug.com/369219127 @ :0
[   93044ms] [WARNING] The powerPreference option is currently ignored when calling requestAdapter() on Windows. See https://crbug.com/369219127 @ :0
[  113878ms] [WARNING] The powerPreference option is currently ignored when calling requestAdapter() on Windows. See https://crbug.com/369219127 @ :0
[  114104ms] [WARNING] The powerPreference option is currently ignored when calling requestAdapter() on Windows. See https://crbug.com/369219127 @ :0
[  114183ms] [WARNING] The powerPreference option is currently ignored when calling requestAdapter() on Windows. See https://crbug.com/369219127 @ :0
[  114203ms] [WARNING] The powerPreference option is currently ignored when calling requestAdapter() on Windows. See https://crbug.com/369219127 @ :0
[  114223ms] [WARNING] The powerPreference option is currently ignored when calling requestAdapter() on Windows. See https://crbug.com/369219127 @ :0
[   26431ms] [WARNING] The powerPreference option is currently ignored when calling requestAdapter() on Windows. See https://crbug.com/369219127 @ :0
[   27383ms] [WARNING] The powerPreference option is currently ignored when calling requestAdapter() on Windows. See https://crbug.com/369219127 @ :0
[   27582ms] [WARNING] The powerPreference option is currently ignored when calling requestAdapter() on Windows. See https://crbug.com/369219127 @ :0
[   27613ms] [WARNING] The powerPreference option is currently ignored when calling requestAdapter() on Windows. See https://crbug.com/369219127 @ :0
[   27630ms] [WARNING] The powerPreference option is currently ignored when calling requestAdapter() on Windows. See https://crbug.com/369219127 @ :0
[   27644ms] [WARNING] The powerPreference option is currently ignored when calling requestAdapter() on Windows. See https://crbug.com/369219127 @ :0
[   27660ms] [WARNING] The powerPreference option is currently ignored when calling requestAdapter() on Windows. See https://crbug.com/369219127 @ :0
[   27675ms] [WARNING] The powerPreference option is currently ignored when calling requestAdapter() on Windows. See https://crbug.com/369219127 @ :0
[   27708ms] [WARNING] The powerPreference option is currently ignored when calling requestAdapter() on Windows. See https://crbug.com/369219127 @ :0
[   27724ms] [WARNING] The powerPreference option is currently ignored when calling requestAdapter() on Windows. See https://crbug.com/369219127 @ :0
[   27767ms] [WARNING] The powerPreference option is currently ignored when calling requestAdapter() on Windows. See https://crbug.com/369219127 @ :0
[   27781ms] [WARNING] The powerPreference option is currently ignored when calling requestAdapter() on Windows. See https://crbug.com/369219127 @ :0
[   27801ms] [WARNING] The powerPreference option is currently ignored when calling requestAdapter() on Windows. See https://crbug.com/369219127 @ :0
[   27835ms] [WARNING] The powerPreference option is currently ignored when calling requestAdapter() on Windows. See https://crbug.com/369219127 @ :0
[   45570ms] [WARNING] The powerPreference option is currently ignored when calling requestAdapter() on Windows. See https://crbug.com/369219127 @ :0
[   67128ms] [WARNING] The powerPreference option is currently ignored when calling requestAdapter() on Windows. See https://crbug.com/369219127 @ :0
[   89283ms] [WARNING] The powerPreference option is currently ignored when calling requestAdapter() on Windows. See https://crbug.com/369219127 @ :0
[   91878ms] [WARNING] The powerPreference option is currently ignored when calling requestAdapter() on Windows. See https://crbug.com/369219127 @ :0
[   92870ms] [WARNING] The powerPreference option is currently ignored when calling requestAdapter() on Windows. See https://crbug.com/369219127 @ :0
[   92942ms] [WARNING] The powerPreference option is currently ignored when calling requestAdapter() on Windows. See https://crbug.com/369219127 @ :0
[   92973ms] [WARNING] The powerPreference option is currently ignored when calling requestAdapter() on Windows. See https://crbug.com/369219127 @ :0
[   93024ms] [WARNING] The powerPreference option is currently ignored when calling requestAdapter() on Windows. See https://crbug.com/369219127 @ :0
[   93044ms] [WARNING] The powerPreference option is currently ignored when calling requestAdapter() on Windows. See https://crbug.com/369219127 @ :0
[  113878ms] [WARNING] The powerPreference option is currently ignored when calling requestAdapter() on Windows. See https://crbug.com/369219127 @ :0
[  114104ms] [WARNING] The powerPreference option is currently ignored when calling requestAdapter() on Windows. See https://crbug.com/369219127 @ :0
[  114183ms] [WARNING] The powerPreference option is currently ignored when calling requestAdapter() on Windows. See https://crbug.com/369219127 @ :0
[  114203ms] [WARNING] The powerPreference option is currently ignored when calling requestAdapter() on Windows. See https://crbug.com/369219127 @ :0
[  114223ms] [WARNING] The powerPreference option is currently ignored when calling requestAdapter() on Windows. See https://crbug.com/369219127 @ :0
[   26431ms] [WARNING] The powerPreference option is currently ignored when calling requestAdapter() on Windows. See https://crbug.com/369219127 @ :0
[   27383ms] [WARNING] The powerPreference option is currently ignored when calling requestAdapter() on Windows. See https://crbug.com/369219127 @ :0
[   27582ms] [WARNING] The powerPreference option is currently ignored when calling requestAdapter() on Windows. See https://crbug.com/369219127 @ :0
[   27613ms] [WARNING] The powerPreference option is currently ignored when calling requestAdapter() on Windows. See https://crbug.com/369219127 @ :0
[   27630ms] [WARNING] The powerPreference option is currently ignored when calling requestAdapter() on Windows. See https://crbug.com/369219127 @ :0
[   27644ms] [WARNING] The powerPreference option is currently ignored when calling requestAdapter() on Windows. See https://crbug.com/369219127 @ :0
[   27660ms] [WARNING] The powerPreference option is currently ignored when calling requestAdapter() on Windows. See https://crbug.com/369219127 @ :0
[   27675ms] [WARNING] The powerPreference option is currently ignored when calling requestAdapter() on Windows. See https://crbug.com/369219127 @ :0
[   27708ms] [WARNING] The powerPreference option is currently ignored when calling requestAdapter() on Windows. See https://crbug.com/369219127 @ :0
[   27724ms] [WARNING] The powerPreference option is currently ignored when calling requestAdapter() on Windows. See https://crbug.com/369219127 @ :0
[   27767ms] [WARNING] The powerPreference option is currently ignored when calling requestAdapter() on Windows. See https://crbug.com/369219127 @ :0
[   27781ms] [WARNING] The powerPreference option is currently ignored when calling requestAdapter() on Windows. See https://crbug.com/369219127 @ :0
[   27801ms] [WARNING] The powerPreference option is currently ignored when calling requestAdapter() on Windows. See https://crbug.com/369219127 @ :0
[   27835ms] [WARNING] The powerPreference option is currently ignored when calling requestAdapter() on Windows. See https://crbug.com/369219127 @ :0
[   45570ms] [WARNING] The powerPreference option is currently ignored when calling requestAdapter() on Windows. See https://crbug.com/369219127 @ :0
[   67128ms] [WARNING] The powerPreference option is currently ignored when calling requestAdapter() on Windows. See https://crbug.com/369219127 @ :0
[   89283ms] [WARNING] The powerPreference option is currently ignored when calling requestAdapter() on Windows. See https://crbug.com/369219127 @ :0
[   91878ms] [WARNING] The powerPreference option is currently ignored when calling requestAdapter() on Windows. See https://crbug.com/369219127 @ :0
[   92870ms] [WARNING] The powerPreference option is currently ignored when calling requestAdapter() on Windows. See https://crbug.com/369219127 @ :0
[   92942ms] [WARNING] The powerPreference option is currently ignored when calling requestAdapter() on Windows. See https://crbug.com/369219127 @ :0
[   92973ms] [WARNING] The powerPreference option is currently ignored when calling requestAdapter() on Windows. See https://crbug.com/369219127 @ :0
[   93024ms] [WARNING] The powerPreference option is currently ignored when calling requestAdapter() on Windows. See https://crbug.com/369219127 @ :0
[   93044ms] [WARNING] The powerPreference option is currently ignored when calling requestAdapter() on Windows. See https://crbug.com/369219127 @ :0
[  113878ms] [WARNING] The powerPreference option is currently ignored when calling requestAdapter() on Windows. See https://crbug.com/369219127 @ :0
[  114104ms] [WARNING] The powerPreference option is currently ignored when calling requestAdapter() on Windows. See https://crbug.com/369219127 @ :0
[  114183ms] [WARNING] The powerPreference option is currently ignored when calling requestAdapter() on Windows. See https://crbug.com/369219127 @ :0
[  114203ms] [WARNING] The powerPreference option is currently ignored when calling requestAdapter() on Windows. See https://crbug.com/369219127 @ :0
[  114223ms] [WARNING] The powerPreference option is currently ignored when calling requestAdapter() on Windows. See https://crbug.com/369219127 @ :0
[   26431ms] [WARNING] The powerPreference option is currently ignored when calling requestAdapter() on Windows. See https://crbug.com/369219127 @ :0
[   27383ms] [WARNING] The powerPreference option is currently ignored when calling requestAdapter() on Windows. See https://crbug.com/369219127 @ :0
[   27582ms] [WARNING] The powerPreference option is currently ignored when calling requestAdapter() on Windows. See https://crbug.com/369219127 @ :0
[   27613ms] [WARNING] The powerPreference option is currently ignored when calling requestAdapter() on Windows. See https://crbug.com/369219127 @ :0
[   27630ms] [WARNING] The powerPreference option is currently ignored when calling requestAdapter() on Windows. See https://crbug.com/369219127 @ :0
[   27644ms] [WARNING] The powerPreference option is currently ignored when calling requestAdapter() on Windows. See https://crbug.com/369219127 @ :0
[   27660ms] [WARNING] The powerPreference option is currently ignored when calling requestAdapter() on Windows. See https://crbug.com/369219127 @ :0
[   27675ms] [WARNING] The powerPreference option is currently ignored when calling requestAdapter() on Windows. See https://crbug.com/369219127 @ :0
[   27708ms] [WARNING] The powerPreference option is currently ignored when calling requestAdapter() on Windows. See https://crbug.com/369219127 @ :0
[   27724ms] [WARNING] The powerPreference option is currently ignored when calling requestAdapter() on Windows. See https://crbug.com/369219127 @ :0
[   27767ms] [WARNING] The powerPreference option is currently ignored when calling requestAdapter() on Windows. See https://crbug.com/369219127 @ :0
[   27781ms] [WARNING] The powerPreference option is currently ignored when calling requestAdapter() on Windows. See https://crbug.com/369219127 @ :0
[   27801ms] [WARNING] The powerPreference option is currently ignored when calling requestAdapter() on Windows. See https://crbug.com/369219127 @ :0
[   27835ms] [WARNING] The powerPreference option is currently ignored when calling requestAdapter() on Windows. See https://crbug.com/369219127 @ :0
[   45570ms] [WARNING] The powerPreference option is currently ignored when calling requestAdapter() on Windows. See https://crbug.com/369219127 @ :0
[   67128ms] [WARNING] The powerPreference option is currently ignored when calling requestAdapter() on Windows. See https://crbug.com/369219127 @ :0
[   89283ms] [WARNING] The powerPreference option is currently ignored when calling requestAdapter() on Windows. See https://crbug.com/369219127 @ :0
[   91878ms] [WARNING] The powerPreference option is currently ignored when calling requestAdapter() on Windows. See https://crbug.com/369219127 @ :0
[   92870ms] [WARNING] The powerPreference option is currently ignored when calling requestAdapter() on Windows. See https://crbug.com/369219127 @ :0
[   92942ms] [WARNING] The powerPreference option is currently ignored when calling requestAdapter() on Windows. See https://crbug.com/369219127 @ :0
[   92973ms] [WARNING] The powerPreference option is currently ignored when calling requestAdapter() on Windows. See https://crbug.com/369219127 @ :0
[   93024ms] [WARNING] The powerPreference option is currently ignored when calling requestAdapter() on Windows. See https://crbug.com/369219127 @ :0
[   93044ms] [WARNING] The powerPreference option is currently ignored when calling requestAdapter() on Windows. See https://crbug.com/369219127 @ :0
[  113878ms] [WARNING] The powerPreference option is currently ignored when calling requestAdapter() on Windows. See https://crbug.com/369219127 @ :0
[  114104ms] [WARNING] The powerPreference option is currently ignored when calling requestAdapter() on Windows. See https://crbug.com/369219127 @ :0
[  114183ms] [WARNING] The powerPreference option is currently ignored when calling requestAdapter() on Windows. See https://crbug.com/369219127 @ :0
[  114203ms] [WARNING] The powerPreference option is currently ignored when calling requestAdapter() on Windows. See https://crbug.com/369219127 @ :0
[  114223ms] [WARNING] The powerPreference option is currently ignored when calling requestAdapter() on Windows. See https://crbug.com/369219127 @ :0
[   26431ms] [WARNING] The powerPreference option is currently ignored when calling requestAdapter() on Windows. See https://crbug.com/369219127 @ :0
[   27383ms] [WARNING] The powerPreference option is currently ignored when calling requestAdapter() on Windows. See https://crbug.com/369219127 @ :0
[   27582ms] [WARNING] The powerPreference option is currently ignored when calling requestAdapter() on Windows. See https://crbug.com/369219127 @ :0
[   27613ms] [WARNING] The powerPreference option is currently ignored when calling requestAdapter() on Windows. See https://crbug.com/369219127 @ :0
[   27630ms] [WARNING] The powerPreference option is currently ignored when calling requestAdapter() on Windows. See https://crbug.com/369219127 @ :0
[   27644ms] [WARNING] The powerPreference option is currently ignored when calling requestAdapter() on Windows. See https://crbug.com/369219127 @ :0
[   27660ms] [WARNING] The powerPreference option is currently ignored when calling requestAdapter() on Windows. See https://crbug.com/369219127 @ :0
[   27675ms] [WARNING] The powerPreference option is currently ignored when calling requestAdapter() on Windows. See https://crbug.com/369219127 @ :0
[   27708ms] [WARNING] The powerPreference option is currently ignored when calling requestAdapter() on Windows. See https://crbug.com/369219127 @ :0
[   27724ms] [WARNING] The powerPreference option is currently ignored when calling requestAdapter() on Windows. See https://crbug.com/369219127 @ :0
[   27767ms] [WARNING] The powerPreference option is currently ignored when calling requestAdapter() on Windows. See https://crbug.com/369219127 @ :0
[   27781ms] [WARNING] The powerPreference option is currently ignored when calling requestAdapter() on Windows. See https://crbug.com/369219127 @ :0
[   27801ms] [WARNING] The powerPreference option is currently ignored when calling requestAdapter() on Windows. See https://crbug.com/369219127 @ :0
[   27835ms] [WARNING] The powerPreference option is currently ignored when calling requestAdapter() on Windows. See https://crbug.com/369219127 @ :0
[   45570ms] [WARNING] The powerPreference option is currently ignored when calling requestAdapter() on Windows. See https://crbug.com/369219127 @ :0
[   67128ms] [WARNING] The powerPreference option is currently ignored when calling requestAdapter() on Windows. See https://crbug.com/369219127 @ :0
[   89283ms] [WARNING] The powerPreference option is currently ignored when calling requestAdapter() on Windows. See https://crbug.com/369219127 @ :0
[   91878ms] [WARNING] The powerPreference option is currently ignored when calling requestAdapter() on Windows. See https://crbug.com/369219127 @ :0
[   92870ms] [WARNING] The powerPreference option is currently ignored when calling requestAdapter() on Windows. See https://crbug.com/369219127 @ :0
[   92942ms] [WARNING] The powerPreference option is currently ignored when calling requestAdapter() on Windows. See https://crbug.com/369219127 @ :0
[   92973ms] [WARNING] The powerPreference option is currently ignored when calling requestAdapter() on Windows. See https://crbug.com/369219127 @ :0
[   93024ms] [WARNING] The powerPreference option is currently ignored when calling requestAdapter() on Windows. See https://crbug.com/369219127 @ :0
[   93044ms] [WARNING] The powerPreference option is currently ignored when calling requestAdapter() on Windows. See https://crbug.com/369219127 @ :0
[  113878ms] [WARNING] The powerPreference option is currently ignored when calling requestAdapter() on Windows. See https://crbug.com/369219127 @ :0
[  114104ms] [WARNING] The powerPreference option is currently ignored when calling requestAdapter() on Windows. See https://crbug.com/369219127 @ :0
[  114183ms] [WARNING] The powerPreference option is currently ignored when calling requestAdapter() on Windows. See https://crbug.com/369219127 @ :0
[  114203ms] [WARNING] The powerPreference option is currently ignored when calling requestAdapter() on Windows. See https://crbug.com/369219127 @ :0
[  114223ms] [WARNING] The powerPreference option is currently ignored when calling requestAdapter() on Windows. See https://crbug.com/369219127 @ :0
[   26431ms] [WARNING] The powerPreference option is currently ignored when calling requestAdapter() on Windows. See https://crbug.com/369219127 @ :0
[   27383ms] [WARNING] The powerPreference option is currently ignored when calling requestAdapter() on Windows. See https://crbug.com/369219127 @ :0
[   27582ms] [WARNING] The powerPreference option is currently ignored when calling requestAdapter() on Windows. See https://crbug.com/369219127 @ :0
[   27613ms] [WARNING] The powerPreference option is currently ignored when calling requestAdapter() on Windows. See https://crbug.com/369219127 @ :0
[   27630ms] [WARNING] The powerPreference option is currently ignored when calling requestAdapter() on Windows. See https://crbug.com/369219127 @ :0
[   27644ms] [WARNING] The powerPreference option is currently ignored when calling requestAdapter() on Windows. See https://crbug.com/369219127 @ :0
[   27660ms] [WARNING] The powerPreference option is currently ignored when calling requestAdapter() on Windows. See https://crbug.com/369219127 @ :0
[   27675ms] [WARNING] The powerPreference option is currently ignored when calling requestAdapter() on Windows. See https://crbug.com/369219127 @ :0
[   27708ms] [WARNING] The powerPreference option is currently ignored when calling requestAdapter() on Windows. See https://crbug.com/369219127 @ :0
[   27724ms] [WARNING] The powerPreference option is currently ignored when calling requestAdapter() on Windows. See https://crbug.com/369219127 @ :0
[   27767ms] [WARNING] The powerPreference option is currently ignored when calling requestAdapter() on Windows. See https://crbug.com/369219127 @ :0
[   27781ms] [WARNING] The powerPreference option is currently ignored when calling requestAdapter() on Windows. See https://crbug.com/369219127 @ :0
[   27801ms] [WARNING] The powerPreference option is currently ignored when calling requestAdapter() on Windows. See https://crbug.com/369219127 @ :0
[   27835ms] [WARNING] The powerPreference option is currently ignored when calling requestAdapter() on Windows. See https://crbug.com/369219127 @ :0
[   45570ms] [WARNING] The powerPreference option is currently ignored when calling requestAdapter() on Windows. See https://crbug.com/369219127 @ :0
[   67128ms] [WARNING] The powerPreference option is currently ignored when calling requestAdapter() on Windows. See https://crbug.com/369219127 @ :0
[   89283ms] [WARNING] The powerPreference option is currently ignored when calling requestAdapter() on Windows. See https://crbug.com/369219127 @ :0
[   91878ms] [WARNING] The powerPreference option is currently ignored when calling requestAdapter() on Windows. See https://crbug.com/369219127 @ :0
[   92870ms] [WARNING] The powerPreference option is currently ignored when calling requestAdapter() on Windows. See https://crbug.com/369219127 @ :0
[   92942ms] [WARNING] The powerPreference option is currently ignored when calling requestAdapter() on Windows. See https://crbug.com/369219127 @ :0
[   92973ms] [WARNING] The powerPreference option is currently ignored when calling requestAdapter() on Windows. See https://crbug.com/369219127 @ :0
[   93024ms] [WARNING] The powerPreference option is currently ignored when calling requestAdapter() on Windows. See https://crbug.com/369219127 @ :0
[   93044ms] [WARNING] The powerPreference option is currently ignored when calling requestAdapter() on Windows. See https://crbug.com/369219127 @ :0
[  113878ms] [WARNING] The powerPreference option is currently ignored when calling requestAdapter() on Windows. See https://crbug.com/369219127 @ :0
[  114104ms] [WARNING] The powerPreference option is currently ignored when calling requestAdapter() on Windows. See https://crbug.com/369219127 @ :0
[  114183ms] [WARNING] The powerPreference option is currently ignored when calling requestAdapter() on Windows. See https://crbug.com/369219127 @ :0
[  114203ms] [WARNING] The powerPreference option is currently ignored when calling requestAdapter() on Windows. See https://crbug.com/369219127 @ :0
[  114223ms] [WARNING] The powerPreference option is currently ignored when calling requestAdapter() on Windows. See https://crbug.com/369219127 @ :0
[  159108ms] [LOG] showTransactionConfirmation function called @ https://bakkappan.github.io/Testers-Talk-Practice-Site/Banking-Project-Demo.html:2183
[  159109ms] [LOG] Confirmation section should be visible now @ https://bakkappan.github.io/Testers-Talk-Practice-Site/Banking-Project-Demo.html:2214
[  164059ms] [WARNING] The powerPreference option is currently ignored when calling requestAdapter() on Windows. See https://crbug.com/369219127 @ :0
[   26431ms] [WARNING] The powerPreference option is currently ignored when calling requestAdapter() on Windows. See https://crbug.com/369219127 @ :0
[   27383ms] [WARNING] The powerPreference option is currently ignored when calling requestAdapter() on Windows. See https://crbug.com/369219127 @ :0
[   27582ms] [WARNING] The powerPreference option is currently ignored when calling requestAdapter() on Windows. See https://crbug.com/369219127 @ :0
[   27613ms] [WARNING] The powerPreference option is currently ignored when calling requestAdapter() on Windows. See https://crbug.com/369219127 @ :0
[   27630ms] [WARNING] The powerPreference option is currently ignored when calling requestAdapter() on Windows. See https://crbug.com/369219127 @ :0
[   27644ms] [WARNING] The powerPreference option is currently ignored when calling requestAdapter() on Windows. See https://crbug.com/369219127 @ :0
[   27660ms] [WARNING] The powerPreference option is currently ignored when calling requestAdapter() on Windows. See https://crbug.com/369219127 @ :0
[   27675ms] [WARNING] The powerPreference option is currently ignored when calling requestAdapter() on Windows. See https://crbug.com/369219127 @ :0
[   27708ms] [WARNING] The powerPreference option is currently ignored when calling requestAdapter() on Windows. See https://crbug.com/369219127 @ :0
[   27724ms] [WARNING] The powerPreference option is currently ignored when calling requestAdapter() on Windows. See https://crbug.com/369219127 @ :0
[   27767ms] [WARNING] The powerPreference option is currently ignored when calling requestAdapter() on Windows. See https://crbug.com/369219127 @ :0
[   27781ms] [WARNING] The powerPreference option is currently ignored when calling requestAdapter() on Windows. See https://crbug.com/369219127 @ :0
[   27801ms] [WARNING] The powerPreference option is currently ignored when calling requestAdapter() on Windows. See https://crbug.com/369219127 @ :0
[   27835ms] [WARNING] The powerPreference option is currently ignored when calling requestAdapter() on Windows. See https://crbug.com/369219127 @ :0
[   45570ms] [WARNING] The powerPreference option is currently ignored when calling requestAdapter() on Windows. See https://crbug.com/369219127 @ :0
[   67128ms] [WARNING] The powerPreference option is currently ignored when calling requestAdapter() on Windows. See https://crbug.com/369219127 @ :0
[   89283ms] [WARNING] The powerPreference option is currently ignored when calling requestAdapter() on Windows. See https://crbug.com/369219127 @ :0
[   91878ms] [WARNING] The powerPreference option is currently ignored when calling requestAdapter() on Windows. See https://crbug.com/369219127 @ :0
[   92870ms] [WARNING] The powerPreference option is currently ignored when calling requestAdapter() on Windows. See https://crbug.com/369219127 @ :0
[   92942ms] [WARNING] The powerPreference option is currently ignored when calling requestAdapter() on Windows. See https://crbug.com/369219127 @ :0
[   92973ms] [WARNING] The powerPreference option is currently ignored when calling requestAdapter() on Windows. See https://crbug.com/369219127 @ :0
[   93024ms] [WARNING] The powerPreference option is currently ignored when calling requestAdapter() on Windows. See https://crbug.com/369219127 @ :0
[   93044ms] [WARNING] The powerPreference option is currently ignored when calling requestAdapter() on Windows. See https://crbug.com/369219127 @ :0
[  113878ms] [WARNING] The powerPreference option is currently ignored when calling requestAdapter() on Windows. See https://crbug.com/369219127 @ :0
[  114104ms] [WARNING] The powerPreference option is currently ignored when calling requestAdapter() on Windows. See https://crbug.com/369219127 @ :0
[  114183ms] [WARNING] The powerPreference option is currently ignored when calling requestAdapter() on Windows. See https://crbug.com/369219127 @ :0
[  114203ms] [WARNING] The powerPreference option is currently ignored when calling requestAdapter() on Windows. See https://crbug.com/369219127 @ :0
[  114223ms] [WARNING] The powerPreference option is currently ignored when calling requestAdapter() on Windows. See https://crbug.com/369219127 @ :0
[  164059ms] [WARNING] The powerPreference option is currently ignored when calling requestAdapter() on Windows. See https://crbug.com/369219127 @ :0
[  168287ms] [WARNING] The powerPreference option is currently ignored when calling requestAdapter() on Windows. See https://crbug.com/369219127 @ :0
[   26431ms] [WARNING] The powerPreference option is currently ignored when calling requestAdapter() on Windows. See https://crbug.com/369219127 @ :0
[   27383ms] [WARNING] The powerPreference option is currently ignored when calling requestAdapter() on Windows. See https://crbug.com/369219127 @ :0
[   27582ms] [WARNING] The powerPreference option is currently ignored when calling requestAdapter() on Windows. See https://crbug.com/369219127 @ :0
[   27613ms] [WARNING] The powerPreference option is currently ignored when calling requestAdapter() on Windows. See https://crbug.com/369219127 @ :0
[   27630ms] [WARNING] The powerPreference option is currently ignored when calling requestAdapter() on Windows. See https://crbug.com/369219127 @ :0
[   27644ms] [WARNING] The powerPreference option is currently ignored when calling requestAdapter() on Windows. See https://crbug.com/369219127 @ :0
[   27660ms] [WARNING] The powerPreference option is currently ignored when calling requestAdapter() on Windows. See https://crbug.com/369219127 @ :0
[   27675ms] [WARNING] The powerPreference option is currently ignored when calling requestAdapter() on Windows. See https://crbug.com/369219127 @ :0
[   27708ms] [WARNING] The powerPreference option is currently ignored when calling requestAdapter() on Windows. See https://crbug.com/369219127 @ :0
[   27724ms] [WARNING] The powerPreference option is currently ignored when calling requestAdapter() on Windows. See https://crbug.com/369219127 @ :0
[   27767ms] [WARNING] The powerPreference option is currently ignored when calling requestAdapter() on Windows. See https://crbug.com/369219127 @ :0
[   27781ms] [WARNING] The powerPreference option is currently ignored when calling requestAdapter() on Windows. See https://crbug.com/369219127 @ :0
[   27801ms] [WARNING] The powerPreference option is currently ignored when calling requestAdapter() on Windows. See https://crbug.com/369219127 @ :0
[   27835ms] [WARNING] The powerPreference option is currently ignored when calling requestAdapter() on Windows. See https://crbug.com/369219127 @ :0
[   45570ms] [WARNING] The powerPreference option is currently ignored when calling requestAdapter() on Windows. See https://crbug.com/369219127 @ :0
[   67128ms] [WARNING] The powerPreference option is currently ignored when calling requestAdapter() on Windows. See https://crbug.com/369219127 @ :0
[   89283ms] [WARNING] The powerPreference option is currently ignored when calling requestAdapter() on Windows. See https://crbug.com/369219127 @ :0
[   91878ms] [WARNING] The powerPreference option is currently ignored when calling requestAdapter() on Windows. See https://crbug.com/369219127 @ :0
[   92870ms] [WARNING] The powerPreference option is currently ignored when calling requestAdapter() on Windows. See https://crbug.com/369219127 @ :0
[   92942ms] [WARNING] The powerPreference option is currently ignored when calling requestAdapter() on Windows. See https://crbug.com/369219127 @ :0
[   92973ms] [WARNING] The powerPreference option is currently ignored when calling requestAdapter() on Windows. See https://crbug.com/369219127 @ :0
[   93024ms] [WARNING] The powerPreference option is currently ignored when calling requestAdapter() on Windows. See https://crbug.com/369219127 @ :0
[   93044ms] [WARNING] The powerPreference option is currently ignored when calling requestAdapter() on Windows. See https://crbug.com/369219127 @ :0
[  113878ms] [WARNING] The powerPreference option is currently ignored when calling requestAdapter() on Windows. See https://crbug.com/369219127 @ :0
[  114104ms] [WARNING] The powerPreference option is currently ignored when calling requestAdapter() on Windows. See https://crbug.com/369219127 @ :0
[  114183ms] [WARNING] The powerPreference option is currently ignored when calling requestAdapter() on Windows. See https://crbug.com/369219127 @ :0
[  114203ms] [WARNING] The powerPreference option is currently ignored when calling requestAdapter() on Windows. See https://crbug.com/369219127 @ :0
[  114223ms] [WARNING] The powerPreference option is currently ignored when calling requestAdapter() on Windows. See https://crbug.com/369219127 @ :0
[  164059ms] [WARNING] The powerPreference option is currently ignored when calling requestAdapter() on Windows. See https://crbug.com/369219127 @ :0
[  168287ms] [WARNING] The powerPreference option is currently ignored when calling requestAdapter() on Windows. See https://crbug.com/369219127 @ :0
[   26431ms] [WARNING] The powerPreference option is currently ignored when calling requestAdapter() on Windows. See https://crbug.com/369219127 @ :0
[   27383ms] [WARNING] The powerPreference option is currently ignored when calling requestAdapter() on Windows. See https://crbug.com/369219127 @ :0
[   27582ms] [WARNING] The powerPreference option is currently ignored when calling requestAdapter() on Windows. See https://crbug.com/369219127 @ :0
[   27613ms] [WARNING] The powerPreference option is currently ignored when calling requestAdapter() on Windows. See https://crbug.com/369219127 @ :0
[   27630ms] [WARNING] The powerPreference option is currently ignored when calling requestAdapter() on Windows. See https://crbug.com/369219127 @ :0
[   27644ms] [WARNING] The powerPreference option is currently ignored when calling requestAdapter() on Windows. See https://crbug.com/369219127 @ :0
[   27660ms] [WARNING] The powerPreference option is currently ignored when calling requestAdapter() on Windows. See https://crbug.com/369219127 @ :0
[   27675ms] [WARNING] The powerPreference option is currently ignored when calling requestAdapter() on Windows. See https://crbug.com/369219127 @ :0
[   27708ms] [WARNING] The powerPreference option is currently ignored when calling requestAdapter() on Windows. See https://crbug.com/369219127 @ :0
[   27724ms] [WARNING] The powerPreference option is currently ignored when calling requestAdapter() on Windows. See https://crbug.com/369219127 @ :0
[   27767ms] [WARNING] The powerPreference option is currently ignored when calling requestAdapter() on Windows. See https://crbug.com/369219127 @ :0
[   27781ms] [WARNING] The powerPreference option is currently ignored when calling requestAdapter() on Windows. See https://crbug.com/369219127 @ :0
[   27801ms] [WARNING] The powerPreference option is currently ignored when calling requestAdapter() on Windows. See https://crbug.com/369219127 @ :0
[   27835ms] [WARNING] The powerPreference option is currently ignored when calling requestAdapter() on Windows. See https://crbug.com/369219127 @ :0
[   45570ms] [WARNING] The powerPreference option is currently ignored when calling requestAdapter() on Windows. See https://crbug.com/369219127 @ :0
[   67128ms] [WARNING] The powerPreference option is currently ignored when calling requestAdapter() on Windows. See https://crbug.com/369219127 @ :0
[   89283ms] [WARNING] The powerPreference option is currently ignored when calling requestAdapter() on Windows. See https://crbug.com/369219127 @ :0
[   91878ms] [WARNING] The powerPreference option is currently ignored when calling requestAdapter() on Windows. See https://crbug.com/369219127 @ :0
[   92870ms] [WARNING] The powerPreference option is currently ignored when calling requestAdapter() on Windows. See https://crbug.com/369219127 @ :0
[   92942ms] [WARNING] The powerPreference option is currently ignored when calling requestAdapter() on Windows. See https://crbug.com/369219127 @ :0
[   92973ms] [WARNING] The powerPreference option is currently ignored when calling requestAdapter() on Windows. See https://crbug.com/369219127 @ :0
[   93024ms] [WARNING] The powerPreference option is currently ignored when calling requestAdapter() on Windows. See https://crbug.com/369219127 @ :0
[   93044ms] [WARNING] The powerPreference option is currently ignored when calling requestAdapter() on Windows. See https://crbug.com/369219127 @ :0
[  113878ms] [WARNING] The powerPreference option is currently ignored when calling requestAdapter() on Windows. See https://crbug.com/369219127 @ :0
[  114104ms] [WARNING] The powerPreference option is currently ignored when calling requestAdapter() on Windows. See https://crbug.com/369219127 @ :0
[  114183ms] [WARNING] The powerPreference option is currently ignored when calling requestAdapter() on Windows. See https://crbug.com/369219127 @ :0
[  114203ms] [WARNING] The powerPreference option is currently ignored when calling requestAdapter() on Windows. See https://crbug.com/369219127 @ :0
[  114223ms] [WARNING] The powerPreference option is currently ignored when calling requestAdapter() on Windows. See https://crbug.com/369219127 @ :0
[  164059ms] [WARNING] The powerPreference option is currently ignored when calling requestAdapter() on Windows. See https://crbug.com/369219127 @ :0
[  168287ms] [WARNING] The powerPreference option is currently ignored when calling requestAdapter() on Windows. See https://crbug.com/369219127 @ :0
[   26431ms] [WARNING] The powerPreference option is currently ignored when calling requestAdapter() on Windows. See https://crbug.com/369219127 @ :0
[   27383ms] [WARNING] The powerPreference option is currently ignored when calling requestAdapter() on Windows. See https://crbug.com/369219127 @ :0
[   27582ms] [WARNING] The powerPreference option is currently ignored when calling requestAdapter() on Windows. See https://crbug.com/369219127 @ :0
[   27613ms] [WARNING] The powerPreference option is currently ignored when calling requestAdapter() on Windows. See https://crbug.com/369219127 @ :0
[   27630ms] [WARNING] The powerPreference option is currently ignored when calling requestAdapter() on Windows. See https://crbug.com/369219127 @ :0
[   27644ms] [WARNING] The powerPreference option is currently ignored when calling requestAdapter() on Windows. See https://crbug.com/369219127 @ :0
[   27660ms] [WARNING] The powerPreference option is currently ignored when calling requestAdapter() on Windows. See https://crbug.com/369219127 @ :0
[   27675ms] [WARNING] The powerPreference option is currently ignored when calling requestAdapter() on Windows. See https://crbug.com/369219127 @ :0
[   27708ms] [WARNING] The powerPreference option is currently ignored when calling requestAdapter() on Windows. See https://crbug.com/369219127 @ :0
[   27724ms] [WARNING] The powerPreference option is currently ignored when calling requestAdapter() on Windows. See https://crbug.com/369219127 @ :0
[   27767ms] [WARNING] The powerPreference option is currently ignored when calling requestAdapter() on Windows. See https://crbug.com/369219127 @ :0
[   27781ms] [WARNING] The powerPreference option is currently ignored when calling requestAdapter() on Windows. See https://crbug.com/369219127 @ :0
[   27801ms] [WARNING] The powerPreference option is currently ignored when calling requestAdapter() on Windows. See https://crbug.com/369219127 @ :0
[   27835ms] [WARNING] The powerPreference option is currently ignored when calling requestAdapter() on Windows. See https://crbug.com/369219127 @ :0
[   45570ms] [WARNING] The powerPreference option is currently ignored when calling requestAdapter() on Windows. See https://crbug.com/369219127 @ :0
[   67128ms] [WARNING] The powerPreference option is currently ignored when calling requestAdapter() on Windows. See https://crbug.com/369219127 @ :0
[   89283ms] [WARNING] The powerPreference option is currently ignored when calling requestAdapter() on Windows. See https://crbug.com/369219127 @ :0
[   91878ms] [WARNING] The powerPreference option is currently ignored when calling requestAdapter() on Windows. See https://crbug.com/369219127 @ :0
[   92870ms] [WARNING] The powerPreference option is currently ignored when calling requestAdapter() on Windows. See https://crbug.com/369219127 @ :0
[   92942ms] [WARNING] The powerPreference option is currently ignored when calling requestAdapter() on Windows. See https://crbug.com/369219127 @ :0
[   92973ms] [WARNING] The powerPreference option is currently ignored when calling requestAdapter() on Windows. See https://crbug.com/369219127 @ :0
[   93024ms] [WARNING] The powerPreference option is currently ignored when calling requestAdapter() on Windows. See https://crbug.com/369219127 @ :0
[   93044ms] [WARNING] The powerPreference option is currently ignored when calling requestAdapter() on Windows. See https://crbug.com/369219127 @ :0
[  113878ms] [WARNING] The powerPreference option is currently ignored when calling requestAdapter() on Windows. See https://crbug.com/369219127 @ :0
[  114104ms] [WARNING] The powerPreference option is currently ignored when calling requestAdapter() on Windows. See https://crbug.com/369219127 @ :0
[  114183ms] [WARNING] The powerPreference option is currently ignored when calling requestAdapter() on Windows. See https://crbug.com/369219127 @ :0
[  114203ms] [WARNING] The powerPreference option is currently ignored when calling requestAdapter() on Windows. See https://crbug.com/369219127 @ :0
[  114223ms] [WARNING] The powerPreference option is currently ignored when calling requestAdapter() on Windows. See https://crbug.com/369219127 @ :0
[  164059ms] [WARNING] The powerPreference option is currently ignored when calling requestAdapter() on Windows. See https://crbug.com/369219127 @ :0
[  168287ms] [WARNING] The powerPreference option is currently ignored when calling requestAdapter() on Windows. See https://crbug.com/369219127 @ :0
[   26431ms] [WARNING] The powerPreference option is currently ignored when calling requestAdapter() on Windows. See https://crbug.com/369219127 @ :0
[   27383ms] [WARNING] The powerPreference option is currently ignored when calling requestAdapter() on Windows. See https://crbug.com/369219127 @ :0
[   27582ms] [WARNING] The powerPreference option is currently ignored when calling requestAdapter() on Windows. See https://crbug.com/369219127 @ :0
[   27613ms] [WARNING] The powerPreference option is currently ignored when calling requestAdapter() on Windows. See https://crbug.com/369219127 @ :0
[   27630ms] [WARNING] The powerPreference option is currently ignored when calling requestAdapter() on Windows. See https://crbug.com/369219127 @ :0
[   27644ms] [WARNING] The powerPreference option is currently ignored when calling requestAdapter() on Windows. See https://crbug.com/369219127 @ :0
[   27660ms] [WARNING] The powerPreference option is currently ignored when calling requestAdapter() on Windows. See https://crbug.com/369219127 @ :0
[   27675ms] [WARNING] The powerPreference option is currently ignored when calling requestAdapter() on Windows. See https://crbug.com/369219127 @ :0
[   27708ms] [WARNING] The powerPreference option is currently ignored when calling requestAdapter() on Windows. See https://crbug.com/369219127 @ :0
[   27724ms] [WARNING] The powerPreference option is currently ignored when calling requestAdapter() on Windows. See https://crbug.com/369219127 @ :0
[   27767ms] [WARNING] The powerPreference option is currently ignored when calling requestAdapter() on Windows. See https://crbug.com/369219127 @ :0
[   27781ms] [WARNING] The powerPreference option is currently ignored when calling requestAdapter() on Windows. See https://crbug.com/369219127 @ :0
[   27801ms] [WARNING] The powerPreference option is currently ignored when calling requestAdapter() on Windows. See https://crbug.com/369219127 @ :0
[   27835ms] [WARNING] The powerPreference option is currently ignored when calling requestAdapter() on Windows. See https://crbug.com/369219127 @ :0
[   45570ms] [WARNING] The powerPreference option is currently ignored when calling requestAdapter() on Windows. See https://crbug.com/369219127 @ :0
[   67128ms] [WARNING] The powerPreference option is currently ignored when calling requestAdapter() on Windows. See https://crbug.com/369219127 @ :0
[   89283ms] [WARNING] The powerPreference option is currently ignored when calling requestAdapter() on Windows. See https://crbug.com/369219127 @ :0
[   91878ms] [WARNING] The powerPreference option is currently ignored when calling requestAdapter() on Windows. See https://crbug.com/369219127 @ :0
[   92870ms] [WARNING] The powerPreference option is currently ignored when calling requestAdapter() on Windows. See https://crbug.com/369219127 @ :0
[   92942ms] [WARNING] The powerPreference option is currently ignored when calling requestAdapter() on Windows. See https://crbug.com/369219127 @ :0
[   92973ms] [WARNING] The powerPreference option is currently ignored when calling requestAdapter() on Windows. See https://crbug.com/369219127 @ :0
[   93024ms] [WARNING] The powerPreference option is currently ignored when calling requestAdapter() on Windows. See https://crbug.com/369219127 @ :0
[   93044ms] [WARNING] The powerPreference option is currently ignored when calling requestAdapter() on Windows. See https://crbug.com/369219127 @ :0
[  113878ms] [WARNING] The powerPreference option is currently ignored when calling requestAdapter() on Windows. See https://crbug.com/369219127 @ :0
[  114104ms] [WARNING] The powerPreference option is currently ignored when calling requestAdapter() on Windows. See https://crbug.com/369219127 @ :0
[  114183ms] [WARNING] The powerPreference option is currently ignored when calling requestAdapter() on Windows. See https://crbug.com/369219127 @ :0
[  114203ms] [WARNING] The powerPreference option is currently ignored when calling requestAdapter() on Windows. See https://crbug.com/369219127 @ :0
[  114223ms] [WARNING] The powerPreference option is currently ignored when calling requestAdapter() on Windows. See https://crbug.com/369219127 @ :0
[  164059ms] [WARNING] The powerPreference option is currently ignored when calling requestAdapter() on Windows. See https://crbug.com/369219127 @ :0
[  168287ms] [WARNING] The powerPreference option is currently ignored when calling requestAdapter() on Windows. See https://crbug.com/369219127 @ :0
[  185632ms] [ERROR] Permissions policy violation: compute-pressure is not allowed in this document. @ https://www.youtube.com/s/player/4fd832e7/player_embed_es6.vflset/en_GB/base.js:5401
[  192695ms] [WARNING] The powerPreference option is currently ignored when calling requestAdapter() on Windows. See https://crbug.com/369219127 @ :0
[  192904ms] [WARNING] The powerPreference option is currently ignored when calling requestAdapter() on Windows. See https://crbug.com/369219127 @ :0
[  194930ms] [WARNING] The powerPreference option is currently ignored when calling requestAdapter() on Windows. See https://crbug.com/369219127 @ :0
[  194950ms] [WARNING] The powerPreference option is currently ignored when calling requestAdapter() on Windows. See https://crbug.com/369219127 @ :0
[  194970ms] [WARNING] The powerPreference option is currently ignored when calling requestAdapter() on Windows. See https://crbug.com/369219127 @ :0
[   26431ms] [WARNING] The powerPreference option is currently ignored when calling requestAdapter() on Windows. See https://crbug.com/369219127 @ :0
[   27383ms] [WARNING] The powerPreference option is currently ignored when calling requestAdapter() on Windows. See https://crbug.com/369219127 @ :0
[   27582ms] [WARNING] The powerPreference option is currently ignored when calling requestAdapter() on Windows. See https://crbug.com/369219127 @ :0
[   27613ms] [WARNING] The powerPreference option is currently ignored when calling requestAdapter() on Windows. See https://crbug.com/369219127 @ :0
[   27630ms] [WARNING] The powerPreference option is currently ignored when calling requestAdapter() on Windows. See https://crbug.com/369219127 @ :0
[   27644ms] [WARNING] The powerPreference option is currently ignored when calling requestAdapter() on Windows. See https://crbug.com/369219127 @ :0
[   27660ms] [WARNING] The powerPreference option is currently ignored when calling requestAdapter() on Windows. See https://crbug.com/369219127 @ :0
[   27675ms] [WARNING] The powerPreference option is currently ignored when calling requestAdapter() on Windows. See https://crbug.com/369219127 @ :0
[   27708ms] [WARNING] The powerPreference option is currently ignored when calling requestAdapter() on Windows. See https://crbug.com/369219127 @ :0
[   27724ms] [WARNING] The powerPreference option is currently ignored when calling requestAdapter() on Windows. See https://crbug.com/369219127 @ :0
[   27767ms] [WARNING] The powerPreference option is currently ignored when calling requestAdapter() on Windows. See https://crbug.com/369219127 @ :0
[   27781ms] [WARNING] The powerPreference option is currently ignored when calling requestAdapter() on Windows. See https://crbug.com/369219127 @ :0
[   27801ms] [WARNING] The powerPreference option is currently ignored when calling requestAdapter() on Windows. See https://crbug.com/369219127 @ :0
[   27835ms] [WARNING] The powerPreference option is currently ignored when calling requestAdapter() on Windows. See https://crbug.com/369219127 @ :0
[   45570ms] [WARNING] The powerPreference option is currently ignored when calling requestAdapter() on Windows. See https://crbug.com/369219127 @ :0
[   67128ms] [WARNING] The powerPreference option is currently ignored when calling requestAdapter() on Windows. See https://crbug.com/369219127 @ :0
[   89283ms] [WARNING] The powerPreference option is currently ignored when calling requestAdapter() on Windows. See https://crbug.com/369219127 @ :0
[   91878ms] [WARNING] The powerPreference option is currently ignored when calling requestAdapter() on Windows. See https://crbug.com/369219127 @ :0
[   92870ms] [WARNING] The powerPreference option is currently ignored when calling requestAdapter() on Windows. See https://crbug.com/369219127 @ :0
[   92942ms] [WARNING] The powerPreference option is currently ignored when calling requestAdapter() on Windows. See https://crbug.com/369219127 @ :0
[   92973ms] [WARNING] The powerPreference option is currently ignored when calling requestAdapter() on Windows. See https://crbug.com/369219127 @ :0
[   93024ms] [WARNING] The powerPreference option is currently ignored when calling requestAdapter() on Windows. See https://crbug.com/369219127 @ :0
[   93044ms] [WARNING] The powerPreference option is currently ignored when calling requestAdapter() on Windows. See https://crbug.com/369219127 @ :0
[  113878ms] [WARNING] The powerPreference option is currently ignored when calling requestAdapter() on Windows. See https://crbug.com/369219127 @ :0
[  114104ms] [WARNING] The powerPreference option is currently ignored when calling requestAdapter() on Windows. See https://crbug.com/369219127 @ :0
[  114183ms] [WARNING] The powerPreference option is currently ignored when calling requestAdapter() on Windows. See https://crbug.com/369219127 @ :0
[  114203ms] [WARNING] The powerPreference option is currently ignored when calling requestAdapter() on Windows. See https://crbug.com/369219127 @ :0
[  114223ms] [WARNING] The powerPreference option is currently ignored when calling requestAdapter() on Windows. See https://crbug.com/369219127 @ :0
[  164059ms] [WARNING] The powerPreference option is currently ignored when calling requestAdapter() on Windows. See https://crbug.com/369219127 @ :0
[  168287ms] [WARNING] The powerPreference option is currently ignored when calling requestAdapter() on Windows. See https://crbug.com/369219127 @ :0
[  185632ms] [ERROR] Permissions policy violation: compute-pressure is not allowed in this document. @ https://www.youtube.com/s/player/4fd832e7/player_embed_es6.vflset/en_GB/base.js:5401
[  192695ms] [WARNING] The powerPreference option is currently ignored when calling requestAdapter() on Windows. See https://crbug.com/369219127 @ :0
[  192904ms] [WARNING] The powerPreference option is currently ignored when calling requestAdapter() on Windows. See https://crbug.com/369219127 @ :0
[  194930ms] [WARNING] The powerPreference option is currently ignored when calling requestAdapter() on Windows. See https://crbug.com/369219127 @ :0
[  194950ms] [WARNING] The powerPreference option is currently ignored when calling requestAdapter() on Windows. See https://crbug.com/369219127 @ :0
[  194970ms] [WARNING] The powerPreference option is currently ignored when calling requestAdapter() on Windows. See https://crbug.com/369219127 @ :0
[   26431ms] [WARNING] The powerPreference option is currently ignored when calling requestAdapter() on Windows. See https://crbug.com/369219127 @ :0
[   27383ms] [WARNING] The powerPreference option is currently ignored when calling requestAdapter() on Windows. See https://crbug.com/369219127 @ :0
[   27582ms] [WARNING] The powerPreference option is currently ignored when calling requestAdapter() on Windows. See https://crbug.com/369219127 @ :0
[   27613ms] [WARNING] The powerPreference option is currently ignored when calling requestAdapter() on Windows. See https://crbug.com/369219127 @ :0
[   27630ms] [WARNING] The powerPreference option is currently ignored when calling requestAdapter() on Windows. See https://crbug.com/369219127 @ :0
[   27644ms] [WARNING] The powerPreference option is currently ignored when calling requestAdapter() on Windows. See https://crbug.com/369219127 @ :0
[   27660ms] [WARNING] The powerPreference option is currently ignored when calling requestAdapter() on Windows. See https://crbug.com/369219127 @ :0
[   27675ms] [WARNING] The powerPreference option is currently ignored when calling requestAdapter() on Windows. See https://crbug.com/369219127 @ :0
[   27708ms] [WARNING] The powerPreference option is currently ignored when calling requestAdapter() on Windows. See https://crbug.com/369219127 @ :0
[   27724ms] [WARNING] The powerPreference option is currently ignored when calling requestAdapter() on Windows. See https://crbug.com/369219127 @ :0
[   27767ms] [WARNING] The powerPreference option is currently ignored when calling requestAdapter() on Windows. See https://crbug.com/369219127 @ :0
[   27781ms] [WARNING] The powerPreference option is currently ignored when calling requestAdapter() on Windows. See https://crbug.com/369219127 @ :0
[   27801ms] [WARNING] The powerPreference option is currently ignored when calling requestAdapter() on Windows. See https://crbug.com/369219127 @ :0
[   27835ms] [WARNING] The powerPreference option is currently ignored when calling requestAdapter() on Windows. See https://crbug.com/369219127 @ :0
[   45570ms] [WARNING] The powerPreference option is currently ignored when calling requestAdapter() on Windows. See https://crbug.com/369219127 @ :0
[   67128ms] [WARNING] The powerPreference option is currently ignored when calling requestAdapter() on Windows. See https://crbug.com/369219127 @ :0
[   89283ms] [WARNING] The powerPreference option is currently ignored when calling requestAdapter() on Windows. See https://crbug.com/369219127 @ :0
[   91878ms] [WARNING] The powerPreference option is currently ignored when calling requestAdapter() on Windows. See https://crbug.com/369219127 @ :0
[   92870ms] [WARNING] The powerPreference option is currently ignored when calling requestAdapter() on Windows. See https://crbug.com/369219127 @ :0
[   92942ms] [WARNING] The powerPreference option is currently ignored when calling requestAdapter() on Windows. See https://crbug.com/369219127 @ :0
[   92973ms] [WARNING] The powerPreference option is currently ignored when calling requestAdapter() on Windows. See https://crbug.com/369219127 @ :0
[   93024ms] [WARNING] The powerPreference option is currently ignored when calling requestAdapter() on Windows. See https://crbug.com/369219127 @ :0
[   93044ms] [WARNING] The powerPreference option is currently ignored when calling requestAdapter() on Windows. See https://crbug.com/369219127 @ :0
[  113878ms] [WARNING] The powerPreference option is currently ignored when calling requestAdapter() on Windows. See https://crbug.com/369219127 @ :0
[  114104ms] [WARNING] The powerPreference option is currently ignored when calling requestAdapter() on Windows. See https://crbug.com/369219127 @ :0
[  114183ms] [WARNING] The powerPreference option is currently ignored when calling requestAdapter() on Windows. See https://crbug.com/369219127 @ :0
[  114203ms] [WARNING] The powerPreference option is currently ignored when calling requestAdapter() on Windows. See https://crbug.com/369219127 @ :0
[  114223ms] [WARNING] The powerPreference option is currently ignored when calling requestAdapter() on Windows. See https://crbug.com/369219127 @ :0
[  164059ms] [WARNING] The powerPreference option is currently ignored when calling requestAdapter() on Windows. See https://crbug.com/369219127 @ :0
[  168287ms] [WARNING] The powerPreference option is currently ignored when calling requestAdapter() on Windows. See https://crbug.com/369219127 @ :0
[  185632ms] [ERROR] Permissions policy violation: compute-pressure is not allowed in this document. @ https://www.youtube.com/s/player/4fd832e7/player_embed_es6.vflset/en_GB/base.js:5401
[  192695ms] [WARNING] The powerPreference option is currently ignored when calling requestAdapter() on Windows. See https://crbug.com/369219127 @ :0
[  192904ms] [WARNING] The powerPreference option is currently ignored when calling requestAdapter() on Windows. See https://crbug.com/369219127 @ :0
[  194930ms] [WARNING] The powerPreference option is currently ignored when calling requestAdapter() on Windows. See https://crbug.com/369219127 @ :0
[  194950ms] [WARNING] The powerPreference option is currently ignored when calling requestAdapter() on Windows. See https://crbug.com/369219127 @ :0
[  194970ms] [WARNING] The powerPreference option is currently ignored when calling requestAdapter() on Windows. See https://crbug.com/369219127 @ :0
[   26431ms] [WARNING] The powerPreference option is currently ignored when calling requestAdapter() on Windows. See https://crbug.com/369219127 @ :0
[   27383ms] [WARNING] The powerPreference option is currently ignored when calling requestAdapter() on Windows. See https://crbug.com/369219127 @ :0
[   27582ms] [WARNING] The powerPreference option is currently ignored when calling requestAdapter() on Windows. See https://crbug.com/369219127 @ :0
[   27613ms] [WARNING] The powerPreference option is currently ignored when calling requestAdapter() on Windows. See https://crbug.com/369219127 @ :0
[   27630ms] [WARNING] The powerPreference option is currently ignored when calling requestAdapter() on Windows. See https://crbug.com/369219127 @ :0
[   27644ms] [WARNING] The powerPreference option is currently ignored when calling requestAdapter() on Windows. See https://crbug.com/369219127 @ :0
[   27660ms] [WARNING] The powerPreference option is currently ignored when calling requestAdapter() on Windows. See https://crbug.com/369219127 @ :0
[   27675ms] [WARNING] The powerPreference option is currently ignored when calling requestAdapter() on Windows. See https://crbug.com/369219127 @ :0
[   27708ms] [WARNING] The powerPreference option is currently ignored when calling requestAdapter() on Windows. See https://crbug.com/369219127 @ :0
[   27724ms] [WARNING] The powerPreference option is currently ignored when calling requestAdapter() on Windows. See https://crbug.com/369219127 @ :0
[   27767ms] [WARNING] The powerPreference option is currently ignored when calling requestAdapter() on Windows. See https://crbug.com/369219127 @ :0
[   27781ms] [WARNING] The powerPreference option is currently ignored when calling requestAdapter() on Windows. See https://crbug.com/369219127 @ :0
[   27801ms] [WARNING] The powerPreference option is currently ignored when calling requestAdapter() on Windows. See https://crbug.com/369219127 @ :0
[   27835ms] [WARNING] The powerPreference option is currently ignored when calling requestAdapter() on Windows. See https://crbug.com/369219127 @ :0
[   45570ms] [WARNING] The powerPreference option is currently ignored when calling requestAdapter() on Windows. See https://crbug.com/369219127 @ :0
[   67128ms] [WARNING] The powerPreference option is currently ignored when calling requestAdapter() on Windows. See https://crbug.com/369219127 @ :0
[   89283ms] [WARNING] The powerPreference option is currently ignored when calling requestAdapter() on Windows. See https://crbug.com/369219127 @ :0
[   91878ms] [WARNING] The powerPreference option is currently ignored when calling requestAdapter() on Windows. See https://crbug.com/369219127 @ :0
[   92870ms] [WARNING] The powerPreference option is currently ignored when calling requestAdapter() on Windows. See https://crbug.com/369219127 @ :0
[   92942ms] [WARNING] The powerPreference option is currently ignored when calling requestAdapter() on Windows. See https://crbug.com/369219127 @ :0
[   92973ms] [WARNING] The powerPreference option is currently ignored when calling requestAdapter() on Windows. See https://crbug.com/369219127 @ :0
[   93024ms] [WARNING] The powerPreference option is currently ignored when calling requestAdapter() on Windows. See https://crbug.com/369219127 @ :0
[   93044ms] [WARNING] The powerPreference option is currently ignored when calling requestAdapter() on Windows. See https://crbug.com/369219127 @ :0
[  113878ms] [WARNING] The powerPreference option is currently ignored when calling requestAdapter() on Windows. See https://crbug.com/369219127 @ :0
[  114104ms] [WARNING] The powerPreference option is currently ignored when calling requestAdapter() on Windows. See https://crbug.com/369219127 @ :0
[  114183ms] [WARNING] The powerPreference option is currently ignored when calling requestAdapter() on Windows. See https://crbug.com/369219127 @ :0
[  114203ms] [WARNING] The powerPreference option is currently ignored when calling requestAdapter() on Windows. See https://crbug.com/369219127 @ :0
[  114223ms] [WARNING] The powerPreference option is currently ignored when calling requestAdapter() on Windows. See https://crbug.com/369219127 @ :0
[  164059ms] [WARNING] The powerPreference option is currently ignored when calling requestAdapter() on Windows. See https://crbug.com/369219127 @ :0
[  168287ms] [WARNING] The powerPreference option is currently ignored when calling requestAdapter() on Windows. See https://crbug.com/369219127 @ :0
[  185632ms] [ERROR] Permissions policy violation: compute-pressure is not allowed in this document. @ https://www.youtube.com/s/player/4fd832e7/player_embed_es6.vflset/en_GB/base.js:5401
[  192695ms] [WARNING] The powerPreference option is currently ignored when calling requestAdapter() on Windows. See https://crbug.com/369219127 @ :0
[  192904ms] [WARNING] The powerPreference option is currently ignored when calling requestAdapter() on Windows. See https://crbug.com/369219127 @ :0
[  194930ms] [WARNING] The powerPreference option is currently ignored when calling requestAdapter() on Windows. See https://crbug.com/369219127 @ :0
[  194950ms] [WARNING] The powerPreference option is currently ignored when calling requestAdapter() on Windows. See https://crbug.com/369219127 @ :0
[  194970ms] [WARNING] The powerPreference option is currently ignored when calling requestAdapter() on Windows. See https://crbug.com/369219127 @ :0
[   26431ms] [WARNING] The powerPreference option is currently ignored when calling requestAdapter() on Windows. See https://crbug.com/369219127 @ :0
[   27383ms] [WARNING] The powerPreference option is currently ignored when calling requestAdapter() on Windows. See https://crbug.com/369219127 @ :0
[   27582ms] [WARNING] The powerPreference option is currently ignored when calling requestAdapter() on Windows. See https://crbug.com/369219127 @ :0
[   27613ms] [WARNING] The powerPreference option is currently ignored when calling requestAdapter() on Windows. See https://crbug.com/369219127 @ :0
[   27630ms] [WARNING] The powerPreference option is currently ignored when calling requestAdapter() on Windows. See https://crbug.com/369219127 @ :0
[   27644ms] [WARNING] The powerPreference option is currently ignored when calling requestAdapter() on Windows. See https://crbug.com/369219127 @ :0
[   27660ms] [WARNING] The powerPreference option is currently ignored when calling requestAdapter() on Windows. See https://crbug.com/369219127 @ :0
[   27675ms] [WARNING] The powerPreference option is currently ignored when calling requestAdapter() on Windows. See https://crbug.com/369219127 @ :0
[   27708ms] [WARNING] The powerPreference option is currently ignored when calling requestAdapter() on Windows. See https://crbug.com/369219127 @ :0
[   27724ms] [WARNING] The powerPreference option is currently ignored when calling requestAdapter() on Windows. See https://crbug.com/369219127 @ :0
[   27767ms] [WARNING] The powerPreference option is currently ignored when calling requestAdapter() on Windows. See https://crbug.com/369219127 @ :0
[   27781ms] [WARNING] The powerPreference option is currently ignored when calling requestAdapter() on Windows. See https://crbug.com/369219127 @ :0
[   27801ms] [WARNING] The powerPreference option is currently ignored when calling requestAdapter() on Windows. See https://crbug.com/369219127 @ :0
[   27835ms] [WARNING] The powerPreference option is currently ignored when calling requestAdapter() on Windows. See https://crbug.com/369219127 @ :0
[   45570ms] [WARNING] The powerPreference option is currently ignored when calling requestAdapter() on Windows. See https://crbug.com/369219127 @ :0
[   67128ms] [WARNING] The powerPreference option is currently ignored when calling requestAdapter() on Windows. See https://crbug.com/369219127 @ :0
[   89283ms] [WARNING] The powerPreference option is currently ignored when calling requestAdapter() on Windows. See https://crbug.com/369219127 @ :0
[   91878ms] [WARNING] The powerPreference option is currently ignored when calling requestAdapter() on Windows. See https://crbug.com/369219127 @ :0
[   92870ms] [WARNING] The powerPreference option is currently ignored when calling requestAdapter() on Windows. See https://crbug.com/369219127 @ :0
[   92942ms] [WARNING] The powerPreference option is currently ignored when calling requestAdapter() on Windows. See https://crbug.com/369219127 @ :0
[   92973ms] [WARNING] The powerPreference option is currently ignored when calling requestAdapter() on Windows. See https://crbug.com/369219127 @ :0
[   93024ms] [WARNING] The powerPreference option is currently ignored when calling requestAdapter() on Windows. See https://crbug.com/369219127 @ :0
[   93044ms] [WARNING] The powerPreference option is currently ignored when calling requestAdapter() on Windows. See https://crbug.com/369219127 @ :0
[  113878ms] [WARNING] The powerPreference option is currently ignored when calling requestAdapter() on Windows. See https://crbug.com/369219127 @ :0
[  114104ms] [WARNING] The powerPreference option is currently ignored when calling requestAdapter() on Windows. See https://crbug.com/369219127 @ :0
[  114183ms] [WARNING] The powerPreference option is currently ignored when calling requestAdapter() on Windows. See https://crbug.com/369219127 @ :0
[  114203ms] [WARNING] The powerPreference option is currently ignored when calling requestAdapter() on Windows. See https://crbug.com/369219127 @ :0
[  114223ms] [WARNING] The powerPreference option is currently ignored when calling requestAdapter() on Windows. See https://crbug.com/369219127 @ :0
[  164059ms] [WARNING] The powerPreference option is currently ignored when calling requestAdapter() on Windows. See https://crbug.com/369219127 @ :0
[  168287ms] [WARNING] The powerPreference option is currently ignored when calling requestAdapter() on Windows. See https://crbug.com/369219127 @ :0
[  185632ms] [ERROR] Permissions policy violation: compute-pressure is not allowed in this document. @ https://www.youtube.com/s/player/4fd832e7/player_embed_es6.vflset/en_GB/base.js:5401
[  192695ms] [WARNING] The powerPreference option is currently ignored when calling requestAdapter() on Windows. See https://crbug.com/369219127 @ :0
[  192904ms] [WARNING] The powerPreference option is currently ignored when calling requestAdapter() on Windows. See https://crbug.com/369219127 @ :0
[  194930ms] [WARNING] The powerPreference option is currently ignored when calling requestAdapter() on Windows. See https://crbug.com/369219127 @ :0
[  194950ms] [WARNING] The powerPreference option is currently ignored when calling requestAdapter() on Windows. See https://crbug.com/369219127 @ :0
[  194970ms] [WARNING] The powerPreference option is currently ignored when calling requestAdapter() on Windows. See https://crbug.com/369219127 @ :0
[   26431ms] [WARNING] The powerPreference option is currently ignored when calling requestAdapter() on Windows. See https://crbug.com/369219127 @ :0
[   27383ms] [WARNING] The powerPreference option is currently ignored when calling requestAdapter() on Windows. See https://crbug.com/369219127 @ :0
[   27582ms] [WARNING] The powerPreference option is currently ignored when calling requestAdapter() on Windows. See https://crbug.com/369219127 @ :0
[   27613ms] [WARNING] The powerPreference option is currently ignored when calling requestAdapter() on Windows. See https://crbug.com/369219127 @ :0
[   27630ms] [WARNING] The powerPreference option is currently ignored when calling requestAdapter() on Windows. See https://crbug.com/369219127 @ :0
[   27644ms] [WARNING] The powerPreference option is currently ignored when calling requestAdapter() on Windows. See https://crbug.com/369219127 @ :0
[   27660ms] [WARNING] The powerPreference option is currently ignored when calling requestAdapter() on Windows. See https://crbug.com/369219127 @ :0
[   27675ms] [WARNING] The powerPreference option is currently ignored when calling requestAdapter() on Windows. See https://crbug.com/369219127 @ :0
[   27708ms] [WARNING] The powerPreference option is currently ignored when calling requestAdapter() on Windows. See https://crbug.com/369219127 @ :0
[   27724ms] [WARNING] The powerPreference option is currently ignored when calling requestAdapter() on Windows. See https://crbug.com/369219127 @ :0
[   27767ms] [WARNING] The powerPreference option is currently ignored when calling requestAdapter() on Windows. See https://crbug.com/369219127 @ :0
[   27781ms] [WARNING] The powerPreference option is currently ignored when calling requestAdapter() on Windows. See https://crbug.com/369219127 @ :0
[   27801ms] [WARNING] The powerPreference option is currently ignored when calling requestAdapter() on Windows. See https://crbug.com/369219127 @ :0
[   27835ms] [WARNING] The powerPreference option is currently ignored when calling requestAdapter() on Windows. See https://crbug.com/369219127 @ :0
[   45570ms] [WARNING] The powerPreference option is currently ignored when calling requestAdapter() on Windows. See https://crbug.com/369219127 @ :0
[   67128ms] [WARNING] The powerPreference option is currently ignored when calling requestAdapter() on Windows. See https://crbug.com/369219127 @ :0
[   89283ms] [WARNING] The powerPreference option is currently ignored when calling requestAdapter() on Windows. See https://crbug.com/369219127 @ :0
[   91878ms] [WARNING] The powerPreference option is currently ignored when calling requestAdapter() on Windows. See https://crbug.com/369219127 @ :0
[   92870ms] [WARNING] The powerPreference option is currently ignored when calling requestAdapter() on Windows. See https://crbug.com/369219127 @ :0
[   92942ms] [WARNING] The powerPreference option is currently ignored when calling requestAdapter() on Windows. See https://crbug.com/369219127 @ :0
[   92973ms] [WARNING] The powerPreference option is currently ignored when calling requestAdapter() on Windows. See https://crbug.com/369219127 @ :0
[   93024ms] [WARNING] The powerPreference option is currently ignored when calling requestAdapter() on Windows. See https://crbug.com/369219127 @ :0
[   93044ms] [WARNING] The powerPreference option is currently ignored when calling requestAdapter() on Windows. See https://crbug.com/369219127 @ :0
[  113878ms] [WARNING] The powerPreference option is currently ignored when calling requestAdapter() on Windows. See https://crbug.com/369219127 @ :0
[  114104ms] [WARNING] The powerPreference option is currently ignored when calling requestAdapter() on Windows. See https://crbug.com/369219127 @ :0
[  114183ms] [WARNING] The powerPreference option is currently ignored when calling requestAdapter() on Windows. See https://crbug.com/369219127 @ :0
[  114203ms] [WARNING] The powerPreference option is currently ignored when calling requestAdapter() on Windows. See https://crbug.com/369219127 @ :0
[  114223ms] [WARNING] The powerPreference option is currently ignored when calling requestAdapter() on Windows. See https://crbug.com/369219127 @ :0
[  164059ms] [WARNING] The powerPreference option is currently ignored when calling requestAdapter() on Windows. See https://crbug.com/369219127 @ :0
[  168287ms] [WARNING] The powerPreference option is currently ignored when calling requestAdapter() on Windows. See https://crbug.com/369219127 @ :0
[  185632ms] [ERROR] Permissions policy violation: compute-pressure is not allowed in this document. @ https://www.youtube.com/s/player/4fd832e7/player_embed_es6.vflset/en_GB/base.js:5401
[  192695ms] [WARNING] The powerPreference option is currently ignored when calling requestAdapter() on Windows. See https://crbug.com/369219127 @ :0
[  192904ms] [WARNING] The powerPreference option is currently ignored when calling requestAdapter() on Windows. See https://crbug.com/369219127 @ :0
[  194930ms] [WARNING] The powerPreference option is currently ignored when calling requestAdapter() on Windows. See https://crbug.com/369219127 @ :0
[  194950ms] [WARNING] The powerPreference option is currently ignored when calling requestAdapter() on Windows. See https://crbug.com/369219127 @ :0
[  194970ms] [WARNING] The powerPreference option is currently ignored when calling requestAdapter() on Windows. See https://crbug.com/369219127 @ :0
[   26431ms] [WARNING] The powerPreference option is currently ignored when calling requestAdapter() on Windows. See https://crbug.com/369219127 @ :0
[   27383ms] [WARNING] The powerPreference option is currently ignored when calling requestAdapter() on Windows. See https://crbug.com/369219127 @ :0
[   27582ms] [WARNING] The powerPreference option is currently ignored when calling requestAdapter() on Windows. See https://crbug.com/369219127 @ :0
[   27613ms] [WARNING] The powerPreference option is currently ignored when calling requestAdapter() on Windows. See https://crbug.com/369219127 @ :0
[   27630ms] [WARNING] The powerPreference option is currently ignored when calling requestAdapter() on Windows. See https://crbug.com/369219127 @ :0
[   27644ms] [WARNING] The powerPreference option is currently ignored when calling requestAdapter() on Windows. See https://crbug.com/369219127 @ :0
[   27660ms] [WARNING] The powerPreference option is currently ignored when calling requestAdapter() on Windows. See https://crbug.com/369219127 @ :0
[   27675ms] [WARNING] The powerPreference option is currently ignored when calling requestAdapter() on Windows. See https://crbug.com/369219127 @ :0
[   27708ms] [WARNING] The powerPreference option is currently ignored when calling requestAdapter() on Windows. See https://crbug.com/369219127 @ :0
[   27724ms] [WARNING] The powerPreference option is currently ignored when calling requestAdapter() on Windows. See https://crbug.com/369219127 @ :0
[   27767ms] [WARNING] The powerPreference option is currently ignored when calling requestAdapter() on Windows. See https://crbug.com/369219127 @ :0
[   27781ms] [WARNING] The powerPreference option is currently ignored when calling requestAdapter() on Windows. See https://crbug.com/369219127 @ :0
[   27801ms] [WARNING] The powerPreference option is currently ignored when calling requestAdapter() on Windows. See https://crbug.com/369219127 @ :0
[   27835ms] [WARNING] The powerPreference option is currently ignored when calling requestAdapter() on Windows. See https://crbug.com/369219127 @ :0
[   45570ms] [WARNING] The powerPreference option is currently ignored when calling requestAdapter() on Windows. See https://crbug.com/369219127 @ :0
[   67128ms] [WARNING] The powerPreference option is currently ignored when calling requestAdapter() on Windows. See https://crbug.com/369219127 @ :0
[   89283ms] [WARNING] The powerPreference option is currently ignored when calling requestAdapter() on Windows. See https://crbug.com/369219127 @ :0
[   91878ms] [WARNING] The powerPreference option is currently ignored when calling requestAdapter() on Windows. See https://crbug.com/369219127 @ :0
[   92870ms] [WARNING] The powerPreference option is currently ignored when calling requestAdapter() on Windows. See https://crbug.com/369219127 @ :0
[   92942ms] [WARNING] The powerPreference option is currently ignored when calling requestAdapter() on Windows. See https://crbug.com/369219127 @ :0
[   92973ms] [WARNING] The powerPreference option is currently ignored when calling requestAdapter() on Windows. See https://crbug.com/369219127 @ :0
[   93024ms] [WARNING] The powerPreference option is currently ignored when calling requestAdapter() on Windows. See https://crbug.com/369219127 @ :0
[   93044ms] [WARNING] The powerPreference option is currently ignored when calling requestAdapter() on Windows. See https://crbug.com/369219127 @ :0
[  113878ms] [WARNING] The powerPreference option is currently ignored when calling requestAdapter() on Windows. See https://crbug.com/369219127 @ :0
[  114104ms] [WARNING] The powerPreference option is currently ignored when calling requestAdapter() on Windows. See https://crbug.com/369219127 @ :0
[  114183ms] [WARNING] The powerPreference option is currently ignored when calling requestAdapter() on Windows. See https://crbug.com/369219127 @ :0
[  114203ms] [WARNING] The powerPreference option is currently ignored when calling requestAdapter() on Windows. See https://crbug.com/369219127 @ :0
[  114223ms] [WARNING] The powerPreference option is currently ignored when calling requestAdapter() on Windows. See https://crbug.com/369219127 @ :0
[  164059ms] [WARNING] The powerPreference option is currently ignored when calling requestAdapter() on Windows. See https://crbug.com/369219127 @ :0
[  168287ms] [WARNING] The powerPreference option is currently ignored when calling requestAdapter() on Windows. See https://crbug.com/369219127 @ :0
[  185632ms] [ERROR] Permissions policy violation: compute-pressure is not allowed in this document. @ https://www.youtube.com/s/player/4fd832e7/player_embed_es6.vflset/en_GB/base.js:5401
[  192695ms] [WARNING] The powerPreference option is currently ignored when calling requestAdapter() on Windows. See https://crbug.com/369219127 @ :0
[  192904ms] [WARNING] The powerPreference option is currently ignored when calling requestAdapter() on Windows. See https://crbug.com/369219127 @ :0
[  194930ms] [WARNING] The powerPreference option is currently ignored when calling requestAdapter() on Windows. See https://crbug.com/369219127 @ :0
[  194950ms] [WARNING] The powerPreference option is currently ignored when calling requestAdapter() on Windows. See https://crbug.com/369219127 @ :0
[  194970ms] [WARNING] The powerPreference option is currently ignored when calling requestAdapter() on Windows. See https://crbug.com/369219127 @ :0
[   26431ms] [WARNING] The powerPreference option is currently ignored when calling requestAdapter() on Windows. See https://crbug.com/369219127 @ :0
[   27383ms] [WARNING] The powerPreference option is currently ignored when calling requestAdapter() on Windows. See https://crbug.com/369219127 @ :0
[   27582ms] [WARNING] The powerPreference option is currently ignored when calling requestAdapter() on Windows. See https://crbug.com/369219127 @ :0
[   27613ms] [WARNING] The powerPreference option is currently ignored when calling requestAdapter() on Windows. See https://crbug.com/369219127 @ :0
[   27630ms] [WARNING] The powerPreference option is currently ignored when calling requestAdapter() on Windows. See https://crbug.com/369219127 @ :0
[   27644ms] [WARNING] The powerPreference option is currently ignored when calling requestAdapter() on Windows. See https://crbug.com/369219127 @ :0
[   27660ms] [WARNING] The powerPreference option is currently ignored when calling requestAdapter() on Windows. See https://crbug.com/369219127 @ :0
[   27675ms] [WARNING] The powerPreference option is currently ignored when calling requestAdapter() on Windows. See https://crbug.com/369219127 @ :0
[   27708ms] [WARNING] The powerPreference option is currently ignored when calling requestAdapter() on Windows. See https://crbug.com/369219127 @ :0
[   27724ms] [WARNING] The powerPreference option is currently ignored when calling requestAdapter() on Windows. See https://crbug.com/369219127 @ :0
[   27767ms] [WARNING] The powerPreference option is currently ignored when calling requestAdapter() on Windows. See https://crbug.com/369219127 @ :0
[   27781ms] [WARNING] The powerPreference option is currently ignored when calling requestAdapter() on Windows. See https://crbug.com/369219127 @ :0
[   27801ms] [WARNING] The powerPreference option is currently ignored when calling requestAdapter() on Windows. See https://crbug.com/369219127 @ :0
[   27835ms] [WARNING] The powerPreference option is currently ignored when calling requestAdapter() on Windows. See https://crbug.com/369219127 @ :0
[   45570ms] [WARNING] The powerPreference option is currently ignored when calling requestAdapter() on Windows. See https://crbug.com/369219127 @ :0
[   67128ms] [WARNING] The powerPreference option is currently ignored when calling requestAdapter() on Windows. See https://crbug.com/369219127 @ :0
[   89283ms] [WARNING] The powerPreference option is currently ignored when calling requestAdapter() on Windows. See https://crbug.com/369219127 @ :0
[   91878ms] [WARNING] The powerPreference option is currently ignored when calling requestAdapter() on Windows. See https://crbug.com/369219127 @ :0
[   92870ms] [WARNING] The powerPreference option is currently ignored when calling requestAdapter() on Windows. See https://crbug.com/369219127 @ :0
[   92942ms] [WARNING] The powerPreference option is currently ignored when calling requestAdapter() on Windows. See https://crbug.com/369219127 @ :0
[   92973ms] [WARNING] The powerPreference option is currently ignored when calling requestAdapter() on Windows. See https://crbug.com/369219127 @ :0
[   93024ms] [WARNING] The powerPreference option is currently ignored when calling requestAdapter() on Windows. See https://crbug.com/369219127 @ :0
[   93044ms] [WARNING] The powerPreference option is currently ignored when calling requestAdapter() on Windows. See https://crbug.com/369219127 @ :0
[  113878ms] [WARNING] The powerPreference option is currently ignored when calling requestAdapter() on Windows. See https://crbug.com/369219127 @ :0
[  114104ms] [WARNING] The powerPreference option is currently ignored when calling requestAdapter() on Windows. See https://crbug.com/369219127 @ :0
[  114183ms] [WARNING] The powerPreference option is currently ignored when calling requestAdapter() on Windows. See https://crbug.com/369219127 @ :0
[  114203ms] [WARNING] The powerPreference option is currently ignored when calling requestAdapter() on Windows. See https://crbug.com/369219127 @ :0
[  114223ms] [WARNING] The powerPreference option is currently ignored when calling requestAdapter() on Windows. See https://crbug.com/369219127 @ :0
[  164059ms] [WARNING] The powerPreference option is currently ignored when calling requestAdapter() on Windows. See https://crbug.com/369219127 @ :0
[  168287ms] [WARNING] The powerPreference option is currently ignored when calling requestAdapter() on Windows. See https://crbug.com/369219127 @ :0
[  185632ms] [ERROR] Permissions policy violation: compute-pressure is not allowed in this document. @ https://www.youtube.com/s/player/4fd832e7/player_embed_es6.vflset/en_GB/base.js:5401
[  192695ms] [WARNING] The powerPreference option is currently ignored when calling requestAdapter() on Windows. See https://crbug.com/369219127 @ :0
[  192904ms] [WARNING] The powerPreference option is currently ignored when calling requestAdapter() on Windows. See https://crbug.com/369219127 @ :0
[  194930ms] [WARNING] The powerPreference option is currently ignored when calling requestAdapter() on Windows. See https://crbug.com/369219127 @ :0
[  194950ms] [WARNING] The powerPreference option is currently ignored when calling requestAdapter() on Windows. See https://crbug.com/369219127 @ :0
[  194970ms] [WARNING] The powerPreference option is currently ignored when calling requestAdapter() on Windows. See https://crbug.com/369219127 @ :0
[  199608ms] [ERROR] Permissions policy violation: compute-pressure is not allowed in this document. @ https://www.youtube.com/s/player/4fd832e7/player_embed_es6.vflset/en_GB/base.js:5401
[  201097ms] [LOG] confirmAndProcessTransaction function called @ https://bakkappan.github.io/Testers-Talk-Practice-Site/Banking-Project-Demo.html:2242
[  201097ms] [LOG] Generated reference: TXN-1789727714523-808 @ https://bakkappan.github.io/Testers-Talk-Practice-Site/Banking-Project-Demo.html:2251
[  201103ms] [LOG] Success screen should be visible now @ https://bakkappan.github.io/Testers-Talk-Practice-Site/Banking-Project-Demo.html:2304
[  203021ms] [ERROR] Permissions policy violation: compute-pressure is not allowed in this document. @ https://www.youtube.com/s/player/4fd832e7/player_embed_es6.vflset/en_GB/base.js:5401
[  203037ms] [ERROR] Permissions policy violation: compute-pressure is not allowed in this document. @ https://www.youtube.com/s/player/4fd832e7/player_embed_es6.vflset/en_GB/base.js:5401
[  208545ms] [WARNING] The powerPreference option is currently ignored when calling requestAdapter() on Windows. See https://crbug.com/369219127 @ :0
[  210008ms] [WARNING] The powerPreference option is currently ignored when calling requestAdapter() on Windows. See https://crbug.com/369219127 @ :0
[  210484ms] [WARNING] The powerPreference option is currently ignored when calling requestAdapter() on Windows. See https://crbug.com/369219127 @ :0
[  210578ms] [WARNING] The powerPreference option is currently ignored when calling requestAdapter() on Windows. See https://crbug.com/369219127 @ :0
[  210602ms] [WARNING] The powerPreference option is currently ignored when calling requestAdapter() on Windows. See https://crbug.com/369219127 @ :0
[  210625ms] [WARNING] The powerPreference option is currently ignored when calling requestAdapter() on Windows. See https://crbug.com/369219127 @ :0
[  210703ms] [WARNING] The powerPreference option is currently ignored when calling requestAdapter() on Windows. See https://crbug.com/369219127 @ :0
[  217394ms] [LOG] showSection called with: history @ https://bakkappan.github.io/Testers-Talk-Practice-Site/Banking-Project-Demo.html:2351
[  217538ms] [LOG] Hidden section: account-section @ https://bakkappan.github.io/Testers-Talk-Practice-Site/Banking-Project-Demo.html:2385
[  217538ms] [LOG] Hidden section: transactions-section @ https://bakkappan.github.io/Testers-Talk-Practice-Site/Banking-Project-Demo.html:2385
[  217538ms] [LOG] Hidden section: confirmation-section @ https://bakkappan.github.io/Testers-Talk-Practice-Site/Banking-Project-Demo.html:2385
[  217538ms] [LOG] Hidden section: success-section @ https://bakkappan.github.io/Testers-Talk-Practice-Site/Banking-Project-Demo.html:2385
[  217538ms] [LOG] Hidden section: history-section @ https://bakkappan.github.io/Testers-Talk-Practice-Site/Banking-Project-Demo.html:2385
[  217539ms] [LOG] Looking for section: history-section @ https://bakkappan.github.io/Testers-Talk-Practice-Site/Banking-Project-Demo.html:2416
[  217539ms] [LOG] Found section: JSHandle@node @ https://bakkappan.github.io/Testers-Talk-Practice-Site/Banking-Project-Demo.html:2417
[  217590ms] [LOG] Showed section: history-section @ https://bakkappan.github.io/Testers-Talk-Practice-Site/Banking-Project-Demo.html:2421
[   26431ms] [WARNING] The powerPreference option is currently ignored when calling requestAdapter() on Windows. See https://crbug.com/369219127 @ :0
[   27383ms] [WARNING] The powerPreference option is currently ignored when calling requestAdapter() on Windows. See https://crbug.com/369219127 @ :0
[   27582ms] [WARNING] The powerPreference option is currently ignored when calling requestAdapter() on Windows. See https://crbug.com/369219127 @ :0
[   27613ms] [WARNING] The powerPreference option is currently ignored when calling requestAdapter() on Windows. See https://crbug.com/369219127 @ :0
[   27630ms] [WARNING] The powerPreference option is currently ignored when calling requestAdapter() on Windows. See https://crbug.com/369219127 @ :0
[   27644ms] [WARNING] The powerPreference option is currently ignored when calling requestAdapter() on Windows. See https://crbug.com/369219127 @ :0
[   27660ms] [WARNING] The powerPreference option is currently ignored when calling requestAdapter() on Windows. See https://crbug.com/369219127 @ :0
[   27675ms] [WARNING] The powerPreference option is currently ignored when calling requestAdapter() on Windows. See https://crbug.com/369219127 @ :0
[   27708ms] [WARNING] The powerPreference option is currently ignored when calling requestAdapter() on Windows. See https://crbug.com/369219127 @ :0
[   27724ms] [WARNING] The powerPreference option is currently ignored when calling requestAdapter() on Windows. See https://crbug.com/369219127 @ :0
[   27767ms] [WARNING] The powerPreference option is currently ignored when calling requestAdapter() on Windows. See https://crbug.com/369219127 @ :0
[   27781ms] [WARNING] The powerPreference option is currently ignored when calling requestAdapter() on Windows. See https://crbug.com/369219127 @ :0
[   27801ms] [WARNING] The powerPreference option is currently ignored when calling requestAdapter() on Windows. See https://crbug.com/369219127 @ :0
[   27835ms] [WARNING] The powerPreference option is currently ignored when calling requestAdapter() on Windows. See https://crbug.com/369219127 @ :0
[   45570ms] [WARNING] The powerPreference option is currently ignored when calling requestAdapter() on Windows. See https://crbug.com/369219127 @ :0
[   67128ms] [WARNING] The powerPreference option is currently ignored when calling requestAdapter() on Windows. See https://crbug.com/369219127 @ :0
[   89283ms] [WARNING] The powerPreference option is currently ignored when calling requestAdapter() on Windows. See https://crbug.com/369219127 @ :0
[   91878ms] [WARNING] The powerPreference option is currently ignored when calling requestAdapter() on Windows. See https://crbug.com/369219127 @ :0
[   92870ms] [WARNING] The powerPreference option is currently ignored when calling requestAdapter() on Windows. See https://crbug.com/369219127 @ :0
[   92942ms] [WARNING] The powerPreference option is currently ignored when calling requestAdapter() on Windows. See https://crbug.com/369219127 @ :0
[   92973ms] [WARNING] The powerPreference option is currently ignored when calling requestAdapter() on Windows. See https://crbug.com/369219127 @ :0
[   93024ms] [WARNING] The powerPreference option is currently ignored when calling requestAdapter() on Windows. See https://crbug.com/369219127 @ :0
[   93044ms] [WARNING] The powerPreference option is currently ignored when calling requestAdapter() on Windows. See https://crbug.com/369219127 @ :0
[  113878ms] [WARNING] The powerPreference option is currently ignored when calling requestAdapter() on Windows. See https://crbug.com/369219127 @ :0
[  114104ms] [WARNING] The powerPreference option is currently ignored when calling requestAdapter() on Windows. See https://crbug.com/369219127 @ :0
[  114183ms] [WARNING] The powerPreference option is currently ignored when calling requestAdapter() on Windows. See https://crbug.com/369219127 @ :0
[  114203ms] [WARNING] The powerPreference option is currently ignored when calling requestAdapter() on Windows. See https://crbug.com/369219127 @ :0
[  114223ms] [WARNING] The powerPreference option is currently ignored when calling requestAdapter() on Windows. See https://crbug.com/369219127 @ :0
[  164059ms] [WARNING] The powerPreference option is currently ignored when calling requestAdapter() on Windows. See https://crbug.com/369219127 @ :0
[  168287ms] [WARNING] The powerPreference option is currently ignored when calling requestAdapter() on Windows. See https://crbug.com/369219127 @ :0
[  185632ms] [ERROR] Permissions policy violation: compute-pressure is not allowed in this document. @ https://www.youtube.com/s/player/4fd832e7/player_embed_es6.vflset/en_GB/base.js:5401
[  192695ms] [WARNING] The powerPreference option is currently ignored when calling requestAdapter() on Windows. See https://crbug.com/369219127 @ :0
[  192904ms] [WARNING] The powerPreference option is currently ignored when calling requestAdapter() on Windows. See https://crbug.com/369219127 @ :0
[  194930ms] [WARNING] The powerPreference option is currently ignored when calling requestAdapter() on Windows. See https://crbug.com/369219127 @ :0
[  194950ms] [WARNING] The powerPreference option is currently ignored when calling requestAdapter() on Windows. See https://crbug.com/369219127 @ :0
[  194970ms] [WARNING] The powerPreference option is currently ignored when calling requestAdapter() on Windows. See https://crbug.com/369219127 @ :0
[  199608ms] [ERROR] Permissions policy violation: compute-pressure is not allowed in this document. @ https://www.youtube.com/s/player/4fd832e7/player_embed_es6.vflset/en_GB/base.js:5401
[  203021ms] [ERROR] Permissions policy violation: compute-pressure is not allowed in this document. @ https://www.youtube.com/s/player/4fd832e7/player_embed_es6.vflset/en_GB/base.js:5401
[  203037ms] [ERROR] Permissions policy violation: compute-pressure is not allowed in this document. @ https://www.youtube.com/s/player/4fd832e7/player_embed_es6.vflset/en_GB/base.js:5401
[  208545ms] [WARNING] The powerPreference option is currently ignored when calling requestAdapter() on Windows. See https://crbug.com/369219127 @ :0
[  210008ms] [WARNING] The powerPreference option is currently ignored when calling requestAdapter() on Windows. See https://crbug.com/369219127 @ :0
[  210484ms] [WARNING] The powerPreference option is currently ignored when calling requestAdapter() on Windows. See https://crbug.com/369219127 @ :0
[  210578ms] [WARNING] The powerPreference option is currently ignored when calling requestAdapter() on Windows. See https://crbug.com/369219127 @ :0
[  210602ms] [WARNING] The powerPreference option is currently ignored when calling requestAdapter() on Windows. See https://crbug.com/369219127 @ :0
[  210625ms] [WARNING] The powerPreference option is currently ignored when calling requestAdapter() on Windows. See https://crbug.com/369219127 @ :0
[  210703ms] [WARNING] The powerPreference option is currently ignored when calling requestAdapter() on Windows. See https://crbug.com/369219127 @ :0
[   26431ms] [WARNING] The powerPreference option is currently ignored when calling requestAdapter() on Windows. See https://crbug.com/369219127 @ :0
[   27383ms] [WARNING] The powerPreference option is currently ignored when calling requestAdapter() on Windows. See https://crbug.com/369219127 @ :0
[   27582ms] [WARNING] The powerPreference option is currently ignored when calling requestAdapter() on Windows. See https://crbug.com/369219127 @ :0
[   27613ms] [WARNING] The powerPreference option is currently ignored when calling requestAdapter() on Windows. See https://crbug.com/369219127 @ :0
[   27630ms] [WARNING] The powerPreference option is currently ignored when calling requestAdapter() on Windows. See https://crbug.com/369219127 @ :0
[   27644ms] [WARNING] The powerPreference option is currently ignored when calling requestAdapter() on Windows. See https://crbug.com/369219127 @ :0
[   27660ms] [WARNING] The powerPreference option is currently ignored when calling requestAdapter() on Windows. See https://crbug.com/369219127 @ :0
[   27675ms] [WARNING] The powerPreference option is currently ignored when calling requestAdapter() on Windows. See https://crbug.com/369219127 @ :0
[   27708ms] [WARNING] The powerPreference option is currently ignored when calling requestAdapter() on Windows. See https://crbug.com/369219127 @ :0
[   27724ms] [WARNING] The powerPreference option is currently ignored when calling requestAdapter() on Windows. See https://crbug.com/369219127 @ :0
[   27767ms] [WARNING] The powerPreference option is currently ignored when calling requestAdapter() on Windows. See https://crbug.com/369219127 @ :0
[   27781ms] [WARNING] The powerPreference option is currently ignored when calling requestAdapter() on Windows. See https://crbug.com/369219127 @ :0
[   27801ms] [WARNING] The powerPreference option is currently ignored when calling requestAdapter() on Windows. See https://crbug.com/369219127 @ :0
[   27835ms] [WARNING] The powerPreference option is currently ignored when calling requestAdapter() on Windows. See https://crbug.com/369219127 @ :0
[   45570ms] [WARNING] The powerPreference option is currently ignored when calling requestAdapter() on Windows. See https://crbug.com/369219127 @ :0
[   67128ms] [WARNING] The powerPreference option is currently ignored when calling requestAdapter() on Windows. See https://crbug.com/369219127 @ :0
[   89283ms] [WARNING] The powerPreference option is currently ignored when calling requestAdapter() on Windows. See https://crbug.com/369219127 @ :0
[   91878ms] [WARNING] The powerPreference option is currently ignored when calling requestAdapter() on Windows. See https://crbug.com/369219127 @ :0
[   92870ms] [WARNING] The powerPreference option is currently ignored when calling requestAdapter() on Windows. See https://crbug.com/369219127 @ :0
[   92942ms] [WARNING] The powerPreference option is currently ignored when calling requestAdapter() on Windows. See https://crbug.com/369219127 @ :0
[   92973ms] [WARNING] The powerPreference option is currently ignored when calling requestAdapter() on Windows. See https://crbug.com/369219127 @ :0
[   93024ms] [WARNING] The powerPreference option is currently ignored when calling requestAdapter() on Windows. See https://crbug.com/369219127 @ :0
[   93044ms] [WARNING] The powerPreference option is currently ignored when calling requestAdapter() on Windows. See https://crbug.com/369219127 @ :0
[  113878ms] [WARNING] The powerPreference option is currently ignored when calling requestAdapter() on Windows. See https://crbug.com/369219127 @ :0
[  114104ms] [WARNING] The powerPreference option is currently ignored when calling requestAdapter() on Windows. See https://crbug.com/369219127 @ :0
[  114183ms] [WARNING] The powerPreference option is currently ignored when calling requestAdapter() on Windows. See https://crbug.com/369219127 @ :0
[  114203ms] [WARNING] The powerPreference option is currently ignored when calling requestAdapter() on Windows. See https://crbug.com/369219127 @ :0
[  114223ms] [WARNING] The powerPreference option is currently ignored when calling requestAdapter() on Windows. See https://crbug.com/369219127 @ :0
[  164059ms] [WARNING] The powerPreference option is currently ignored when calling requestAdapter() on Windows. See https://crbug.com/369219127 @ :0
[  168287ms] [WARNING] The powerPreference option is currently ignored when calling requestAdapter() on Windows. See https://crbug.com/369219127 @ :0
[  185632ms] [ERROR] Permissions policy violation: compute-pressure is not allowed in this document. @ https://www.youtube.com/s/player/4fd832e7/player_embed_es6.vflset/en_GB/base.js:5401
[  192695ms] [WARNING] The powerPreference option is currently ignored when calling requestAdapter() on Windows. See https://crbug.com/369219127 @ :0
[  192904ms] [WARNING] The powerPreference option is currently ignored when calling requestAdapter() on Windows. See https://crbug.com/369219127 @ :0
[  194930ms] [WARNING] The powerPreference option is currently ignored when calling requestAdapter() on Windows. See https://crbug.com/369219127 @ :0
[  194950ms] [WARNING] The powerPreference option is currently ignored when calling requestAdapter() on Windows. See https://crbug.com/369219127 @ :0
[  194970ms] [WARNING] The powerPreference option is currently ignored when calling requestAdapter() on Windows. See https://crbug.com/369219127 @ :0
[  199608ms] [ERROR] Permissions policy violation: compute-pressure is not allowed in this document. @ https://www.youtube.com/s/player/4fd832e7/player_embed_es6.vflset/en_GB/base.js:5401
[  203021ms] [ERROR] Permissions policy violation: compute-pressure is not allowed in this document. @ https://www.youtube.com/s/player/4fd832e7/player_embed_es6.vflset/en_GB/base.js:5401
[  203037ms] [ERROR] Permissions policy violation: compute-pressure is not allowed in this document. @ https://www.youtube.com/s/player/4fd832e7/player_embed_es6.vflset/en_GB/base.js:5401
[  208545ms] [WARNING] The powerPreference option is currently ignored when calling requestAdapter() on Windows. See https://crbug.com/369219127 @ :0
[  210008ms] [WARNING] The powerPreference option is currently ignored when calling requestAdapter() on Windows. See https://crbug.com/369219127 @ :0
[  210484ms] [WARNING] The powerPreference option is currently ignored when calling requestAdapter() on Windows. See https://crbug.com/369219127 @ :0
[  210578ms] [WARNING] The powerPreference option is currently ignored when calling requestAdapter() on Windows. See https://crbug.com/369219127 @ :0
[  210602ms] [WARNING] The powerPreference option is currently ignored when calling requestAdapter() on Windows. See https://crbug.com/369219127 @ :0
[  210625ms] [WARNING] The powerPreference option is currently ignored when calling requestAdapter() on Windows. See https://crbug.com/369219127 @ :0
[  210703ms] [WARNING] The powerPreference option is currently ignored when calling requestAdapter() on Windows. See https://crbug.com/369219127 @ :0
[   26431ms] [WARNING] The powerPreference option is currently ignored when calling requestAdapter() on Windows. See https://crbug.com/369219127 @ :0
[   27383ms] [WARNING] The powerPreference option is currently ignored when calling requestAdapter() on Windows. See https://crbug.com/369219127 @ :0
[   27582ms] [WARNING] The powerPreference option is currently ignored when calling requestAdapter() on Windows. See https://crbug.com/369219127 @ :0
[   27613ms] [WARNING] The powerPreference option is currently ignored when calling requestAdapter() on Windows. See https://crbug.com/369219127 @ :0
[   27630ms] [WARNING] The powerPreference option is currently ignored when calling requestAdapter() on Windows. See https://crbug.com/369219127 @ :0
[   27644ms] [WARNING] The powerPreference option is currently ignored when calling requestAdapter() on Windows. See https://crbug.com/369219127 @ :0
[   27660ms] [WARNING] The powerPreference option is currently ignored when calling requestAdapter() on Windows. See https://crbug.com/369219127 @ :0
[   27675ms] [WARNING] The powerPreference option is currently ignored when calling requestAdapter() on Windows. See https://crbug.com/369219127 @ :0
[   27708ms] [WARNING] The powerPreference option is currently ignored when calling requestAdapter() on Windows. See https://crbug.com/369219127 @ :0
[   27724ms] [WARNING] The powerPreference option is currently ignored when calling requestAdapter() on Windows. See https://crbug.com/369219127 @ :0
[   27767ms] [WARNING] The powerPreference option is currently ignored when calling requestAdapter() on Windows. See https://crbug.com/369219127 @ :0
[   27781ms] [WARNING] The powerPreference option is currently ignored when calling requestAdapter() on Windows. See https://crbug.com/369219127 @ :0
[   27801ms] [WARNING] The powerPreference option is currently ignored when calling requestAdapter() on Windows. See https://crbug.com/369219127 @ :0
[   27835ms] [WARNING] The powerPreference option is currently ignored when calling requestAdapter() on Windows. See https://crbug.com/369219127 @ :0
[   45570ms] [WARNING] The powerPreference option is currently ignored when calling requestAdapter() on Windows. See https://crbug.com/369219127 @ :0
[   67128ms] [WARNING] The powerPreference option is currently ignored when calling requestAdapter() on Windows. See https://crbug.com/369219127 @ :0
[   89283ms] [WARNING] The powerPreference option is currently ignored when calling requestAdapter() on Windows. See https://crbug.com/369219127 @ :0
[   91878ms] [WARNING] The powerPreference option is currently ignored when calling requestAdapter() on Windows. See https://crbug.com/369219127 @ :0
[   92870ms] [WARNING] The powerPreference option is currently ignored when calling requestAdapter() on Windows. See https://crbug.com/369219127 @ :0
[   92942ms] [WARNING] The powerPreference option is currently ignored when calling requestAdapter() on Windows. See https://crbug.com/369219127 @ :0
[   92973ms] [WARNING] The powerPreference option is currently ignored when calling requestAdapter() on Windows. See https://crbug.com/369219127 @ :0
[   93024ms] [WARNING] The powerPreference option is currently ignored when calling requestAdapter() on Windows. See https://crbug.com/369219127 @ :0
[   93044ms] [WARNING] The powerPreference option is currently ignored when calling requestAdapter() on Windows. See https://crbug.com/369219127 @ :0
[  113878ms] [WARNING] The powerPreference option is currently ignored when calling requestAdapter() on Windows. See https://crbug.com/369219127 @ :0
[  114104ms] [WARNING] The powerPreference option is currently ignored when calling requestAdapter() on Windows. See https://crbug.com/369219127 @ :0
[  114183ms] [WARNING] The powerPreference option is currently ignored when calling requestAdapter() on Windows. See https://crbug.com/369219127 @ :0
[  114203ms] [WARNING] The powerPreference option is currently ignored when calling requestAdapter() on Windows. See https://crbug.com/369219127 @ :0
[  114223ms] [WARNING] The powerPreference option is currently ignored when calling requestAdapter() on Windows. See https://crbug.com/369219127 @ :0
[  164059ms] [WARNING] The powerPreference option is currently ignored when calling requestAdapter() on Windows. See https://crbug.com/369219127 @ :0
[  168287ms] [WARNING] The powerPreference option is currently ignored when calling requestAdapter() on Windows. See https://crbug.com/369219127 @ :0
[  185632ms] [ERROR] Permissions policy violation: compute-pressure is not allowed in this document. @ https://www.youtube.com/s/player/4fd832e7/player_embed_es6.vflset/en_GB/base.js:5401
[  192695ms] [WARNING] The powerPreference option is currently ignored when calling requestAdapter() on Windows. See https://crbug.com/369219127 @ :0
[  192904ms] [WARNING] The powerPreference option is currently ignored when calling requestAdapter() on Windows. See https://crbug.com/369219127 @ :0
[  194930ms] [WARNING] The powerPreference option is currently ignored when calling requestAdapter() on Windows. See https://crbug.com/369219127 @ :0
[  194950ms] [WARNING] The powerPreference option is currently ignored when calling requestAdapter() on Windows. See https://crbug.com/369219127 @ :0
[  194970ms] [WARNING] The powerPreference option is currently ignored when calling requestAdapter() on Windows. See https://crbug.com/369219127 @ :0
[  199608ms] [ERROR] Permissions policy violation: compute-pressure is not allowed in this document. @ https://www.youtube.com/s/player/4fd832e7/player_embed_es6.vflset/en_GB/base.js:5401
[  203021ms] [ERROR] Permissions policy violation: compute-pressure is not allowed in this document. @ https://www.youtube.com/s/player/4fd832e7/player_embed_es6.vflset/en_GB/base.js:5401
[  203037ms] [ERROR] Permissions policy violation: compute-pressure is not allowed in this document. @ https://www.youtube.com/s/player/4fd832e7/player_embed_es6.vflset/en_GB/base.js:5401
[  208545ms] [WARNING] The powerPreference option is currently ignored when calling requestAdapter() on Windows. See https://crbug.com/369219127 @ :0
[  210008ms] [WARNING] The powerPreference option is currently ignored when calling requestAdapter() on Windows. See https://crbug.com/369219127 @ :0
[  210484ms] [WARNING] The powerPreference option is currently ignored when calling requestAdapter() on Windows. See https://crbug.com/369219127 @ :0
[  210578ms] [WARNING] The powerPreference option is currently ignored when calling requestAdapter() on Windows. See https://crbug.com/369219127 @ :0
[  210602ms] [WARNING] The powerPreference option is currently ignored when calling requestAdapter() on Windows. See https://crbug.com/369219127 @ :0
[  210625ms] [WARNING] The powerPreference option is currently ignored when calling requestAdapter() on Windows. See https://crbug.com/369219127 @ :0
[  210703ms] [WARNING] The powerPreference option is currently ignored when calling requestAdapter() on Windows. See https://crbug.com/369219127 @ :0
[   26431ms] [WARNING] The powerPreference option is currently ignored when calling requestAdapter() on Windows. See https://crbug.com/369219127 @ :0
[   27383ms] [WARNING] The powerPreference option is currently ignored when calling requestAdapter() on Windows. See https://crbug.com/369219127 @ :0
[   27582ms] [WARNING] The powerPreference option is currently ignored when calling requestAdapter() on Windows. See https://crbug.com/369219127 @ :0
[   27613ms] [WARNING] The powerPreference option is currently ignored when calling requestAdapter() on Windows. See https://crbug.com/369219127 @ :0
[   27630ms] [WARNING] The powerPreference option is currently ignored when calling requestAdapter() on Windows. See https://crbug.com/369219127 @ :0
[   27644ms] [WARNING] The powerPreference option is currently ignored when calling requestAdapter() on Windows. See https://crbug.com/369219127 @ :0
[   27660ms] [WARNING] The powerPreference option is currently ignored when calling requestAdapter() on Windows. See https://crbug.com/369219127 @ :0
[   27675ms] [WARNING] The powerPreference option is currently ignored when calling requestAdapter() on Windows. See https://crbug.com/369219127 @ :0
[   27708ms] [WARNING] The powerPreference option is currently ignored when calling requestAdapter() on Windows. See https://crbug.com/369219127 @ :0
[   27724ms] [WARNING] The powerPreference option is currently ignored when calling requestAdapter() on Windows. See https://crbug.com/369219127 @ :0
[   27767ms] [WARNING] The powerPreference option is currently ignored when calling requestAdapter() on Windows. See https://crbug.com/369219127 @ :0
[   27781ms] [WARNING] The powerPreference option is currently ignored when calling requestAdapter() on Windows. See https://crbug.com/369219127 @ :0
[   27801ms] [WARNING] The powerPreference option is currently ignored when calling requestAdapter() on Windows. See https://crbug.com/369219127 @ :0
[   27835ms] [WARNING] The powerPreference option is currently ignored when calling requestAdapter() on Windows. See https://crbug.com/369219127 @ :0
[   45570ms] [WARNING] The powerPreference option is currently ignored when calling requestAdapter() on Windows. See https://crbug.com/369219127 @ :0
[   67128ms] [WARNING] The powerPreference option is currently ignored when calling requestAdapter() on Windows. See https://crbug.com/369219127 @ :0
[   89283ms] [WARNING] The powerPreference option is currently ignored when calling requestAdapter() on Windows. See https://crbug.com/369219127 @ :0
[   91878ms] [WARNING] The powerPreference option is currently ignored when calling requestAdapter() on Windows. See https://crbug.com/369219127 @ :0
[   92870ms] [WARNING] The powerPreference option is currently ignored when calling requestAdapter() on Windows. See https://crbug.com/369219127 @ :0
[   92942ms] [WARNING] The powerPreference option is currently ignored when calling requestAdapter() on Windows. See https://crbug.com/369219127 @ :0
[   92973ms] [WARNING] The powerPreference option is currently ignored when calling requestAdapter() on Windows. See https://crbug.com/369219127 @ :0
[   93024ms] [WARNING] The powerPreference option is currently ignored when calling requestAdapter() on Windows. See https://crbug.com/369219127 @ :0
[   93044ms] [WARNING] The powerPreference option is currently ignored when calling requestAdapter() on Windows. See https://crbug.com/369219127 @ :0
[  113878ms] [WARNING] The powerPreference option is currently ignored when calling requestAdapter() on Windows. See https://crbug.com/369219127 @ :0
[  114104ms] [WARNING] The powerPreference option is currently ignored when calling requestAdapter() on Windows. See https://crbug.com/369219127 @ :0
[  114183ms] [WARNING] The powerPreference option is currently ignored when calling requestAdapter() on Windows. See https://crbug.com/369219127 @ :0
[  114203ms] [WARNING] The powerPreference option is currently ignored when calling requestAdapter() on Windows. See https://crbug.com/369219127 @ :0
[  114223ms] [WARNING] The powerPreference option is currently ignored when calling requestAdapter() on Windows. See https://crbug.com/369219127 @ :0
[  164059ms] [WARNING] The powerPreference option is currently ignored when calling requestAdapter() on Windows. See https://crbug.com/369219127 @ :0
[  168287ms] [WARNING] The powerPreference option is currently ignored when calling requestAdapter() on Windows. See https://crbug.com/369219127 @ :0
[  185632ms] [ERROR] Permissions policy violation: compute-pressure is not allowed in this document. @ https://www.youtube.com/s/player/4fd832e7/player_embed_es6.vflset/en_GB/base.js:5401
[  192695ms] [WARNING] The powerPreference option is currently ignored when calling requestAdapter() on Windows. See https://crbug.com/369219127 @ :0
[  192904ms] [WARNING] The powerPreference option is currently ignored when calling requestAdapter() on Windows. See https://crbug.com/369219127 @ :0
[  194930ms] [WARNING] The powerPreference option is currently ignored when calling requestAdapter() on Windows. See https://crbug.com/369219127 @ :0
[  194950ms] [WARNING] The powerPreference option is currently ignored when calling requestAdapter() on Windows. See https://crbug.com/369219127 @ :0
[  194970ms] [WARNING] The powerPreference option is currently ignored when calling requestAdapter() on Windows. See https://crbug.com/369219127 @ :0
[  199608ms] [ERROR] Permissions policy violation: compute-pressure is not allowed in this document. @ https://www.youtube.com/s/player/4fd832e7/player_embed_es6.vflset/en_GB/base.js:5401
[  203021ms] [ERROR] Permissions policy violation: compute-pressure is not allowed in this document. @ https://www.youtube.com/s/player/4fd832e7/player_embed_es6.vflset/en_GB/base.js:5401
[  203037ms] [ERROR] Permissions policy violation: compute-pressure is not allowed in this document. @ https://www.youtube.com/s/player/4fd832e7/player_embed_es6.vflset/en_GB/base.js:5401
[  208545ms] [WARNING] The powerPreference option is currently ignored when calling requestAdapter() on Windows. See https://crbug.com/369219127 @ :0
[  210008ms] [WARNING] The powerPreference option is currently ignored when calling requestAdapter() on Windows. See https://crbug.com/369219127 @ :0
[  210484ms] [WARNING] The powerPreference option is currently ignored when calling requestAdapter() on Windows. See https://crbug.com/369219127 @ :0
[  210578ms] [WARNING] The powerPreference option is currently ignored when calling requestAdapter() on Windows. See https://crbug.com/369219127 @ :0
[  210602ms] [WARNING] The powerPreference option is currently ignored when calling requestAdapter() on Windows. See https://crbug.com/369219127 @ :0
[  210625ms] [WARNING] The powerPreference option is currently ignored when calling requestAdapter() on Windows. See https://crbug.com/369219127 @ :0
[  210703ms] [WARNING] The powerPreference option is currently ignored when calling requestAdapter() on Windows. See https://crbug.com/369219127 @ :0
[   26431ms] [WARNING] The powerPreference option is currently ignored when calling requestAdapter() on Windows. See https://crbug.com/369219127 @ :0
[   27383ms] [WARNING] The powerPreference option is currently ignored when calling requestAdapter() on Windows. See https://crbug.com/369219127 @ :0
[   27582ms] [WARNING] The powerPreference option is currently ignored when calling requestAdapter() on Windows. See https://crbug.com/369219127 @ :0
[   27613ms] [WARNING] The powerPreference option is currently ignored when calling requestAdapter() on Windows. See https://crbug.com/369219127 @ :0
[   27630ms] [WARNING] The powerPreference option is currently ignored when calling requestAdapter() on Windows. See https://crbug.com/369219127 @ :0
[   27644ms] [WARNING] The powerPreference option is currently ignored when calling requestAdapter() on Windows. See https://crbug.com/369219127 @ :0
[   27660ms] [WARNING] The powerPreference option is currently ignored when calling requestAdapter() on Windows. See https://crbug.com/369219127 @ :0
[   27675ms] [WARNING] The powerPreference option is currently ignored when calling requestAdapter() on Windows. See https://crbug.com/369219127 @ :0
[   27708ms] [WARNING] The powerPreference option is currently ignored when calling requestAdapter() on Windows. See https://crbug.com/369219127 @ :0
[   27724ms] [WARNING] The powerPreference option is currently ignored when calling requestAdapter() on Windows. See https://crbug.com/369219127 @ :0
[   27767ms] [WARNING] The powerPreference option is currently ignored when calling requestAdapter() on Windows. See https://crbug.com/369219127 @ :0
[   27781ms] [WARNING] The powerPreference option is currently ignored when calling requestAdapter() on Windows. See https://crbug.com/369219127 @ :0
[   27801ms] [WARNING] The powerPreference option is currently ignored when calling requestAdapter() on Windows. See https://crbug.com/369219127 @ :0
[   27835ms] [WARNING] The powerPreference option is currently ignored when calling requestAdapter() on Windows. See https://crbug.com/369219127 @ :0
[   45570ms] [WARNING] The powerPreference option is currently ignored when calling requestAdapter() on Windows. See https://crbug.com/369219127 @ :0
[   67128ms] [WARNING] The powerPreference option is currently ignored when calling requestAdapter() on Windows. See https://crbug.com/369219127 @ :0
[   89283ms] [WARNING] The powerPreference option is currently ignored when calling requestAdapter() on Windows. See https://crbug.com/369219127 @ :0
[   91878ms] [WARNING] The powerPreference option is currently ignored when calling requestAdapter() on Windows. See https://crbug.com/369219127 @ :0
[   92870ms] [WARNING] The powerPreference option is currently ignored when calling requestAdapter() on Windows. See https://crbug.com/369219127 @ :0
[   92942ms] [WARNING] The powerPreference option is currently ignored when calling requestAdapter() on Windows. See https://crbug.com/369219127 @ :0
[   92973ms] [WARNING] The powerPreference option is currently ignored when calling requestAdapter() on Windows. See https://crbug.com/369219127 @ :0
[   93024ms] [WARNING] The powerPreference option is currently ignored when calling requestAdapter() on Windows. See https://crbug.com/369219127 @ :0
[   93044ms] [WARNING] The powerPreference option is currently ignored when calling requestAdapter() on Windows. See https://crbug.com/369219127 @ :0
[  113878ms] [WARNING] The powerPreference option is currently ignored when calling requestAdapter() on Windows. See https://crbug.com/369219127 @ :0
[  114104ms] [WARNING] The powerPreference option is currently ignored when calling requestAdapter() on Windows. See https://crbug.com/369219127 @ :0
[  114183ms] [WARNING] The powerPreference option is currently ignored when calling requestAdapter() on Windows. See https://crbug.com/369219127 @ :0
[  114203ms] [WARNING] The powerPreference option is currently ignored when calling requestAdapter() on Windows. See https://crbug.com/369219127 @ :0
[  114223ms] [WARNING] The powerPreference option is currently ignored when calling requestAdapter() on Windows. See https://crbug.com/369219127 @ :0
[  164059ms] [WARNING] The powerPreference option is currently ignored when calling requestAdapter() on Windows. See https://crbug.com/369219127 @ :0
[  168287ms] [WARNING] The powerPreference option is currently ignored when calling requestAdapter() on Windows. See https://crbug.com/369219127 @ :0
[  185632ms] [ERROR] Permissions policy violation: compute-pressure is not allowed in this document. @ https://www.youtube.com/s/player/4fd832e7/player_embed_es6.vflset/en_GB/base.js:5401
[  192695ms] [WARNING] The powerPreference option is currently ignored when calling requestAdapter() on Windows. See https://crbug.com/369219127 @ :0
[  192904ms] [WARNING] The powerPreference option is currently ignored when calling requestAdapter() on Windows. See https://crbug.com/369219127 @ :0
[  194930ms] [WARNING] The powerPreference option is currently ignored when calling requestAdapter() on Windows. See https://crbug.com/369219127 @ :0
[  194950ms] [WARNING] The powerPreference option is currently ignored when calling requestAdapter() on Windows. See https://crbug.com/369219127 @ :0
[  194970ms] [WARNING] The powerPreference option is currently ignored when calling requestAdapter() on Windows. See https://crbug.com/369219127 @ :0
[  199608ms] [ERROR] Permissions policy violation: compute-pressure is not allowed in this document. @ https://www.youtube.com/s/player/4fd832e7/player_embed_es6.vflset/en_GB/base.js:5401
[  203021ms] [ERROR] Permissions policy violation: compute-pressure is not allowed in this document. @ https://www.youtube.com/s/player/4fd832e7/player_embed_es6.vflset/en_GB/base.js:5401
[  203037ms] [ERROR] Permissions policy violation: compute-pressure is not allowed in this document. @ https://www.youtube.com/s/player/4fd832e7/player_embed_es6.vflset/en_GB/base.js:5401
[  208545ms] [WARNING] The powerPreference option is currently ignored when calling requestAdapter() on Windows. See https://crbug.com/369219127 @ :0
[  210008ms] [WARNING] The powerPreference option is currently ignored when calling requestAdapter() on Windows. See https://crbug.com/369219127 @ :0
[  210484ms] [WARNING] The powerPreference option is currently ignored when calling requestAdapter() on Windows. See https://crbug.com/369219127 @ :0
[  210578ms] [WARNING] The powerPreference option is currently ignored when calling requestAdapter() on Windows. See https://crbug.com/369219127 @ :0
[  210602ms] [WARNING] The powerPreference option is currently ignored when calling requestAdapter() on Windows. See https://crbug.com/369219127 @ :0
[  210625ms] [WARNING] The powerPreference option is currently ignored when calling requestAdapter() on Windows. See https://crbug.com/369219127 @ :0
[  210703ms] [WARNING] The powerPreference option is currently ignored when calling requestAdapter() on Windows. See https://crbug.com/369219127 @ :0
[  236263ms] [WARNING] The powerPreference option is currently ignored when calling requestAdapter() on Windows. See https://crbug.com/369219127 @ :0
[  236508ms] [WARNING] The powerPreference option is currently ignored when calling requestAdapter() on Windows. See https://crbug.com/369219127 @ :0
[  236550ms] [WARNING] The powerPreference option is currently ignored when calling requestAdapter() on Windows. See https://crbug.com/369219127 @ :0
[  236566ms] [WARNING] The powerPreference option is currently ignored when calling requestAdapter() on Windows. See https://crbug.com/369219127 @ :0
[  236711ms] [WARNING] The powerPreference option is currently ignored when calling requestAdapter() on Windows. See https://crbug.com/369219127 @ :0
[   26431ms] [WARNING] The powerPreference option is currently ignored when calling requestAdapter() on Windows. See https://crbug.com/369219127 @ :0
[   27383ms] [WARNING] The powerPreference option is currently ignored when calling requestAdapter() on Windows. See https://crbug.com/369219127 @ :0
[   27582ms] [WARNING] The powerPreference option is currently ignored when calling requestAdapter() on Windows. See https://crbug.com/369219127 @ :0
[   27613ms] [WARNING] The powerPreference option is currently ignored when calling requestAdapter() on Windows. See https://crbug.com/369219127 @ :0
[   27630ms] [WARNING] The powerPreference option is currently ignored when calling requestAdapter() on Windows. See https://crbug.com/369219127 @ :0
[   27644ms] [WARNING] The powerPreference option is currently ignored when calling requestAdapter() on Windows. See https://crbug.com/369219127 @ :0
[   27660ms] [WARNING] The powerPreference option is currently ignored when calling requestAdapter() on Windows. See https://crbug.com/369219127 @ :0
[   27675ms] [WARNING] The powerPreference option is currently ignored when calling requestAdapter() on Windows. See https://crbug.com/369219127 @ :0
[   27708ms] [WARNING] The powerPreference option is currently ignored when calling requestAdapter() on Windows. See https://crbug.com/369219127 @ :0
[   27724ms] [WARNING] The powerPreference option is currently ignored when calling requestAdapter() on Windows. See https://crbug.com/369219127 @ :0
[   27767ms] [WARNING] The powerPreference option is currently ignored when calling requestAdapter() on Windows. See https://crbug.com/369219127 @ :0
[   27781ms] [WARNING] The powerPreference option is currently ignored when calling requestAdapter() on Windows. See https://crbug.com/369219127 @ :0
[   27801ms] [WARNING] The powerPreference option is currently ignored when calling requestAdapter() on Windows. See https://crbug.com/369219127 @ :0
[   27835ms] [WARNING] The powerPreference option is currently ignored when calling requestAdapter() on Windows. See https://crbug.com/369219127 @ :0
[   45570ms] [WARNING] The powerPreference option is currently ignored when calling requestAdapter() on Windows. See https://crbug.com/369219127 @ :0
[   67128ms] [WARNING] The powerPreference option is currently ignored when calling requestAdapter() on Windows. See https://crbug.com/369219127 @ :0
[   89283ms] [WARNING] The powerPreference option is currently ignored when calling requestAdapter() on Windows. See https://crbug.com/369219127 @ :0
[   91878ms] [WARNING] The powerPreference option is currently ignored when calling requestAdapter() on Windows. See https://crbug.com/369219127 @ :0
[   92870ms] [WARNING] The powerPreference option is currently ignored when calling requestAdapter() on Windows. See https://crbug.com/369219127 @ :0
[   92942ms] [WARNING] The powerPreference option is currently ignored when calling requestAdapter() on Windows. See https://crbug.com/369219127 @ :0
[   92973ms] [WARNING] The powerPreference option is currently ignored when calling requestAdapter() on Windows. See https://crbug.com/369219127 @ :0
[   93024ms] [WARNING] The powerPreference option is currently ignored when calling requestAdapter() on Windows. See https://crbug.com/369219127 @ :0
[   93044ms] [WARNING] The powerPreference option is currently ignored when calling requestAdapter() on Windows. See https://crbug.com/369219127 @ :0
[  113878ms] [WARNING] The powerPreference option is currently ignored when calling requestAdapter() on Windows. See https://crbug.com/369219127 @ :0
[  114104ms] [WARNING] The powerPreference option is currently ignored when calling requestAdapter() on Windows. See https://crbug.com/369219127 @ :0
[  114183ms] [WARNING] The powerPreference option is currently ignored when calling requestAdapter() on Windows. See https://crbug.com/369219127 @ :0
[  114203ms] [WARNING] The powerPreference option is currently ignored when calling requestAdapter() on Windows. See https://crbug.com/369219127 @ :0
[  114223ms] [WARNING] The powerPreference option is currently ignored when calling requestAdapter() on Windows. See https://crbug.com/369219127 @ :0
[  164059ms] [WARNING] The powerPreference option is currently ignored when calling requestAdapter() on Windows. See https://crbug.com/369219127 @ :0
[  168287ms] [WARNING] The powerPreference option is currently ignored when calling requestAdapter() on Windows. See https://crbug.com/369219127 @ :0
[  185632ms] [ERROR] Permissions policy violation: compute-pressure is not allowed in this document. @ https://www.youtube.com/s/player/4fd832e7/player_embed_es6.vflset/en_GB/base.js:5401
[  192695ms] [WARNING] The powerPreference option is currently ignored when calling requestAdapter() on Windows. See https://crbug.com/369219127 @ :0
[  192904ms] [WARNING] The powerPreference option is currently ignored when calling requestAdapter() on Windows. See https://crbug.com/369219127 @ :0
[  194930ms] [WARNING] The powerPreference option is currently ignored when calling requestAdapter() on Windows. See https://crbug.com/369219127 @ :0
[  194950ms] [WARNING] The powerPreference option is currently ignored when calling requestAdapter() on Windows. See https://crbug.com/369219127 @ :0
[  194970ms] [WARNING] The powerPreference option is currently ignored when calling requestAdapter() on Windows. See https://crbug.com/369219127 @ :0
[  199608ms] [ERROR] Permissions policy violation: compute-pressure is not allowed in this document. @ https://www.youtube.com/s/player/4fd832e7/player_embed_es6.vflset/en_GB/base.js:5401
[  203021ms] [ERROR] Permissions policy violation: compute-pressure is not allowed in this document. @ https://www.youtube.com/s/player/4fd832e7/player_embed_es6.vflset/en_GB/base.js:5401
[  203037ms] [ERROR] Permissions policy violation: compute-pressure is not allowed in this document. @ https://www.youtube.com/s/player/4fd832e7/player_embed_es6.vflset/en_GB/base.js:5401
[  208545ms] [WARNING] The powerPreference option is currently ignored when calling requestAdapter() on Windows. See https://crbug.com/369219127 @ :0
[  210008ms] [WARNING] The powerPreference option is currently ignored when calling requestAdapter() on Windows. See https://crbug.com/369219127 @ :0
[  210484ms] [WARNING] The powerPreference option is currently ignored when calling requestAdapter() on Windows. See https://crbug.com/369219127 @ :0
[  210578ms] [WARNING] The powerPreference option is currently ignored when calling requestAdapter() on Windows. See https://crbug.com/369219127 @ :0
[  210602ms] [WARNING] The powerPreference option is currently ignored when calling requestAdapter() on Windows. See https://crbug.com/369219127 @ :0
[  210625ms] [WARNING] The powerPreference option is currently ignored when calling requestAdapter() on Windows. See https://crbug.com/369219127 @ :0
[  210703ms] [WARNING] The powerPreference option is currently ignored when calling requestAdapter() on Windows. See https://crbug.com/369219127 @ :0
[  236263ms] [WARNING] The powerPreference option is currently ignored when calling requestAdapter() on Windows. See https://crbug.com/369219127 @ :0
[  236508ms] [WARNING] The powerPreference option is currently ignored when calling requestAdapter() on Windows. See https://crbug.com/369219127 @ :0
[  236550ms] [WARNING] The powerPreference option is currently ignored when calling requestAdapter() on Windows. See https://crbug.com/369219127 @ :0
[  236566ms] [WARNING] The powerPreference option is currently ignored when calling requestAdapter() on Windows. See https://crbug.com/369219127 @ :0
[  236711ms] [WARNING] The powerPreference option is currently ignored when calling requestAdapter() on Windows. See https://crbug.com/369219127 @ :0
[   26431ms] [WARNING] The powerPreference option is currently ignored when calling requestAdapter() on Windows. See https://crbug.com/369219127 @ :0
[   27383ms] [WARNING] The powerPreference option is currently ignored when calling requestAdapter() on Windows. See https://crbug.com/369219127 @ :0
[   27582ms] [WARNING] The powerPreference option is currently ignored when calling requestAdapter() on Windows. See https://crbug.com/369219127 @ :0
[   27613ms] [WARNING] The powerPreference option is currently ignored when calling requestAdapter() on Windows. See https://crbug.com/369219127 @ :0
[   27630ms] [WARNING] The powerPreference option is currently ignored when calling requestAdapter() on Windows. See https://crbug.com/369219127 @ :0
[   27644ms] [WARNING] The powerPreference option is currently ignored when calling requestAdapter() on Windows. See https://crbug.com/369219127 @ :0
[   27660ms] [WARNING] The powerPreference option is currently ignored when calling requestAdapter() on Windows. See https://crbug.com/369219127 @ :0
[   27675ms] [WARNING] The powerPreference option is currently ignored when calling requestAdapter() on Windows. See https://crbug.com/369219127 @ :0
[   27708ms] [WARNING] The powerPreference option is currently ignored when calling requestAdapter() on Windows. See https://crbug.com/369219127 @ :0
[   27724ms] [WARNING] The powerPreference option is currently ignored when calling requestAdapter() on Windows. See https://crbug.com/369219127 @ :0
[   27767ms] [WARNING] The powerPreference option is currently ignored when calling requestAdapter() on Windows. See https://crbug.com/369219127 @ :0
[   27781ms] [WARNING] The powerPreference option is currently ignored when calling requestAdapter() on Windows. See https://crbug.com/369219127 @ :0
[   27801ms] [WARNING] The powerPreference option is currently ignored when calling requestAdapter() on Windows. See https://crbug.com/369219127 @ :0
[   27835ms] [WARNING] The powerPreference option is currently ignored when calling requestAdapter() on Windows. See https://crbug.com/369219127 @ :0
[   45570ms] [WARNING] The powerPreference option is currently ignored when calling requestAdapter() on Windows. See https://crbug.com/369219127 @ :0
[   67128ms] [WARNING] The powerPreference option is currently ignored when calling requestAdapter() on Windows. See https://crbug.com/369219127 @ :0
[   89283ms] [WARNING] The powerPreference option is currently ignored when calling requestAdapter() on Windows. See https://crbug.com/369219127 @ :0
[   91878ms] [WARNING] The powerPreference option is currently ignored when calling requestAdapter() on Windows. See https://crbug.com/369219127 @ :0
[   92870ms] [WARNING] The powerPreference option is currently ignored when calling requestAdapter() on Windows. See https://crbug.com/369219127 @ :0
[   92942ms] [WARNING] The powerPreference option is currently ignored when calling requestAdapter() on Windows. See https://crbug.com/369219127 @ :0
[   92973ms] [WARNING] The powerPreference option is currently ignored when calling requestAdapter() on Windows. See https://crbug.com/369219127 @ :0
[   93024ms] [WARNING] The powerPreference option is currently ignored when calling requestAdapter() on Windows. See https://crbug.com/369219127 @ :0
[   93044ms] [WARNING] The powerPreference option is currently ignored when calling requestAdapter() on Windows. See https://crbug.com/369219127 @ :0
[  113878ms] [WARNING] The powerPreference option is currently ignored when calling requestAdapter() on Windows. See https://crbug.com/369219127 @ :0
[  114104ms] [WARNING] The powerPreference option is currently ignored when calling requestAdapter() on Windows. See https://crbug.com/369219127 @ :0
[  114183ms] [WARNING] The powerPreference option is currently ignored when calling requestAdapter() on Windows. See https://crbug.com/369219127 @ :0
[  114203ms] [WARNING] The powerPreference option is currently ignored when calling requestAdapter() on Windows. See https://crbug.com/369219127 @ :0
[  114223ms] [WARNING] The powerPreference option is currently ignored when calling requestAdapter() on Windows. See https://crbug.com/369219127 @ :0
[  164059ms] [WARNING] The powerPreference option is currently ignored when calling requestAdapter() on Windows. See https://crbug.com/369219127 @ :0
[  168287ms] [WARNING] The powerPreference option is currently ignored when calling requestAdapter() on Windows. See https://crbug.com/369219127 @ :0
[  185632ms] [ERROR] Permissions policy violation: compute-pressure is not allowed in this document. @ https://www.youtube.com/s/player/4fd832e7/player_embed_es6.vflset/en_GB/base.js:5401
[  192695ms] [WARNING] The powerPreference option is currently ignored when calling requestAdapter() on Windows. See https://crbug.com/369219127 @ :0
[  192904ms] [WARNING] The powerPreference option is currently ignored when calling requestAdapter() on Windows. See https://crbug.com/369219127 @ :0
[  194930ms] [WARNING] The powerPreference option is currently ignored when calling requestAdapter() on Windows. See https://crbug.com/369219127 @ :0
[  194950ms] [WARNING] The powerPreference option is currently ignored when calling requestAdapter() on Windows. See https://crbug.com/369219127 @ :0
[  194970ms] [WARNING] The powerPreference option is currently ignored when calling requestAdapter() on Windows. See https://crbug.com/369219127 @ :0
[  199608ms] [ERROR] Permissions policy violation: compute-pressure is not allowed in this document. @ https://www.youtube.com/s/player/4fd832e7/player_embed_es6.vflset/en_GB/base.js:5401
[  203021ms] [ERROR] Permissions policy violation: compute-pressure is not allowed in this document. @ https://www.youtube.com/s/player/4fd832e7/player_embed_es6.vflset/en_GB/base.js:5401
[  203037ms] [ERROR] Permissions policy violation: compute-pressure is not allowed in this document. @ https://www.youtube.com/s/player/4fd832e7/player_embed_es6.vflset/en_GB/base.js:5401
[  208545ms] [WARNING] The powerPreference option is currently ignored when calling requestAdapter() on Windows. See https://crbug.com/369219127 @ :0
[  210008ms] [WARNING] The powerPreference option is currently ignored when calling requestAdapter() on Windows. See https://crbug.com/369219127 @ :0
[  210484ms] [WARNING] The powerPreference option is currently ignored when calling requestAdapter() on Windows. See https://crbug.com/369219127 @ :0
[  210578ms] [WARNING] The powerPreference option is currently ignored when calling requestAdapter() on Windows. See https://crbug.com/369219127 @ :0
[  210602ms] [WARNING] The powerPreference option is currently ignored when calling requestAdapter() on Windows. See https://crbug.com/369219127 @ :0
[  210625ms] [WARNING] The powerPreference option is currently ignored when calling requestAdapter() on Windows. See https://crbug.com/369219127 @ :0
[  210703ms] [WARNING] The powerPreference option is currently ignored when calling requestAdapter() on Windows. See https://crbug.com/369219127 @ :0
[  236263ms] [WARNING] The powerPreference option is currently ignored when calling requestAdapter() on Windows. See https://crbug.com/369219127 @ :0
[  236508ms] [WARNING] The powerPreference option is currently ignored when calling requestAdapter() on Windows. See https://crbug.com/369219127 @ :0
[  236550ms] [WARNING] The powerPreference option is currently ignored when calling requestAdapter() on Windows. See https://crbug.com/369219127 @ :0
[  236566ms] [WARNING] The powerPreference option is currently ignored when calling requestAdapter() on Windows. See https://crbug.com/369219127 @ :0
[  236711ms] [WARNING] The powerPreference option is currently ignored when calling requestAdapter() on Windows. See https://crbug.com/369219127 @ :0
[   26431ms] [WARNING] The powerPreference option is currently ignored when calling requestAdapter() on Windows. See https://crbug.com/369219127 @ :0
[   27383ms] [WARNING] The powerPreference option is currently ignored when calling requestAdapter() on Windows. See https://crbug.com/369219127 @ :0
[   27582ms] [WARNING] The powerPreference option is currently ignored when calling requestAdapter() on Windows. See https://crbug.com/369219127 @ :0
[   27613ms] [WARNING] The powerPreference option is currently ignored when calling requestAdapter() on Windows. See https://crbug.com/369219127 @ :0
[   27630ms] [WARNING] The powerPreference option is currently ignored when calling requestAdapter() on Windows. See https://crbug.com/369219127 @ :0
[   27644ms] [WARNING] The powerPreference option is currently ignored when calling requestAdapter() on Windows. See https://crbug.com/369219127 @ :0
[   27660ms] [WARNING] The powerPreference option is currently ignored when calling requestAdapter() on Windows. See https://crbug.com/369219127 @ :0
[   27675ms] [WARNING] The powerPreference option is currently ignored when calling requestAdapter() on Windows. See https://crbug.com/369219127 @ :0
[   27708ms] [WARNING] The powerPreference option is currently ignored when calling requestAdapter() on Windows. See https://crbug.com/369219127 @ :0
[   27724ms] [WARNING] The powerPreference option is currently ignored when calling requestAdapter() on Windows. See https://crbug.com/369219127 @ :0
[   27767ms] [WARNING] The powerPreference option is currently ignored when calling requestAdapter() on Windows. See https://crbug.com/369219127 @ :0
[   27781ms] [WARNING] The powerPreference option is currently ignored when calling requestAdapter() on Windows. See https://crbug.com/369219127 @ :0
[   27801ms] [WARNING] The powerPreference option is currently ignored when calling requestAdapter() on Windows. See https://crbug.com/369219127 @ :0
[   27835ms] [WARNING] The powerPreference option is currently ignored when calling requestAdapter() on Windows. See https://crbug.com/369219127 @ :0
[   45570ms] [WARNING] The powerPreference option is currently ignored when calling requestAdapter() on Windows. See https://crbug.com/369219127 @ :0
[   67128ms] [WARNING] The powerPreference option is currently ignored when calling requestAdapter() on Windows. See https://crbug.com/369219127 @ :0
[   89283ms] [WARNING] The powerPreference option is currently ignored when calling requestAdapter() on Windows. See https://crbug.com/369219127 @ :0
[   91878ms] [WARNING] The powerPreference option is currently ignored when calling requestAdapter() on Windows. See https://crbug.com/369219127 @ :0
[   92870ms] [WARNING] The powerPreference option is currently ignored when calling requestAdapter() on Windows. See https://crbug.com/369219127 @ :0
[   92942ms] [WARNING] The powerPreference option is currently ignored when calling requestAdapter() on Windows. See https://crbug.com/369219127 @ :0
[   92973ms] [WARNING] The powerPreference option is currently ignored when calling requestAdapter() on Windows. See https://crbug.com/369219127 @ :0
[   93024ms] [WARNING] The powerPreference option is currently ignored when calling requestAdapter() on Windows. See https://crbug.com/369219127 @ :0
[   93044ms] [WARNING] The powerPreference option is currently ignored when calling requestAdapter() on Windows. See https://crbug.com/369219127 @ :0
[  113878ms] [WARNING] The powerPreference option is currently ignored when calling requestAdapter() on Windows. See https://crbug.com/369219127 @ :0
[  114104ms] [WARNING] The powerPreference option is currently ignored when calling requestAdapter() on Windows. See https://crbug.com/369219127 @ :0
[  114183ms] [WARNING] The powerPreference option is currently ignored when calling requestAdapter() on Windows. See https://crbug.com/369219127 @ :0
[  114203ms] [WARNING] The powerPreference option is currently ignored when calling requestAdapter() on Windows. See https://crbug.com/369219127 @ :0
[  114223ms] [WARNING] The powerPreference option is currently ignored when calling requestAdapter() on Windows. See https://crbug.com/369219127 @ :0
[  164059ms] [WARNING] The powerPreference option is currently ignored when calling requestAdapter() on Windows. See https://crbug.com/369219127 @ :0
[  168287ms] [WARNING] The powerPreference option is currently ignored when calling requestAdapter() on Windows. See https://crbug.com/369219127 @ :0
[  185632ms] [ERROR] Permissions policy violation: compute-pressure is not allowed in this document. @ https://www.youtube.com/s/player/4fd832e7/player_embed_es6.vflset/en_GB/base.js:5401
[  192695ms] [WARNING] The powerPreference option is currently ignored when calling requestAdapter() on Windows. See https://crbug.com/369219127 @ :0
[  192904ms] [WARNING] The powerPreference option is currently ignored when calling requestAdapter() on Windows. See https://crbug.com/369219127 @ :0
[  194930ms] [WARNING] The powerPreference option is currently ignored when calling requestAdapter() on Windows. See https://crbug.com/369219127 @ :0
[  194950ms] [WARNING] The powerPreference option is currently ignored when calling requestAdapter() on Windows. See https://crbug.com/369219127 @ :0
[  194970ms] [WARNING] The powerPreference option is currently ignored when calling requestAdapter() on Windows. See https://crbug.com/369219127 @ :0
[  199608ms] [ERROR] Permissions policy violation: compute-pressure is not allowed in this document. @ https://www.youtube.com/s/player/4fd832e7/player_embed_es6.vflset/en_GB/base.js:5401
[  203021ms] [ERROR] Permissions policy violation: compute-pressure is not allowed in this document. @ https://www.youtube.com/s/player/4fd832e7/player_embed_es6.vflset/en_GB/base.js:5401
[  203037ms] [ERROR] Permissions policy violation: compute-pressure is not allowed in this document. @ https://www.youtube.com/s/player/4fd832e7/player_embed_es6.vflset/en_GB/base.js:5401
[  208545ms] [WARNING] The powerPreference option is currently ignored when calling requestAdapter() on Windows. See https://crbug.com/369219127 @ :0
[  210008ms] [WARNING] The powerPreference option is currently ignored when calling requestAdapter() on Windows. See https://crbug.com/369219127 @ :0
[  210484ms] [WARNING] The powerPreference option is currently ignored when calling requestAdapter() on Windows. See https://crbug.com/369219127 @ :0
[  210578ms] [WARNING] The powerPreference option is currently ignored when calling requestAdapter() on Windows. See https://crbug.com/369219127 @ :0
[  210602ms] [WARNING] The powerPreference option is currently ignored when calling requestAdapter() on Windows. See https://crbug.com/369219127 @ :0
[  210625ms] [WARNING] The powerPreference option is currently ignored when calling requestAdapter() on Windows. See https://crbug.com/369219127 @ :0
[  210703ms] [WARNING] The powerPreference option is currently ignored when calling requestAdapter() on Windows. See https://crbug.com/369219127 @ :0
[  236263ms] [WARNING] The powerPreference option is currently ignored when calling requestAdapter() on Windows. See https://crbug.com/369219127 @ :0
[  236508ms] [WARNING] The powerPreference option is currently ignored when calling requestAdapter() on Windows. See https://crbug.com/369219127 @ :0
[  236550ms] [WARNING] The powerPreference option is currently ignored when calling requestAdapter() on Windows. See https://crbug.com/369219127 @ :0
[  236566ms] [WARNING] The powerPreference option is currently ignored when calling requestAdapter() on Windows. See https://crbug.com/369219127 @ :0
[  236711ms] [WARNING] The powerPreference option is currently ignored when calling requestAdapter() on Windows. See https://crbug.com/369219127 @ :0
[   26431ms] [WARNING] The powerPreference option is currently ignored when calling requestAdapter() on Windows. See https://crbug.com/369219127 @ :0
[   27383ms] [WARNING] The powerPreference option is currently ignored when calling requestAdapter() on Windows. See https://crbug.com/369219127 @ :0
[   27582ms] [WARNING] The powerPreference option is currently ignored when calling requestAdapter() on Windows. See https://crbug.com/369219127 @ :0
[   27613ms] [WARNING] The powerPreference option is currently ignored when calling requestAdapter() on Windows. See https://crbug.com/369219127 @ :0
[   27630ms] [WARNING] The powerPreference option is currently ignored when calling requestAdapter() on Windows. See https://crbug.com/369219127 @ :0
[   27644ms] [WARNING] The powerPreference option is currently ignored when calling requestAdapter() on Windows. See https://crbug.com/369219127 @ :0
[   27660ms] [WARNING] The powerPreference option is currently ignored when calling requestAdapter() on Windows. See https://crbug.com/369219127 @ :0
[   27675ms] [WARNING] The powerPreference option is currently ignored when calling requestAdapter() on Windows. See https://crbug.com/369219127 @ :0
[   27708ms] [WARNING] The powerPreference option is currently ignored when calling requestAdapter() on Windows. See https://crbug.com/369219127 @ :0
[   27724ms] [WARNING] The powerPreference option is currently ignored when calling requestAdapter() on Windows. See https://crbug.com/369219127 @ :0
[   27767ms] [WARNING] The powerPreference option is currently ignored when calling requestAdapter() on Windows. See https://crbug.com/369219127 @ :0
[   27781ms] [WARNING] The powerPreference option is currently ignored when calling requestAdapter() on Windows. See https://crbug.com/369219127 @ :0
[   27801ms] [WARNING] The powerPreference option is currently ignored when calling requestAdapter() on Windows. See https://crbug.com/369219127 @ :0
[   27835ms] [WARNING] The powerPreference option is currently ignored when calling requestAdapter() on Windows. See https://crbug.com/369219127 @ :0
[   45570ms] [WARNING] The powerPreference option is currently ignored when calling requestAdapter() on Windows. See https://crbug.com/369219127 @ :0
[   67128ms] [WARNING] The powerPreference option is currently ignored when calling requestAdapter() on Windows. See https://crbug.com/369219127 @ :0
[   89283ms] [WARNING] The powerPreference option is currently ignored when calling requestAdapter() on Windows. See https://crbug.com/369219127 @ :0
[   91878ms] [WARNING] The powerPreference option is currently ignored when calling requestAdapter() on Windows. See https://crbug.com/369219127 @ :0
[   92870ms] [WARNING] The powerPreference option is currently ignored when calling requestAdapter() on Windows. See https://crbug.com/369219127 @ :0
[   92942ms] [WARNING] The powerPreference option is currently ignored when calling requestAdapter() on Windows. See https://crbug.com/369219127 @ :0
[   92973ms] [WARNING] The powerPreference option is currently ignored when calling requestAdapter() on Windows. See https://crbug.com/369219127 @ :0
[   93024ms] [WARNING] The powerPreference option is currently ignored when calling requestAdapter() on Windows. See https://crbug.com/369219127 @ :0
[   93044ms] [WARNING] The powerPreference option is currently ignored when calling requestAdapter() on Windows. See https://crbug.com/369219127 @ :0
[  113878ms] [WARNING] The powerPreference option is currently ignored when calling requestAdapter() on Windows. See https://crbug.com/369219127 @ :0
[  114104ms] [WARNING] The powerPreference option is currently ignored when calling requestAdapter() on Windows. See https://crbug.com/369219127 @ :0
[  114183ms] [WARNING] The powerPreference option is currently ignored when calling requestAdapter() on Windows. See https://crbug.com/369219127 @ :0
[  114203ms] [WARNING] The powerPreference option is currently ignored when calling requestAdapter() on Windows. See https://crbug.com/369219127 @ :0
[  114223ms] [WARNING] The powerPreference option is currently ignored when calling requestAdapter() on Windows. See https://crbug.com/369219127 @ :0
[  164059ms] [WARNING] The powerPreference option is currently ignored when calling requestAdapter() on Windows. See https://crbug.com/369219127 @ :0
[  168287ms] [WARNING] The powerPreference option is currently ignored when calling requestAdapter() on Windows. See https://crbug.com/369219127 @ :0
[  185632ms] [ERROR] Permissions policy violation: compute-pressure is not allowed in this document. @ https://www.youtube.com/s/player/4fd832e7/player_embed_es6.vflset/en_GB/base.js:5401
[  192695ms] [WARNING] The powerPreference option is currently ignored when calling requestAdapter() on Windows. See https://crbug.com/369219127 @ :0
[  192904ms] [WARNING] The powerPreference option is currently ignored when calling requestAdapter() on Windows. See https://crbug.com/369219127 @ :0
[  194930ms] [WARNING] The powerPreference option is currently ignored when calling requestAdapter() on Windows. See https://crbug.com/369219127 @ :0
[  194950ms] [WARNING] The powerPreference option is currently ignored when calling requestAdapter() on Windows. See https://crbug.com/369219127 @ :0
[  194970ms] [WARNING] The powerPreference option is currently ignored when calling requestAdapter() on Windows. See https://crbug.com/369219127 @ :0
[  199608ms] [ERROR] Permissions policy violation: compute-pressure is not allowed in this document. @ https://www.youtube.com/s/player/4fd832e7/player_embed_es6.vflset/en_GB/base.js:5401
[  203021ms] [ERROR] Permissions policy violation: compute-pressure is not allowed in this document. @ https://www.youtube.com/s/player/4fd832e7/player_embed_es6.vflset/en_GB/base.js:5401
[  203037ms] [ERROR] Permissions policy violation: compute-pressure is not allowed in this document. @ https://www.youtube.com/s/player/4fd832e7/player_embed_es6.vflset/en_GB/base.js:5401
[  208545ms] [WARNING] The powerPreference option is currently ignored when calling requestAdapter() on Windows. See https://crbug.com/369219127 @ :0
[  210008ms] [WARNING] The powerPreference option is currently ignored when calling requestAdapter() on Windows. See https://crbug.com/369219127 @ :0
[  210484ms] [WARNING] The powerPreference option is currently ignored when calling requestAdapter() on Windows. See https://crbug.com/369219127 @ :0
[  210578ms] [WARNING] The powerPreference option is currently ignored when calling requestAdapter() on Windows. See https://crbug.com/369219127 @ :0
[  210602ms] [WARNING] The powerPreference option is currently ignored when calling requestAdapter() on Windows. See https://crbug.com/369219127 @ :0
[  210625ms] [WARNING] The powerPreference option is currently ignored when calling requestAdapter() on Windows. See https://crbug.com/369219127 @ :0
[  210703ms] [WARNING] The powerPreference option is currently ignored when calling requestAdapter() on Windows. See https://crbug.com/369219127 @ :0
[  236263ms] [WARNING] The powerPreference option is currently ignored when calling requestAdapter() on Windows. See https://crbug.com/369219127 @ :0
[  236508ms] [WARNING] The powerPreference option is currently ignored when calling requestAdapter() on Windows. See https://crbug.com/369219127 @ :0
[  236550ms] [WARNING] The powerPreference option is currently ignored when calling requestAdapter() on Windows. See https://crbug.com/369219127 @ :0
[  236566ms] [WARNING] The powerPreference option is currently ignored when calling requestAdapter() on Windows. See https://crbug.com/369219127 @ :0
[  236711ms] [WARNING] The powerPreference option is currently ignored when calling requestAdapter() on Windows. See https://crbug.com/369219127 @ :0
[   26431ms] [WARNING] The powerPreference option is currently ignored when calling requestAdapter() on Windows. See https://crbug.com/369219127 @ :0
[   27383ms] [WARNING] The powerPreference option is currently ignored when calling requestAdapter() on Windows. See https://crbug.com/369219127 @ :0
[   27582ms] [WARNING] The powerPreference option is currently ignored when calling requestAdapter() on Windows. See https://crbug.com/369219127 @ :0
[   27613ms] [WARNING] The powerPreference option is currently ignored when calling requestAdapter() on Windows. See https://crbug.com/369219127 @ :0
[   27630ms] [WARNING] The powerPreference option is currently ignored when calling requestAdapter() on Windows. See https://crbug.com/369219127 @ :0
[   27644ms] [WARNING] The powerPreference option is currently ignored when calling requestAdapter() on Windows. See https://crbug.com/369219127 @ :0
[   27660ms] [WARNING] The powerPreference option is currently ignored when calling requestAdapter() on Windows. See https://crbug.com/369219127 @ :0
[   27675ms] [WARNING] The powerPreference option is currently ignored when calling requestAdapter() on Windows. See https://crbug.com/369219127 @ :0
[   27708ms] [WARNING] The powerPreference option is currently ignored when calling requestAdapter() on Windows. See https://crbug.com/369219127 @ :0
[   27724ms] [WARNING] The powerPreference option is currently ignored when calling requestAdapter() on Windows. See https://crbug.com/369219127 @ :0
[   27767ms] [WARNING] The powerPreference option is currently ignored when calling requestAdapter() on Windows. See https://crbug.com/369219127 @ :0
[   27781ms] [WARNING] The powerPreference option is currently ignored when calling requestAdapter() on Windows. See https://crbug.com/369219127 @ :0
[   27801ms] [WARNING] The powerPreference option is currently ignored when calling requestAdapter() on Windows. See https://crbug.com/369219127 @ :0
[   27835ms] [WARNING] The powerPreference option is currently ignored when calling requestAdapter() on Windows. See https://crbug.com/369219127 @ :0
[   45570ms] [WARNING] The powerPreference option is currently ignored when calling requestAdapter() on Windows. See https://crbug.com/369219127 @ :0
[   67128ms] [WARNING] The powerPreference option is currently ignored when calling requestAdapter() on Windows. See https://crbug.com/369219127 @ :0
[   89283ms] [WARNING] The powerPreference option is currently ignored when calling requestAdapter() on Windows. See https://crbug.com/369219127 @ :0
[   91878ms] [WARNING] The powerPreference option is currently ignored when calling requestAdapter() on Windows. See https://crbug.com/369219127 @ :0
[   92870ms] [WARNING] The powerPreference option is currently ignored when calling requestAdapter() on Windows. See https://crbug.com/369219127 @ :0
[   92942ms] [WARNING] The powerPreference option is currently ignored when calling requestAdapter() on Windows. See https://crbug.com/369219127 @ :0
[   92973ms] [WARNING] The powerPreference option is currently ignored when calling requestAdapter() on Windows. See https://crbug.com/369219127 @ :0
[   93024ms] [WARNING] The powerPreference option is currently ignored when calling requestAdapter() on Windows. See https://crbug.com/369219127 @ :0
[   93044ms] [WARNING] The powerPreference option is currently ignored when calling requestAdapter() on Windows. See https://crbug.com/369219127 @ :0
[  113878ms] [WARNING] The powerPreference option is currently ignored when calling requestAdapter() on Windows. See https://crbug.com/369219127 @ :0
[  114104ms] [WARNING] The powerPreference option is currently ignored when calling requestAdapter() on Windows. See https://crbug.com/369219127 @ :0
[  114183ms] [WARNING] The powerPreference option is currently ignored when calling requestAdapter() on Windows. See https://crbug.com/369219127 @ :0
[  114203ms] [WARNING] The powerPreference option is currently ignored when calling requestAdapter() on Windows. See https://crbug.com/369219127 @ :0
[  114223ms] [WARNING] The powerPreference option is currently ignored when calling requestAdapter() on Windows. See https://crbug.com/369219127 @ :0
[  164059ms] [WARNING] The powerPreference option is currently ignored when calling requestAdapter() on Windows. See https://crbug.com/369219127 @ :0
[  168287ms] [WARNING] The powerPreference option is currently ignored when calling requestAdapter() on Windows. See https://crbug.com/369219127 @ :0
[  185632ms] [ERROR] Permissions policy violation: compute-pressure is not allowed in this document. @ https://www.youtube.com/s/player/4fd832e7/player_embed_es6.vflset/en_GB/base.js:5401
[  192695ms] [WARNING] The powerPreference option is currently ignored when calling requestAdapter() on Windows. See https://crbug.com/369219127 @ :0
[  192904ms] [WARNING] The powerPreference option is currently ignored when calling requestAdapter() on Windows. See https://crbug.com/369219127 @ :0
[  194930ms] [WARNING] The powerPreference option is currently ignored when calling requestAdapter() on Windows. See https://crbug.com/369219127 @ :0
[  194950ms] [WARNING] The powerPreference option is currently ignored when calling requestAdapter() on Windows. See https://crbug.com/369219127 @ :0
[  194970ms] [WARNING] The powerPreference option is currently ignored when calling requestAdapter() on Windows. See https://crbug.com/369219127 @ :0
[  199608ms] [ERROR] Permissions policy violation: compute-pressure is not allowed in this document. @ https://www.youtube.com/s/player/4fd832e7/player_embed_es6.vflset/en_GB/base.js:5401
[  203021ms] [ERROR] Permissions policy violation: compute-pressure is not allowed in this document. @ https://www.youtube.com/s/player/4fd832e7/player_embed_es6.vflset/en_GB/base.js:5401
[  203037ms] [ERROR] Permissions policy violation: compute-pressure is not allowed in this document. @ https://www.youtube.com/s/player/4fd832e7/player_embed_es6.vflset/en_GB/base.js:5401
[  208545ms] [WARNING] The powerPreference option is currently ignored when calling requestAdapter() on Windows. See https://crbug.com/369219127 @ :0
[  210008ms] [WARNING] The powerPreference option is currently ignored when calling requestAdapter() on Windows. See https://crbug.com/369219127 @ :0
[  210484ms] [WARNING] The powerPreference option is currently ignored when calling requestAdapter() on Windows. See https://crbug.com/369219127 @ :0
[  210578ms] [WARNING] The powerPreference option is currently ignored when calling requestAdapter() on Windows. See https://crbug.com/369219127 @ :0
[  210602ms] [WARNING] The powerPreference option is currently ignored when calling requestAdapter() on Windows. See https://crbug.com/369219127 @ :0
[  210625ms] [WARNING] The powerPreference option is currently ignored when calling requestAdapter() on Windows. See https://crbug.com/369219127 @ :0
[  210703ms] [WARNING] The powerPreference option is currently ignored when calling requestAdapter() on Windows. See https://crbug.com/369219127 @ :0
[  236263ms] [WARNING] The powerPreference option is currently ignored when calling requestAdapter() on Windows. See https://crbug.com/369219127 @ :0
[  236508ms] [WARNING] The powerPreference option is currently ignored when calling requestAdapter() on Windows. See https://crbug.com/369219127 @ :0
[  236550ms] [WARNING] The powerPreference option is currently ignored when calling requestAdapter() on Windows. See https://crbug.com/369219127 @ :0
[  236566ms] [WARNING] The powerPreference option is currently ignored when calling requestAdapter() on Windows. See https://crbug.com/369219127 @ :0
[  236711ms] [WARNING] The powerPreference option is currently ignored when calling requestAdapter() on Windows. See https://crbug.com/369219127 @ :0
[   26431ms] [WARNING] The powerPreference option is currently ignored when calling requestAdapter() on Windows. See https://crbug.com/369219127 @ :0
[   27383ms] [WARNING] The powerPreference option is currently ignored when calling requestAdapter() on Windows. See https://crbug.com/369219127 @ :0
[   27582ms] [WARNING] The powerPreference option is currently ignored when calling requestAdapter() on Windows. See https://crbug.com/369219127 @ :0
[   27613ms] [WARNING] The powerPreference option is currently ignored when calling requestAdapter() on Windows. See https://crbug.com/369219127 @ :0
[   27630ms] [WARNING] The powerPreference option is currently ignored when calling requestAdapter() on Windows. See https://crbug.com/369219127 @ :0
[   27644ms] [WARNING] The powerPreference option is currently ignored when calling requestAdapter() on Windows. See https://crbug.com/369219127 @ :0
[   27660ms] [WARNING] The powerPreference option is currently ignored when calling requestAdapter() on Windows. See https://crbug.com/369219127 @ :0
[   27675ms] [WARNING] The powerPreference option is currently ignored when calling requestAdapter() on Windows. See https://crbug.com/369219127 @ :0
[   27708ms] [WARNING] The powerPreference option is currently ignored when calling requestAdapter() on Windows. See https://crbug.com/369219127 @ :0
[   27724ms] [WARNING] The powerPreference option is currently ignored when calling requestAdapter() on Windows. See https://crbug.com/369219127 @ :0
[   27767ms] [WARNING] The powerPreference option is currently ignored when calling requestAdapter() on Windows. See https://crbug.com/369219127 @ :0
[   27781ms] [WARNING] The powerPreference option is currently ignored when calling requestAdapter() on Windows. See https://crbug.com/369219127 @ :0
[   27801ms] [WARNING] The powerPreference option is currently ignored when calling requestAdapter() on Windows. See https://crbug.com/369219127 @ :0
[   27835ms] [WARNING] The powerPreference option is currently ignored when calling requestAdapter() on Windows. See https://crbug.com/369219127 @ :0
[   45570ms] [WARNING] The powerPreference option is currently ignored when calling requestAdapter() on Windows. See https://crbug.com/369219127 @ :0
[   67128ms] [WARNING] The powerPreference option is currently ignored when calling requestAdapter() on Windows. See https://crbug.com/369219127 @ :0
[   89283ms] [WARNING] The powerPreference option is currently ignored when calling requestAdapter() on Windows. See https://crbug.com/369219127 @ :0
[   91878ms] [WARNING] The powerPreference option is currently ignored when calling requestAdapter() on Windows. See https://crbug.com/369219127 @ :0
[   92870ms] [WARNING] The powerPreference option is currently ignored when calling requestAdapter() on Windows. See https://crbug.com/369219127 @ :0
[   92942ms] [WARNING] The powerPreference option is currently ignored when calling requestAdapter() on Windows. See https://crbug.com/369219127 @ :0
[   92973ms] [WARNING] The powerPreference option is currently ignored when calling requestAdapter() on Windows. See https://crbug.com/369219127 @ :0
[   93024ms] [WARNING] The powerPreference option is currently ignored when calling requestAdapter() on Windows. See https://crbug.com/369219127 @ :0
[   93044ms] [WARNING] The powerPreference option is currently ignored when calling requestAdapter() on Windows. See https://crbug.com/369219127 @ :0
[  113878ms] [WARNING] The powerPreference option is currently ignored when calling requestAdapter() on Windows. See https://crbug.com/369219127 @ :0
[  114104ms] [WARNING] The powerPreference option is currently ignored when calling requestAdapter() on Windows. See https://crbug.com/369219127 @ :0
[  114183ms] [WARNING] The powerPreference option is currently ignored when calling requestAdapter() on Windows. See https://crbug.com/369219127 @ :0
[  114203ms] [WARNING] The powerPreference option is currently ignored when calling requestAdapter() on Windows. See https://crbug.com/369219127 @ :0
[  114223ms] [WARNING] The powerPreference option is currently ignored when calling requestAdapter() on Windows. See https://crbug.com/369219127 @ :0
[  164059ms] [WARNING] The powerPreference option is currently ignored when calling requestAdapter() on Windows. See https://crbug.com/369219127 @ :0
[  168287ms] [WARNING] The powerPreference option is currently ignored when calling requestAdapter() on Windows. See https://crbug.com/369219127 @ :0
[  185632ms] [ERROR] Permissions policy violation: compute-pressure is not allowed in this document. @ https://www.youtube.com/s/player/4fd832e7/player_embed_es6.vflset/en_GB/base.js:5401
[  192695ms] [WARNING] The powerPreference option is currently ignored when calling requestAdapter() on Windows. See https://crbug.com/369219127 @ :0
[  192904ms] [WARNING] The powerPreference option is currently ignored when calling requestAdapter() on Windows. See https://crbug.com/369219127 @ :0
[  194930ms] [WARNING] The powerPreference option is currently ignored when calling requestAdapter() on Windows. See https://crbug.com/369219127 @ :0
[  194950ms] [WARNING] The powerPreference option is currently ignored when calling requestAdapter() on Windows. See https://crbug.com/369219127 @ :0
[  194970ms] [WARNING] The powerPreference option is currently ignored when calling requestAdapter() on Windows. See https://crbug.com/369219127 @ :0
[  199608ms] [ERROR] Permissions policy violation: compute-pressure is not allowed in this document. @ https://www.youtube.com/s/player/4fd832e7/player_embed_es6.vflset/en_GB/base.js:5401
[  203021ms] [ERROR] Permissions policy violation: compute-pressure is not allowed in this document. @ https://www.youtube.com/s/player/4fd832e7/player_embed_es6.vflset/en_GB/base.js:5401
[  203037ms] [ERROR] Permissions policy violation: compute-pressure is not allowed in this document. @ https://www.youtube.com/s/player/4fd832e7/player_embed_es6.vflset/en_GB/base.js:5401
[  208545ms] [WARNING] The powerPreference option is currently ignored when calling requestAdapter() on Windows. See https://crbug.com/369219127 @ :0
[  210008ms] [WARNING] The powerPreference option is currently ignored when calling requestAdapter() on Windows. See https://crbug.com/369219127 @ :0
[  210484ms] [WARNING] The powerPreference option is currently ignored when calling requestAdapter() on Windows. See https://crbug.com/369219127 @ :0
[  210578ms] [WARNING] The powerPreference option is currently ignored when calling requestAdapter() on Windows. See https://crbug.com/369219127 @ :0
[  210602ms] [WARNING] The powerPreference option is currently ignored when calling requestAdapter() on Windows. See https://crbug.com/369219127 @ :0
[  210625ms] [WARNING] The powerPreference option is currently ignored when calling requestAdapter() on Windows. See https://crbug.com/369219127 @ :0
[  210703ms] [WARNING] The powerPreference option is currently ignored when calling requestAdapter() on Windows. See https://crbug.com/369219127 @ :0
[  236263ms] [WARNING] The powerPreference option is currently ignored when calling requestAdapter() on Windows. See https://crbug.com/369219127 @ :0
[  236508ms] [WARNING] The powerPreference option is currently ignored when calling requestAdapter() on Windows. See https://crbug.com/369219127 @ :0
[  236550ms] [WARNING] The powerPreference option is currently ignored when calling requestAdapter() on Windows. See https://crbug.com/369219127 @ :0
[  236566ms] [WARNING] The powerPreference option is currently ignored when calling requestAdapter() on Windows. See https://crbug.com/369219127 @ :0
[  236711ms] [WARNING] The powerPreference option is currently ignored when calling requestAdapter() on Windows. See https://crbug.com/369219127 @ :0
[   26431ms] [WARNING] The powerPreference option is currently ignored when calling requestAdapter() on Windows. See https://crbug.com/369219127 @ :0
[   27383ms] [WARNING] The powerPreference option is currently ignored when calling requestAdapter() on Windows. See https://crbug.com/369219127 @ :0
[   27582ms] [WARNING] The powerPreference option is currently ignored when calling requestAdapter() on Windows. See https://crbug.com/369219127 @ :0
[   27613ms] [WARNING] The powerPreference option is currently ignored when calling requestAdapter() on Windows. See https://crbug.com/369219127 @ :0
[   27630ms] [WARNING] The powerPreference option is currently ignored when calling requestAdapter() on Windows. See https://crbug.com/369219127 @ :0
[   27644ms] [WARNING] The powerPreference option is currently ignored when calling requestAdapter() on Windows. See https://crbug.com/369219127 @ :0
[   27660ms] [WARNING] The powerPreference option is currently ignored when calling requestAdapter() on Windows. See https://crbug.com/369219127 @ :0
[   27675ms] [WARNING] The powerPreference option is currently ignored when calling requestAdapter() on Windows. See https://crbug.com/369219127 @ :0
[   27708ms] [WARNING] The powerPreference option is currently ignored when calling requestAdapter() on Windows. See https://crbug.com/369219127 @ :0
[   27724ms] [WARNING] The powerPreference option is currently ignored when calling requestAdapter() on Windows. See https://crbug.com/369219127 @ :0
[   27767ms] [WARNING] The powerPreference option is currently ignored when calling requestAdapter() on Windows. See https://crbug.com/369219127 @ :0
[   27781ms] [WARNING] The powerPreference option is currently ignored when calling requestAdapter() on Windows. See https://crbug.com/369219127 @ :0
[   27801ms] [WARNING] The powerPreference option is currently ignored when calling requestAdapter() on Windows. See https://crbug.com/369219127 @ :0
[   27835ms] [WARNING] The powerPreference option is currently ignored when calling requestAdapter() on Windows. See https://crbug.com/369219127 @ :0
[   45570ms] [WARNING] The powerPreference option is currently ignored when calling requestAdapter() on Windows. See https://crbug.com/369219127 @ :0
[   67128ms] [WARNING] The powerPreference option is currently ignored when calling requestAdapter() on Windows. See https://crbug.com/369219127 @ :0
[   89283ms] [WARNING] The powerPreference option is currently ignored when calling requestAdapter() on Windows. See https://crbug.com/369219127 @ :0
[   91878ms] [WARNING] The powerPreference option is currently ignored when calling requestAdapter() on Windows. See https://crbug.com/369219127 @ :0
[   92870ms] [WARNING] The powerPreference option is currently ignored when calling requestAdapter() on Windows. See https://crbug.com/369219127 @ :0
[   92942ms] [WARNING] The powerPreference option is currently ignored when calling requestAdapter() on Windows. See https://crbug.com/369219127 @ :0
[   92973ms] [WARNING] The powerPreference option is currently ignored when calling requestAdapter() on Windows. See https://crbug.com/369219127 @ :0
[   93024ms] [WARNING] The powerPreference option is currently ignored when calling requestAdapter() on Windows. See https://crbug.com/369219127 @ :0
[   93044ms] [WARNING] The powerPreference option is currently ignored when calling requestAdapter() on Windows. See https://crbug.com/369219127 @ :0
[  113878ms] [WARNING] The powerPreference option is currently ignored when calling requestAdapter() on Windows. See https://crbug.com/369219127 @ :0
[  114104ms] [WARNING] The powerPreference option is currently ignored when calling requestAdapter() on Windows. See https://crbug.com/369219127 @ :0
[  114183ms] [WARNING] The powerPreference option is currently ignored when calling requestAdapter() on Windows. See https://crbug.com/369219127 @ :0
[  114203ms] [WARNING] The powerPreference option is currently ignored when calling requestAdapter() on Windows. See https://crbug.com/369219127 @ :0
[  114223ms] [WARNING] The powerPreference option is currently ignored when calling requestAdapter() on Windows. See https://crbug.com/369219127 @ :0
[  164059ms] [WARNING] The powerPreference option is currently ignored when calling requestAdapter() on Windows. See https://crbug.com/369219127 @ :0
[  168287ms] [WARNING] The powerPreference option is currently ignored when calling requestAdapter() on Windows. See https://crbug.com/369219127 @ :0
[  185632ms] [ERROR] Permissions policy violation: compute-pressure is not allowed in this document. @ https://www.youtube.com/s/player/4fd832e7/player_embed_es6.vflset/en_GB/base.js:5401
[  192695ms] [WARNING] The powerPreference option is currently ignored when calling requestAdapter() on Windows. See https://crbug.com/369219127 @ :0
[  192904ms] [WARNING] The powerPreference option is currently ignored when calling requestAdapter() on Windows. See https://crbug.com/369219127 @ :0
[  194930ms] [WARNING] The powerPreference option is currently ignored when calling requestAdapter() on Windows. See https://crbug.com/369219127 @ :0
[  194950ms] [WARNING] The powerPreference option is currently ignored when calling requestAdapter() on Windows. See https://crbug.com/369219127 @ :0
[  194970ms] [WARNING] The powerPreference option is currently ignored when calling requestAdapter() on Windows. See https://crbug.com/369219127 @ :0
[  199608ms] [ERROR] Permissions policy violation: compute-pressure is not allowed in this document. @ https://www.youtube.com/s/player/4fd832e7/player_embed_es6.vflset/en_GB/base.js:5401
[  203021ms] [ERROR] Permissions policy violation: compute-pressure is not allowed in this document. @ https://www.youtube.com/s/player/4fd832e7/player_embed_es6.vflset/en_GB/base.js:5401
[  203037ms] [ERROR] Permissions policy violation: compute-pressure is not allowed in this document. @ https://www.youtube.com/s/player/4fd832e7/player_embed_es6.vflset/en_GB/base.js:5401
[  208545ms] [WARNING] The powerPreference option is currently ignored when calling requestAdapter() on Windows. See https://crbug.com/369219127 @ :0
[  210008ms] [WARNING] The powerPreference option is currently ignored when calling requestAdapter() on Windows. See https://crbug.com/369219127 @ :0
[  210484ms] [WARNING] The powerPreference option is currently ignored when calling requestAdapter() on Windows. See https://crbug.com/369219127 @ :0
[  210578ms] [WARNING] The powerPreference option is currently ignored when calling requestAdapter() on Windows. See https://crbug.com/369219127 @ :0
[  210602ms] [WARNING] The powerPreference option is currently ignored when calling requestAdapter() on Windows. See https://crbug.com/369219127 @ :0
[  210625ms] [WARNING] The powerPreference option is currently ignored when calling requestAdapter() on Windows. See https://crbug.com/369219127 @ :0
[  210703ms] [WARNING] The powerPreference option is currently ignored when calling requestAdapter() on Windows. See https://crbug.com/369219127 @ :0
[  236263ms] [WARNING] The powerPreference option is currently ignored when calling requestAdapter() on Windows. See https://crbug.com/369219127 @ :0
[  236508ms] [WARNING] The powerPreference option is currently ignored when calling requestAdapter() on Windows. See https://crbug.com/369219127 @ :0
[  236550ms] [WARNING] The powerPreference option is currently ignored when calling requestAdapter() on Windows. See https://crbug.com/369219127 @ :0
[  236566ms] [WARNING] The powerPreference option is currently ignored when calling requestAdapter() on Windows. See https://crbug.com/369219127 @ :0
[  236711ms] [WARNING] The powerPreference option is currently ignored when calling requestAdapter() on Windows. See https://crbug.com/369219127 @ :0
[   26431ms] [WARNING] The powerPreference option is currently ignored when calling requestAdapter() on Windows. See https://crbug.com/369219127 @ :0
[   27383ms] [WARNING] The powerPreference option is currently ignored when calling requestAdapter() on Windows. See https://crbug.com/369219127 @ :0
[   27582ms] [WARNING] The powerPreference option is currently ignored when calling requestAdapter() on Windows. See https://crbug.com/369219127 @ :0
[   27613ms] [WARNING] The powerPreference option is currently ignored when calling requestAdapter() on Windows. See https://crbug.com/369219127 @ :0
[   27630ms] [WARNING] The powerPreference option is currently ignored when calling requestAdapter() on Windows. See https://crbug.com/369219127 @ :0
[   27644ms] [WARNING] The powerPreference option is currently ignored when calling requestAdapter() on Windows. See https://crbug.com/369219127 @ :0
[   27660ms] [WARNING] The powerPreference option is currently ignored when calling requestAdapter() on Windows. See https://crbug.com/369219127 @ :0
[   27675ms] [WARNING] The powerPreference option is currently ignored when calling requestAdapter() on Windows. See https://crbug.com/369219127 @ :0
[   27708ms] [WARNING] The powerPreference option is currently ignored when calling requestAdapter() on Windows. See https://crbug.com/369219127 @ :0
[   27724ms] [WARNING] The powerPreference option is currently ignored when calling requestAdapter() on Windows. See https://crbug.com/369219127 @ :0
[   27767ms] [WARNING] The powerPreference option is currently ignored when calling requestAdapter() on Windows. See https://crbug.com/369219127 @ :0
[   27781ms] [WARNING] The powerPreference option is currently ignored when calling requestAdapter() on Windows. See https://crbug.com/369219127 @ :0
[   27801ms] [WARNING] The powerPreference option is currently ignored when calling requestAdapter() on Windows. See https://crbug.com/369219127 @ :0
[   27835ms] [WARNING] The powerPreference option is currently ignored when calling requestAdapter() on Windows. See https://crbug.com/369219127 @ :0
[   45570ms] [WARNING] The powerPreference option is currently ignored when calling requestAdapter() on Windows. See https://crbug.com/369219127 @ :0
[   67128ms] [WARNING] The powerPreference option is currently ignored when calling requestAdapter() on Windows. See https://crbug.com/369219127 @ :0
[   89283ms] [WARNING] The powerPreference option is currently ignored when calling requestAdapter() on Windows. See https://crbug.com/369219127 @ :0
[   91878ms] [WARNING] The powerPreference option is currently ignored when calling requestAdapter() on Windows. See https://crbug.com/369219127 @ :0
[   92870ms] [WARNING] The powerPreference option is currently ignored when calling requestAdapter() on Windows. See https://crbug.com/369219127 @ :0
[   92942ms] [WARNING] The powerPreference option is currently ignored when calling requestAdapter() on Windows. See https://crbug.com/369219127 @ :0
[   92973ms] [WARNING] The powerPreference option is currently ignored when calling requestAdapter() on Windows. See https://crbug.com/369219127 @ :0
[   93024ms] [WARNING] The powerPreference option is currently ignored when calling requestAdapter() on Windows. See https://crbug.com/369219127 @ :0
[   93044ms] [WARNING] The powerPreference option is currently ignored when calling requestAdapter() on Windows. See https://crbug.com/369219127 @ :0
[  113878ms] [WARNING] The powerPreference option is currently ignored when calling requestAdapter() on Windows. See https://crbug.com/369219127 @ :0
[  114104ms] [WARNING] The powerPreference option is currently ignored when calling requestAdapter() on Windows. See https://crbug.com/369219127 @ :0
[  114183ms] [WARNING] The powerPreference option is currently ignored when calling requestAdapter() on Windows. See https://crbug.com/369219127 @ :0
[  114203ms] [WARNING] The powerPreference option is currently ignored when calling requestAdapter() on Windows. See https://crbug.com/369219127 @ :0
[  114223ms] [WARNING] The powerPreference option is currently ignored when calling requestAdapter() on Windows. See https://crbug.com/369219127 @ :0
[  164059ms] [WARNING] The powerPreference option is currently ignored when calling requestAdapter() on Windows. See https://crbug.com/369219127 @ :0
[  168287ms] [WARNING] The powerPreference option is currently ignored when calling requestAdapter() on Windows. See https://crbug.com/369219127 @ :0
[  185632ms] [ERROR] Permissions policy violation: compute-pressure is not allowed in this document. @ https://www.youtube.com/s/player/4fd832e7/player_embed_es6.vflset/en_GB/base.js:5401
[  192695ms] [WARNING] The powerPreference option is currently ignored when calling requestAdapter() on Windows. See https://crbug.com/369219127 @ :0
[  192904ms] [WARNING] The powerPreference option is currently ignored when calling requestAdapter() on Windows. See https://crbug.com/369219127 @ :0
[  194930ms] [WARNING] The powerPreference option is currently ignored when calling requestAdapter() on Windows. See https://crbug.com/369219127 @ :0
[  194950ms] [WARNING] The powerPreference option is currently ignored when calling requestAdapter() on Windows. See https://crbug.com/369219127 @ :0
[  194970ms] [WARNING] The powerPreference option is currently ignored when calling requestAdapter() on Windows. See https://crbug.com/369219127 @ :0
[  199608ms] [ERROR] Permissions policy violation: compute-pressure is not allowed in this document. @ https://www.youtube.com/s/player/4fd832e7/player_embed_es6.vflset/en_GB/base.js:5401
[  203021ms] [ERROR] Permissions policy violation: compute-pressure is not allowed in this document. @ https://www.youtube.com/s/player/4fd832e7/player_embed_es6.vflset/en_GB/base.js:5401
[  203037ms] [ERROR] Permissions policy violation: compute-pressure is not allowed in this document. @ https://www.youtube.com/s/player/4fd832e7/player_embed_es6.vflset/en_GB/base.js:5401
[  208545ms] [WARNING] The powerPreference option is currently ignored when calling requestAdapter() on Windows. See https://crbug.com/369219127 @ :0
[  210008ms] [WARNING] The powerPreference option is currently ignored when calling requestAdapter() on Windows. See https://crbug.com/369219127 @ :0
[  210484ms] [WARNING] The powerPreference option is currently ignored when calling requestAdapter() on Windows. See https://crbug.com/369219127 @ :0
[  210578ms] [WARNING] The powerPreference option is currently ignored when calling requestAdapter() on Windows. See https://crbug.com/369219127 @ :0
[  210602ms] [WARNING] The powerPreference option is currently ignored when calling requestAdapter() on Windows. See https://crbug.com/369219127 @ :0
[  210625ms] [WARNING] The powerPreference option is currently ignored when calling requestAdapter() on Windows. See https://crbug.com/369219127 @ :0
[  210703ms] [WARNING] The powerPreference option is currently ignored when calling requestAdapter() on Windows. See https://crbug.com/369219127 @ :0
[  236263ms] [WARNING] The powerPreference option is currently ignored when calling requestAdapter() on Windows. See https://crbug.com/369219127 @ :0
[  236508ms] [WARNING] The powerPreference option is currently ignored when calling requestAdapter() on Windows. See https://crbug.com/369219127 @ :0
[  236550ms] [WARNING] The powerPreference option is currently ignored when calling requestAdapter() on Windows. See https://crbug.com/369219127 @ :0
[  236566ms] [WARNING] The powerPreference option is currently ignored when calling requestAdapter() on Windows. See https://crbug.com/369219127 @ :0
[  236711ms] [WARNING] The powerPreference option is currently ignored when calling requestAdapter() on Windows. See https://crbug.com/369219127 @ :0
[   26431ms] [WARNING] The powerPreference option is currently ignored when calling requestAdapter() on Windows. See https://crbug.com/369219127 @ :0
[   27383ms] [WARNING] The powerPreference option is currently ignored when calling requestAdapter() on Windows. See https://crbug.com/369219127 @ :0
[   27582ms] [WARNING] The powerPreference option is currently ignored when calling requestAdapter() on Windows. See https://crbug.com/369219127 @ :0
[   27613ms] [WARNING] The powerPreference option is currently ignored when calling requestAdapter() on Windows. See https://crbug.com/369219127 @ :0
[   27630ms] [WARNING] The powerPreference option is currently ignored when calling requestAdapter() on Windows. See https://crbug.com/369219127 @ :0
[   27644ms] [WARNING] The powerPreference option is currently ignored when calling requestAdapter() on Windows. See https://crbug.com/369219127 @ :0
[   27660ms] [WARNING] The powerPreference option is currently ignored when calling requestAdapter() on Windows. See https://crbug.com/369219127 @ :0
[   27675ms] [WARNING] The powerPreference option is currently ignored when calling requestAdapter() on Windows. See https://crbug.com/369219127 @ :0
[   27708ms] [WARNING] The powerPreference option is currently ignored when calling requestAdapter() on Windows. See https://crbug.com/369219127 @ :0
[   27724ms] [WARNING] The powerPreference option is currently ignored when calling requestAdapter() on Windows. See https://crbug.com/369219127 @ :0
[   27767ms] [WARNING] The powerPreference option is currently ignored when calling requestAdapter() on Windows. See https://crbug.com/369219127 @ :0
[   27781ms] [WARNING] The powerPreference option is currently ignored when calling requestAdapter() on Windows. See https://crbug.com/369219127 @ :0
[   27801ms] [WARNING] The powerPreference option is currently ignored when calling requestAdapter() on Windows. See https://crbug.com/369219127 @ :0
[   27835ms] [WARNING] The powerPreference option is currently ignored when calling requestAdapter() on Windows. See https://crbug.com/369219127 @ :0
[   45570ms] [WARNING] The powerPreference option is currently ignored when calling requestAdapter() on Windows. See https://crbug.com/369219127 @ :0
[   67128ms] [WARNING] The powerPreference option is currently ignored when calling requestAdapter() on Windows. See https://crbug.com/369219127 @ :0
[   89283ms] [WARNING] The powerPreference option is currently ignored when calling requestAdapter() on Windows. See https://crbug.com/369219127 @ :0
[   91878ms] [WARNING] The powerPreference option is currently ignored when calling requestAdapter() on Windows. See https://crbug.com/369219127 @ :0
[   92870ms] [WARNING] The powerPreference option is currently ignored when calling requestAdapter() on Windows. See https://crbug.com/369219127 @ :0
[   92942ms] [WARNING] The powerPreference option is currently ignored when calling requestAdapter() on Windows. See https://crbug.com/369219127 @ :0
[   92973ms] [WARNING] The powerPreference option is currently ignored when calling requestAdapter() on Windows. See https://crbug.com/369219127 @ :0
[   93024ms] [WARNING] The powerPreference option is currently ignored when calling requestAdapter() on Windows. See https://crbug.com/369219127 @ :0
[   93044ms] [WARNING] The powerPreference option is currently ignored when calling requestAdapter() on Windows. See https://crbug.com/369219127 @ :0
[  113878ms] [WARNING] The powerPreference option is currently ignored when calling requestAdapter() on Windows. See https://crbug.com/369219127 @ :0
[  114104ms] [WARNING] The powerPreference option is currently ignored when calling requestAdapter() on Windows. See https://crbug.com/369219127 @ :0
[  114183ms] [WARNING] The powerPreference option is currently ignored when calling requestAdapter() on Windows. See https://crbug.com/369219127 @ :0
[  114203ms] [WARNING] The powerPreference option is currently ignored when calling requestAdapter() on Windows. See https://crbug.com/369219127 @ :0
[  114223ms] [WARNING] The powerPreference option is currently ignored when calling requestAdapter() on Windows. See https://crbug.com/369219127 @ :0
[  164059ms] [WARNING] The powerPreference option is currently ignored when calling requestAdapter() on Windows. See https://crbug.com/369219127 @ :0
[  168287ms] [WARNING] The powerPreference option is currently ignored when calling requestAdapter() on Windows. See https://crbug.com/369219127 @ :0
[  185632ms] [ERROR] Permissions policy violation: compute-pressure is not allowed in this document. @ https://www.youtube.com/s/player/4fd832e7/player_embed_es6.vflset/en_GB/base.js:5401
[  192695ms] [WARNING] The powerPreference option is currently ignored when calling requestAdapter() on Windows. See https://crbug.com/369219127 @ :0
[  192904ms] [WARNING] The powerPreference option is currently ignored when calling requestAdapter() on Windows. See https://crbug.com/369219127 @ :0
[  194930ms] [WARNING] The powerPreference option is currently ignored when calling requestAdapter() on Windows. See https://crbug.com/369219127 @ :0
[  194950ms] [WARNING] The powerPreference option is currently ignored when calling requestAdapter() on Windows. See https://crbug.com/369219127 @ :0
[  194970ms] [WARNING] The powerPreference option is currently ignored when calling requestAdapter() on Windows. See https://crbug.com/369219127 @ :0
[  199608ms] [ERROR] Permissions policy violation: compute-pressure is not allowed in this document. @ https://www.youtube.com/s/player/4fd832e7/player_embed_es6.vflset/en_GB/base.js:5401
[  203021ms] [ERROR] Permissions policy violation: compute-pressure is not allowed in this document. @ https://www.youtube.com/s/player/4fd832e7/player_embed_es6.vflset/en_GB/base.js:5401
[  203037ms] [ERROR] Permissions policy violation: compute-pressure is not allowed in this document. @ https://www.youtube.com/s/player/4fd832e7/player_embed_es6.vflset/en_GB/base.js:5401
[  208545ms] [WARNING] The powerPreference option is currently ignored when calling requestAdapter() on Windows. See https://crbug.com/369219127 @ :0
[  210008ms] [WARNING] The powerPreference option is currently ignored when calling requestAdapter() on Windows. See https://crbug.com/369219127 @ :0
[  210484ms] [WARNING] The powerPreference option is currently ignored when calling requestAdapter() on Windows. See https://crbug.com/369219127 @ :0
[  210578ms] [WARNING] The powerPreference option is currently ignored when calling requestAdapter() on Windows. See https://crbug.com/369219127 @ :0
[  210602ms] [WARNING] The powerPreference option is currently ignored when calling requestAdapter() on Windows. See https://crbug.com/369219127 @ :0
[  210625ms] [WARNING] The powerPreference option is currently ignored when calling requestAdapter() on Windows. See https://crbug.com/369219127 @ :0
[  210703ms] [WARNING] The powerPreference option is currently ignored when calling requestAdapter() on Windows. See https://crbug.com/369219127 @ :0
[  236263ms] [WARNING] The powerPreference option is currently ignored when calling requestAdapter() on Windows. See https://crbug.com/369219127 @ :0
[  236508ms] [WARNING] The powerPreference option is currently ignored when calling requestAdapter() on Windows. See https://crbug.com/369219127 @ :0
[  236550ms] [WARNING] The powerPreference option is currently ignored when calling requestAdapter() on Windows. See https://crbug.com/369219127 @ :0
[  236566ms] [WARNING] The powerPreference option is currently ignored when calling requestAdapter() on Windows. See https://crbug.com/369219127 @ :0
[  236711ms] [WARNING] The powerPreference option is currently ignored when calling requestAdapter() on Windows. See https://crbug.com/369219127 @ :0
[   26431ms] [WARNING] The powerPreference option is currently ignored when calling requestAdapter() on Windows. See https://crbug.com/369219127 @ :0
[   27383ms] [WARNING] The powerPreference option is currently ignored when calling requestAdapter() on Windows. See https://crbug.com/369219127 @ :0
[   27582ms] [WARNING] The powerPreference option is currently ignored when calling requestAdapter() on Windows. See https://crbug.com/369219127 @ :0
[   27613ms] [WARNING] The powerPreference option is currently ignored when calling requestAdapter() on Windows. See https://crbug.com/369219127 @ :0
[   27630ms] [WARNING] The powerPreference option is currently ignored when calling requestAdapter() on Windows. See https://crbug.com/369219127 @ :0
[   27644ms] [WARNING] The powerPreference option is currently ignored when calling requestAdapter() on Windows. See https://crbug.com/369219127 @ :0
[   27660ms] [WARNING] The powerPreference option is currently ignored when calling requestAdapter() on Windows. See https://crbug.com/369219127 @ :0
[   27675ms] [WARNING] The powerPreference option is currently ignored when calling requestAdapter() on Windows. See https://crbug.com/369219127 @ :0
[   27708ms] [WARNING] The powerPreference option is currently ignored when calling requestAdapter() on Windows. See https://crbug.com/369219127 @ :0
[   27724ms] [WARNING] The powerPreference option is currently ignored when calling requestAdapter() on Windows. See https://crbug.com/369219127 @ :0
[   27767ms] [WARNING] The powerPreference option is currently ignored when calling requestAdapter() on Windows. See https://crbug.com/369219127 @ :0
[   27781ms] [WARNING] The powerPreference option is currently ignored when calling requestAdapter() on Windows. See https://crbug.com/369219127 @ :0
[   27801ms] [WARNING] The powerPreference option is currently ignored when calling requestAdapter() on Windows. See https://crbug.com/369219127 @ :0
[   27835ms] [WARNING] The powerPreference option is currently ignored when calling requestAdapter() on Windows. See https://crbug.com/369219127 @ :0
[   45570ms] [WARNING] The powerPreference option is currently ignored when calling requestAdapter() on Windows. See https://crbug.com/369219127 @ :0
[   67128ms] [WARNING] The powerPreference option is currently ignored when calling requestAdapter() on Windows. See https://crbug.com/369219127 @ :0
[   89283ms] [WARNING] The powerPreference option is currently ignored when calling requestAdapter() on Windows. See https://crbug.com/369219127 @ :0
[   91878ms] [WARNING] The powerPreference option is currently ignored when calling requestAdapter() on Windows. See https://crbug.com/369219127 @ :0
[   92870ms] [WARNING] The powerPreference option is currently ignored when calling requestAdapter() on Windows. See https://crbug.com/369219127 @ :0
[   92942ms] [WARNING] The powerPreference option is currently ignored when calling requestAdapter() on Windows. See https://crbug.com/369219127 @ :0
[   92973ms] [WARNING] The powerPreference option is currently ignored when calling requestAdapter() on Windows. See https://crbug.com/369219127 @ :0
[   93024ms] [WARNING] The powerPreference option is currently ignored when calling requestAdapter() on Windows. See https://crbug.com/369219127 @ :0
[   93044ms] [WARNING] The powerPreference option is currently ignored when calling requestAdapter() on Windows. See https://crbug.com/369219127 @ :0
[  113878ms] [WARNING] The powerPreference option is currently ignored when calling requestAdapter() on Windows. See https://crbug.com/369219127 @ :0
[  114104ms] [WARNING] The powerPreference option is currently ignored when calling requestAdapter() on Windows. See https://crbug.com/369219127 @ :0
[  114183ms] [WARNING] The powerPreference option is currently ignored when calling requestAdapter() on Windows. See https://crbug.com/369219127 @ :0
[  114203ms] [WARNING] The powerPreference option is currently ignored when calling requestAdapter() on Windows. See https://crbug.com/369219127 @ :0
[  114223ms] [WARNING] The powerPreference option is currently ignored when calling requestAdapter() on Windows. See https://crbug.com/369219127 @ :0
[  164059ms] [WARNING] The powerPreference option is currently ignored when calling requestAdapter() on Windows. See https://crbug.com/369219127 @ :0
[  168287ms] [WARNING] The powerPreference option is currently ignored when calling requestAdapter() on Windows. See https://crbug.com/369219127 @ :0
[  185632ms] [ERROR] Permissions policy violation: compute-pressure is not allowed in this document. @ https://www.youtube.com/s/player/4fd832e7/player_embed_es6.vflset/en_GB/base.js:5401
[  192695ms] [WARNING] The powerPreference option is currently ignored when calling requestAdapter() on Windows. See https://crbug.com/369219127 @ :0
[  192904ms] [WARNING] The powerPreference option is currently ignored when calling requestAdapter() on Windows. See https://crbug.com/369219127 @ :0
[  194930ms] [WARNING] The powerPreference option is currently ignored when calling requestAdapter() on Windows. See https://crbug.com/369219127 @ :0
[  194950ms] [WARNING] The powerPreference option is currently ignored when calling requestAdapter() on Windows. See https://crbug.com/369219127 @ :0
[  194970ms] [WARNING] The powerPreference option is currently ignored when calling requestAdapter() on Windows. See https://crbug.com/369219127 @ :0
[  199608ms] [ERROR] Permissions policy violation: compute-pressure is not allowed in this document. @ https://www.youtube.com/s/player/4fd832e7/player_embed_es6.vflset/en_GB/base.js:5401
[  203021ms] [ERROR] Permissions policy violation: compute-pressure is not allowed in this document. @ https://www.youtube.com/s/player/4fd832e7/player_embed_es6.vflset/en_GB/base.js:5401
[  203037ms] [ERROR] Permissions policy violation: compute-pressure is not allowed in this document. @ https://www.youtube.com/s/player/4fd832e7/player_embed_es6.vflset/en_GB/base.js:5401
[  208545ms] [WARNING] The powerPreference option is currently ignored when calling requestAdapter() on Windows. See https://crbug.com/369219127 @ :0
[  210008ms] [WARNING] The powerPreference option is currently ignored when calling requestAdapter() on Windows. See https://crbug.com/369219127 @ :0
[  210484ms] [WARNING] The powerPreference option is currently ignored when calling requestAdapter() on Windows. See https://crbug.com/369219127 @ :0
[  210578ms] [WARNING] The powerPreference option is currently ignored when calling requestAdapter() on Windows. See https://crbug.com/369219127 @ :0
[  210602ms] [WARNING] The powerPreference option is currently ignored when calling requestAdapter() on Windows. See https://crbug.com/369219127 @ :0
[  210625ms] [WARNING] The powerPreference option is currently ignored when calling requestAdapter() on Windows. See https://crbug.com/369219127 @ :0
[  210703ms] [WARNING] The powerPreference option is currently ignored when calling requestAdapter() on Windows. See https://crbug.com/369219127 @ :0
[  236263ms] [WARNING] The powerPreference option is currently ignored when calling requestAdapter() on Windows. See https://crbug.com/369219127 @ :0
[  236508ms] [WARNING] The powerPreference option is currently ignored when calling requestAdapter() on Windows. See https://crbug.com/369219127 @ :0
[  236550ms] [WARNING] The powerPreference option is currently ignored when calling requestAdapter() on Windows. See https://crbug.com/369219127 @ :0
[  236566ms] [WARNING] The powerPreference option is currently ignored when calling requestAdapter() on Windows. See https://crbug.com/369219127 @ :0
[  236711ms] [WARNING] The powerPreference option is currently ignored when calling requestAdapter() on Windows. See https://crbug.com/369219127 @ :0
[   26431ms] [WARNING] The powerPreference option is currently ignored when calling requestAdapter() on Windows. See https://crbug.com/369219127 @ :0
[   27383ms] [WARNING] The powerPreference option is currently ignored when calling requestAdapter() on Windows. See https://crbug.com/369219127 @ :0
[   27582ms] [WARNING] The powerPreference option is currently ignored when calling requestAdapter() on Windows. See https://crbug.com/369219127 @ :0
[   27613ms] [WARNING] The powerPreference option is currently ignored when calling requestAdapter() on Windows. See https://crbug.com/369219127 @ :0
[   27630ms] [WARNING] The powerPreference option is currently ignored when calling requestAdapter() on Windows. See https://crbug.com/369219127 @ :0
[   27644ms] [WARNING] The powerPreference option is currently ignored when calling requestAdapter() on Windows. See https://crbug.com/369219127 @ :0
[   27660ms] [WARNING] The powerPreference option is currently ignored when calling requestAdapter() on Windows. See https://crbug.com/369219127 @ :0
[   27675ms] [WARNING] The powerPreference option is currently ignored when calling requestAdapter() on Windows. See https://crbug.com/369219127 @ :0
[   27708ms] [WARNING] The powerPreference option is currently ignored when calling requestAdapter() on Windows. See https://crbug.com/369219127 @ :0
[   27724ms] [WARNING] The powerPreference option is currently ignored when calling requestAdapter() on Windows. See https://crbug.com/369219127 @ :0
[   27767ms] [WARNING] The powerPreference option is currently ignored when calling requestAdapter() on Windows. See https://crbug.com/369219127 @ :0
[   27781ms] [WARNING] The powerPreference option is currently ignored when calling requestAdapter() on Windows. See https://crbug.com/369219127 @ :0
[   27801ms] [WARNING] The powerPreference option is currently ignored when calling requestAdapter() on Windows. See https://crbug.com/369219127 @ :0
[   27835ms] [WARNING] The powerPreference option is currently ignored when calling requestAdapter() on Windows. See https://crbug.com/369219127 @ :0
[   45570ms] [WARNING] The powerPreference option is currently ignored when calling requestAdapter() on Windows. See https://crbug.com/369219127 @ :0
[   67128ms] [WARNING] The powerPreference option is currently ignored when calling requestAdapter() on Windows. See https://crbug.com/369219127 @ :0
[   89283ms] [WARNING] The powerPreference option is currently ignored when calling requestAdapter() on Windows. See https://crbug.com/369219127 @ :0
[   91878ms] [WARNING] The powerPreference option is currently ignored when calling requestAdapter() on Windows. See https://crbug.com/369219127 @ :0
[   92870ms] [WARNING] The powerPreference option is currently ignored when calling requestAdapter() on Windows. See https://crbug.com/369219127 @ :0
[   92942ms] [WARNING] The powerPreference option is currently ignored when calling requestAdapter() on Windows. See https://crbug.com/369219127 @ :0
[   92973ms] [WARNING] The powerPreference option is currently ignored when calling requestAdapter() on Windows. See https://crbug.com/369219127 @ :0
[   93024ms] [WARNING] The powerPreference option is currently ignored when calling requestAdapter() on Windows. See https://crbug.com/369219127 @ :0
[   93044ms] [WARNING] The powerPreference option is currently ignored when calling requestAdapter() on Windows. See https://crbug.com/369219127 @ :0
[  113878ms] [WARNING] The powerPreference option is currently ignored when calling requestAdapter() on Windows. See https://crbug.com/369219127 @ :0
[  114104ms] [WARNING] The powerPreference option is currently ignored when calling requestAdapter() on Windows. See https://crbug.com/369219127 @ :0
[  114183ms] [WARNING] The powerPreference option is currently ignored when calling requestAdapter() on Windows. See https://crbug.com/369219127 @ :0
[  114203ms] [WARNING] The powerPreference option is currently ignored when calling requestAdapter() on Windows. See https://crbug.com/369219127 @ :0
[  114223ms] [WARNING] The powerPreference option is currently ignored when calling requestAdapter() on Windows. See https://crbug.com/369219127 @ :0
[  164059ms] [WARNING] The powerPreference option is currently ignored when calling requestAdapter() on Windows. See https://crbug.com/369219127 @ :0
[  168287ms] [WARNING] The powerPreference option is currently ignored when calling requestAdapter() on Windows. See https://crbug.com/369219127 @ :0
[  185632ms] [ERROR] Permissions policy violation: compute-pressure is not allowed in this document. @ https://www.youtube.com/s/player/4fd832e7/player_embed_es6.vflset/en_GB/base.js:5401
[  192695ms] [WARNING] The powerPreference option is currently ignored when calling requestAdapter() on Windows. See https://crbug.com/369219127 @ :0
[  192904ms] [WARNING] The powerPreference option is currently ignored when calling requestAdapter() on Windows. See https://crbug.com/369219127 @ :0
[  194930ms] [WARNING] The powerPreference option is currently ignored when calling requestAdapter() on Windows. See https://crbug.com/369219127 @ :0
[  194950ms] [WARNING] The powerPreference option is currently ignored when calling requestAdapter() on Windows. See https://crbug.com/369219127 @ :0
[  194970ms] [WARNING] The powerPreference option is currently ignored when calling requestAdapter() on Windows. See https://crbug.com/369219127 @ :0
[  199608ms] [ERROR] Permissions policy violation: compute-pressure is not allowed in this document. @ https://www.youtube.com/s/player/4fd832e7/player_embed_es6.vflset/en_GB/base.js:5401
[  203021ms] [ERROR] Permissions policy violation: compute-pressure is not allowed in this document. @ https://www.youtube.com/s/player/4fd832e7/player_embed_es6.vflset/en_GB/base.js:5401
[  203037ms] [ERROR] Permissions policy violation: compute-pressure is not allowed in this document. @ https://www.youtube.com/s/player/4fd832e7/player_embed_es6.vflset/en_GB/base.js:5401
[  208545ms] [WARNING] The powerPreference option is currently ignored when calling requestAdapter() on Windows. See https://crbug.com/369219127 @ :0
[  210008ms] [WARNING] The powerPreference option is currently ignored when calling requestAdapter() on Windows. See https://crbug.com/369219127 @ :0
[  210484ms] [WARNING] The powerPreference option is currently ignored when calling requestAdapter() on Windows. See https://crbug.com/369219127 @ :0
[  210578ms] [WARNING] The powerPreference option is currently ignored when calling requestAdapter() on Windows. See https://crbug.com/369219127 @ :0
[  210602ms] [WARNING] The powerPreference option is currently ignored when calling requestAdapter() on Windows. See https://crbug.com/369219127 @ :0
[  210625ms] [WARNING] The powerPreference option is currently ignored when calling requestAdapter() on Windows. See https://crbug.com/369219127 @ :0
[  210703ms] [WARNING] The powerPreference option is currently ignored when calling requestAdapter() on Windows. See https://crbug.com/369219127 @ :0
[  236263ms] [WARNING] The powerPreference option is currently ignored when calling requestAdapter() on Windows. See https://crbug.com/369219127 @ :0
[  236508ms] [WARNING] The powerPreference option is currently ignored when calling requestAdapter() on Windows. See https://crbug.com/369219127 @ :0
[  236550ms] [WARNING] The powerPreference option is currently ignored when calling requestAdapter() on Windows. See https://crbug.com/369219127 @ :0
[  236566ms] [WARNING] The powerPreference option is currently ignored when calling requestAdapter() on Windows. See https://crbug.com/369219127 @ :0
[  236711ms] [WARNING] The powerPreference option is currently ignored when calling requestAdapter() on Windows. See https://crbug.com/369219127 @ :0
[   26431ms] [WARNING] The powerPreference option is currently ignored when calling requestAdapter() on Windows. See https://crbug.com/369219127 @ :0
[   27383ms] [WARNING] The powerPreference option is currently ignored when calling requestAdapter() on Windows. See https://crbug.com/369219127 @ :0
[   27582ms] [WARNING] The powerPreference option is currently ignored when calling requestAdapter() on Windows. See https://crbug.com/369219127 @ :0
[   27613ms] [WARNING] The powerPreference option is currently ignored when calling requestAdapter() on Windows. See https://crbug.com/369219127 @ :0
[   27630ms] [WARNING] The powerPreference option is currently ignored when calling requestAdapter() on Windows. See https://crbug.com/369219127 @ :0
[   27644ms] [WARNING] The powerPreference option is currently ignored when calling requestAdapter() on Windows. See https://crbug.com/369219127 @ :0
[   27660ms] [WARNING] The powerPreference option is currently ignored when calling requestAdapter() on Windows. See https://crbug.com/369219127 @ :0
[   27675ms] [WARNING] The powerPreference option is currently ignored when calling requestAdapter() on Windows. See https://crbug.com/369219127 @ :0
[   27708ms] [WARNING] The powerPreference option is currently ignored when calling requestAdapter() on Windows. See https://crbug.com/369219127 @ :0
[   27724ms] [WARNING] The powerPreference option is currently ignored when calling requestAdapter() on Windows. See https://crbug.com/369219127 @ :0
[   27767ms] [WARNING] The powerPreference option is currently ignored when calling requestAdapter() on Windows. See https://crbug.com/369219127 @ :0
[   27781ms] [WARNING] The powerPreference option is currently ignored when calling requestAdapter() on Windows. See https://crbug.com/369219127 @ :0
[   27801ms] [WARNING] The powerPreference option is currently ignored when calling requestAdapter() on Windows. See https://crbug.com/369219127 @ :0
[   27835ms] [WARNING] The powerPreference option is currently ignored when calling requestAdapter() on Windows. See https://crbug.com/369219127 @ :0
[   45570ms] [WARNING] The powerPreference option is currently ignored when calling requestAdapter() on Windows. See https://crbug.com/369219127 @ :0
[   67128ms] [WARNING] The powerPreference option is currently ignored when calling requestAdapter() on Windows. See https://crbug.com/369219127 @ :0
[   89283ms] [WARNING] The powerPreference option is currently ignored when calling requestAdapter() on Windows. See https://crbug.com/369219127 @ :0
[   91878ms] [WARNING] The powerPreference option is currently ignored when calling requestAdapter() on Windows. See https://crbug.com/369219127 @ :0
[   92870ms] [WARNING] The powerPreference option is currently ignored when calling requestAdapter() on Windows. See https://crbug.com/369219127 @ :0
[   92942ms] [WARNING] The powerPreference option is currently ignored when calling requestAdapter() on Windows. See https://crbug.com/369219127 @ :0
[   92973ms] [WARNING] The powerPreference option is currently ignored when calling requestAdapter() on Windows. See https://crbug.com/369219127 @ :0
[   93024ms] [WARNING] The powerPreference option is currently ignored when calling requestAdapter() on Windows. See https://crbug.com/369219127 @ :0
[   93044ms] [WARNING] The powerPreference option is currently ignored when calling requestAdapter() on Windows. See https://crbug.com/369219127 @ :0
[  113878ms] [WARNING] The powerPreference option is currently ignored when calling requestAdapter() on Windows. See https://crbug.com/369219127 @ :0
[  114104ms] [WARNING] The powerPreference option is currently ignored when calling requestAdapter() on Windows. See https://crbug.com/369219127 @ :0
[  114183ms] [WARNING] The powerPreference option is currently ignored when calling requestAdapter() on Windows. See https://crbug.com/369219127 @ :0
[  114203ms] [WARNING] The powerPreference option is currently ignored when calling requestAdapter() on Windows. See https://crbug.com/369219127 @ :0
[  114223ms] [WARNING] The powerPreference option is currently ignored when calling requestAdapter() on Windows. See https://crbug.com/369219127 @ :0
[  164059ms] [WARNING] The powerPreference option is currently ignored when calling requestAdapter() on Windows. See https://crbug.com/369219127 @ :0
[  168287ms] [WARNING] The powerPreference option is currently ignored when calling requestAdapter() on Windows. See https://crbug.com/369219127 @ :0
[  185632ms] [ERROR] Permissions policy violation: compute-pressure is not allowed in this document. @ https://www.youtube.com/s/player/4fd832e7/player_embed_es6.vflset/en_GB/base.js:5401
[  192695ms] [WARNING] The powerPreference option is currently ignored when calling requestAdapter() on Windows. See https://crbug.com/369219127 @ :0
[  192904ms] [WARNING] The powerPreference option is currently ignored when calling requestAdapter() on Windows. See https://crbug.com/369219127 @ :0
[  194930ms] [WARNING] The powerPreference option is currently ignored when calling requestAdapter() on Windows. See https://crbug.com/369219127 @ :0
[  194950ms] [WARNING] The powerPreference option is currently ignored when calling requestAdapter() on Windows. See https://crbug.com/369219127 @ :0
[  194970ms] [WARNING] The powerPreference option is currently ignored when calling requestAdapter() on Windows. See https://crbug.com/369219127 @ :0
[  199608ms] [ERROR] Permissions policy violation: compute-pressure is not allowed in this document. @ https://www.youtube.com/s/player/4fd832e7/player_embed_es6.vflset/en_GB/base.js:5401
[  203021ms] [ERROR] Permissions policy violation: compute-pressure is not allowed in this document. @ https://www.youtube.com/s/player/4fd832e7/player_embed_es6.vflset/en_GB/base.js:5401
[  203037ms] [ERROR] Permissions policy violation: compute-pressure is not allowed in this document. @ https://www.youtube.com/s/player/4fd832e7/player_embed_es6.vflset/en_GB/base.js:5401
[  208545ms] [WARNING] The powerPreference option is currently ignored when calling requestAdapter() on Windows. See https://crbug.com/369219127 @ :0
[  210008ms] [WARNING] The powerPreference option is currently ignored when calling requestAdapter() on Windows. See https://crbug.com/369219127 @ :0
[  210484ms] [WARNING] The powerPreference option is currently ignored when calling requestAdapter() on Windows. See https://crbug.com/369219127 @ :0
[  210578ms] [WARNING] The powerPreference option is currently ignored when calling requestAdapter() on Windows. See https://crbug.com/369219127 @ :0
[  210602ms] [WARNING] The powerPreference option is currently ignored when calling requestAdapter() on Windows. See https://crbug.com/369219127 @ :0
[  210625ms] [WARNING] The powerPreference option is currently ignored when calling requestAdapter() on Windows. See https://crbug.com/369219127 @ :0
[  210703ms] [WARNING] The powerPreference option is currently ignored when calling requestAdapter() on Windows. See https://crbug.com/369219127 @ :0
[  236263ms] [WARNING] The powerPreference option is currently ignored when calling requestAdapter() on Windows. See https://crbug.com/369219127 @ :0
[  236508ms] [WARNING] The powerPreference option is currently ignored when calling requestAdapter() on Windows. See https://crbug.com/369219127 @ :0
[  236550ms] [WARNING] The powerPreference option is currently ignored when calling requestAdapter() on Windows. See https://crbug.com/369219127 @ :0
[  236566ms] [WARNING] The powerPreference option is currently ignored when calling requestAdapter() on Windows. See https://crbug.com/369219127 @ :0
[  236711ms] [WARNING] The powerPreference option is currently ignored when calling requestAdapter() on Windows. See https://crbug.com/369219127 @ :0
[   26431ms] [WARNING] The powerPreference option is currently ignored when calling requestAdapter() on Windows. See https://crbug.com/369219127 @ :0
[   27383ms] [WARNING] The powerPreference option is currently ignored when calling requestAdapter() on Windows. See https://crbug.com/369219127 @ :0
[   27582ms] [WARNING] The powerPreference option is currently ignored when calling requestAdapter() on Windows. See https://crbug.com/369219127 @ :0
[   27613ms] [WARNING] The powerPreference option is currently ignored when calling requestAdapter() on Windows. See https://crbug.com/369219127 @ :0
[   27630ms] [WARNING] The powerPreference option is currently ignored when calling requestAdapter() on Windows. See https://crbug.com/369219127 @ :0
[   27644ms] [WARNING] The powerPreference option is currently ignored when calling requestAdapter() on Windows. See https://crbug.com/369219127 @ :0
[   27660ms] [WARNING] The powerPreference option is currently ignored when calling requestAdapter() on Windows. See https://crbug.com/369219127 @ :0
[   27675ms] [WARNING] The powerPreference option is currently ignored when calling requestAdapter() on Windows. See https://crbug.com/369219127 @ :0
[   27708ms] [WARNING] The powerPreference option is currently ignored when calling requestAdapter() on Windows. See https://crbug.com/369219127 @ :0
[   27724ms] [WARNING] The powerPreference option is currently ignored when calling requestAdapter() on Windows. See https://crbug.com/369219127 @ :0
[   27767ms] [WARNING] The powerPreference option is currently ignored when calling requestAdapter() on Windows. See https://crbug.com/369219127 @ :0
[   27781ms] [WARNING] The powerPreference option is currently ignored when calling requestAdapter() on Windows. See https://crbug.com/369219127 @ :0
[   27801ms] [WARNING] The powerPreference option is currently ignored when calling requestAdapter() on Windows. See https://crbug.com/369219127 @ :0
[   27835ms] [WARNING] The powerPreference option is currently ignored when calling requestAdapter() on Windows. See https://crbug.com/369219127 @ :0
[   45570ms] [WARNING] The powerPreference option is currently ignored when calling requestAdapter() on Windows. See https://crbug.com/369219127 @ :0
[   67128ms] [WARNING] The powerPreference option is currently ignored when calling requestAdapter() on Windows. See https://crbug.com/369219127 @ :0
[   89283ms] [WARNING] The powerPreference option is currently ignored when calling requestAdapter() on Windows. See https://crbug.com/369219127 @ :0
[   91878ms] [WARNING] The powerPreference option is currently ignored when calling requestAdapter() on Windows. See https://crbug.com/369219127 @ :0
[   92870ms] [WARNING] The powerPreference option is currently ignored when calling requestAdapter() on Windows. See https://crbug.com/369219127 @ :0
[   92942ms] [WARNING] The powerPreference option is currently ignored when calling requestAdapter() on Windows. See https://crbug.com/369219127 @ :0
[   92973ms] [WARNING] The powerPreference option is currently ignored when calling requestAdapter() on Windows. See https://crbug.com/369219127 @ :0
[   93024ms] [WARNING] The powerPreference option is currently ignored when calling requestAdapter() on Windows. See https://crbug.com/369219127 @ :0
[   93044ms] [WARNING] The powerPreference option is currently ignored when calling requestAdapter() on Windows. See https://crbug.com/369219127 @ :0
[  113878ms] [WARNING] The powerPreference option is currently ignored when calling requestAdapter() on Windows. See https://crbug.com/369219127 @ :0
[  114104ms] [WARNING] The powerPreference option is currently ignored when calling requestAdapter() on Windows. See https://crbug.com/369219127 @ :0
[  114183ms] [WARNING] The powerPreference option is currently ignored when calling requestAdapter() on Windows. See https://crbug.com/369219127 @ :0
[  114203ms] [WARNING] The powerPreference option is currently ignored when calling requestAdapter() on Windows. See https://crbug.com/369219127 @ :0
[  114223ms] [WARNING] The powerPreference option is currently ignored when calling requestAdapter() on Windows. See https://crbug.com/369219127 @ :0
[  164059ms] [WARNING] The powerPreference option is currently ignored when calling requestAdapter() on Windows. See https://crbug.com/369219127 @ :0
[  168287ms] [WARNING] The powerPreference option is currently ignored when calling requestAdapter() on Windows. See https://crbug.com/369219127 @ :0
[  185632ms] [ERROR] Permissions policy violation: compute-pressure is not allowed in this document. @ https://www.youtube.com/s/player/4fd832e7/player_embed_es6.vflset/en_GB/base.js:5401
[  192695ms] [WARNING] The powerPreference option is currently ignored when calling requestAdapter() on Windows. See https://crbug.com/369219127 @ :0
[  192904ms] [WARNING] The powerPreference option is currently ignored when calling requestAdapter() on Windows. See https://crbug.com/369219127 @ :0
[  194930ms] [WARNING] The powerPreference option is currently ignored when calling requestAdapter() on Windows. See https://crbug.com/369219127 @ :0
[  194950ms] [WARNING] The powerPreference option is currently ignored when calling requestAdapter() on Windows. See https://crbug.com/369219127 @ :0
[  194970ms] [WARNING] The powerPreference option is currently ignored when calling requestAdapter() on Windows. See https://crbug.com/369219127 @ :0
[  199608ms] [ERROR] Permissions policy violation: compute-pressure is not allowed in this document. @ https://www.youtube.com/s/player/4fd832e7/player_embed_es6.vflset/en_GB/base.js:5401
[  203021ms] [ERROR] Permissions policy violation: compute-pressure is not allowed in this document. @ https://www.youtube.com/s/player/4fd832e7/player_embed_es6.vflset/en_GB/base.js:5401
[  203037ms] [ERROR] Permissions policy violation: compute-pressure is not allowed in this document. @ https://www.youtube.com/s/player/4fd832e7/player_embed_es6.vflset/en_GB/base.js:5401
[  208545ms] [WARNING] The powerPreference option is currently ignored when calling requestAdapter() on Windows. See https://crbug.com/369219127 @ :0
[  210008ms] [WARNING] The powerPreference option is currently ignored when calling requestAdapter() on Windows. See https://crbug.com/369219127 @ :0
[  210484ms] [WARNING] The powerPreference option is currently ignored when calling requestAdapter() on Windows. See https://crbug.com/369219127 @ :0
[  210578ms] [WARNING] The powerPreference option is currently ignored when calling requestAdapter() on Windows. See https://crbug.com/369219127 @ :0
[  210602ms] [WARNING] The powerPreference option is currently ignored when calling requestAdapter() on Windows. See https://crbug.com/369219127 @ :0
[  210625ms] [WARNING] The powerPreference option is currently ignored when calling requestAdapter() on Windows. See https://crbug.com/369219127 @ :0
[  210703ms] [WARNING] The powerPreference option is currently ignored when calling requestAdapter() on Windows. See https://crbug.com/369219127 @ :0
[  236263ms] [WARNING] The powerPreference option is currently ignored when calling requestAdapter() on Windows. See https://crbug.com/369219127 @ :0
[  236508ms] [WARNING] The powerPreference option is currently ignored when calling requestAdapter() on Windows. See https://crbug.com/369219127 @ :0
[  236550ms] [WARNING] The powerPreference option is currently ignored when calling requestAdapter() on Windows. See https://crbug.com/369219127 @ :0
[  236566ms] [WARNING] The powerPreference option is currently ignored when calling requestAdapter() on Windows. See https://crbug.com/369219127 @ :0
[  236711ms] [WARNING] The powerPreference option is currently ignored when calling requestAdapter() on Windows. See https://crbug.com/369219127 @ :0
[   26431ms] [WARNING] The powerPreference option is currently ignored when calling requestAdapter() on Windows. See https://crbug.com/369219127 @ :0
[   27383ms] [WARNING] The powerPreference option is currently ignored when calling requestAdapter() on Windows. See https://crbug.com/369219127 @ :0
[   27582ms] [WARNING] The powerPreference option is currently ignored when calling requestAdapter() on Windows. See https://crbug.com/369219127 @ :0
[   27613ms] [WARNING] The powerPreference option is currently ignored when calling requestAdapter() on Windows. See https://crbug.com/369219127 @ :0
[   27630ms] [WARNING] The powerPreference option is currently ignored when calling requestAdapter() on Windows. See https://crbug.com/369219127 @ :0
[   27644ms] [WARNING] The powerPreference option is currently ignored when calling requestAdapter() on Windows. See https://crbug.com/369219127 @ :0
[   27660ms] [WARNING] The powerPreference option is currently ignored when calling requestAdapter() on Windows. See https://crbug.com/369219127 @ :0
[   27675ms] [WARNING] The powerPreference option is currently ignored when calling requestAdapter() on Windows. See https://crbug.com/369219127 @ :0
[   27708ms] [WARNING] The powerPreference option is currently ignored when calling requestAdapter() on Windows. See https://crbug.com/369219127 @ :0
[   27724ms] [WARNING] The powerPreference option is currently ignored when calling requestAdapter() on Windows. See https://crbug.com/369219127 @ :0
[   27767ms] [WARNING] The powerPreference option is currently ignored when calling requestAdapter() on Windows. See https://crbug.com/369219127 @ :0
[   27781ms] [WARNING] The powerPreference option is currently ignored when calling requestAdapter() on Windows. See https://crbug.com/369219127 @ :0
[   27801ms] [WARNING] The powerPreference option is currently ignored when calling requestAdapter() on Windows. See https://crbug.com/369219127 @ :0
[   27835ms] [WARNING] The powerPreference option is currently ignored when calling requestAdapter() on Windows. See https://crbug.com/369219127 @ :0
[   45570ms] [WARNING] The powerPreference option is currently ignored when calling requestAdapter() on Windows. See https://crbug.com/369219127 @ :0
[   67128ms] [WARNING] The powerPreference option is currently ignored when calling requestAdapter() on Windows. See https://crbug.com/369219127 @ :0
[   89283ms] [WARNING] The powerPreference option is currently ignored when calling requestAdapter() on Windows. See https://crbug.com/369219127 @ :0
[   91878ms] [WARNING] The powerPreference option is currently ignored when calling requestAdapter() on Windows. See https://crbug.com/369219127 @ :0
[   92870ms] [WARNING] The powerPreference option is currently ignored when calling requestAdapter() on Windows. See https://crbug.com/369219127 @ :0
[   92942ms] [WARNING] The powerPreference option is currently ignored when calling requestAdapter() on Windows. See https://crbug.com/369219127 @ :0
[   92973ms] [WARNING] The powerPreference option is currently ignored when calling requestAdapter() on Windows. See https://crbug.com/369219127 @ :0
[   93024ms] [WARNING] The powerPreference option is currently ignored when calling requestAdapter() on Windows. See https://crbug.com/369219127 @ :0
[   93044ms] [WARNING] The powerPreference option is currently ignored when calling requestAdapter() on Windows. See https://crbug.com/369219127 @ :0
[  113878ms] [WARNING] The powerPreference option is currently ignored when calling requestAdapter() on Windows. See https://crbug.com/369219127 @ :0
[  114104ms] [WARNING] The powerPreference option is currently ignored when calling requestAdapter() on Windows. See https://crbug.com/369219127 @ :0
[  114183ms] [WARNING] The powerPreference option is currently ignored when calling requestAdapter() on Windows. See https://crbug.com/369219127 @ :0
[  114203ms] [WARNING] The powerPreference option is currently ignored when calling requestAdapter() on Windows. See https://crbug.com/369219127 @ :0
[  114223ms] [WARNING] The powerPreference option is currently ignored when calling requestAdapter() on Windows. See https://crbug.com/369219127 @ :0
[  164059ms] [WARNING] The powerPreference option is currently ignored when calling requestAdapter() on Windows. See https://crbug.com/369219127 @ :0
[  168287ms] [WARNING] The powerPreference option is currently ignored when calling requestAdapter() on Windows. See https://crbug.com/369219127 @ :0
[  185632ms] [ERROR] Permissions policy violation: compute-pressure is not allowed in this document. @ https://www.youtube.com/s/player/4fd832e7/player_embed_es6.vflset/en_GB/base.js:5401
[  192695ms] [WARNING] The powerPreference option is currently ignored when calling requestAdapter() on Windows. See https://crbug.com/369219127 @ :0
[  192904ms] [WARNING] The powerPreference option is currently ignored when calling requestAdapter() on Windows. See https://crbug.com/369219127 @ :0
[  194930ms] [WARNING] The powerPreference option is currently ignored when calling requestAdapter() on Windows. See https://crbug.com/369219127 @ :0
[  194950ms] [WARNING] The powerPreference option is currently ignored when calling requestAdapter() on Windows. See https://crbug.com/369219127 @ :0
[  194970ms] [WARNING] The powerPreference option is currently ignored when calling requestAdapter() on Windows. See https://crbug.com/369219127 @ :0
[  199608ms] [ERROR] Permissions policy violation: compute-pressure is not allowed in this document. @ https://www.youtube.com/s/player/4fd832e7/player_embed_es6.vflset/en_GB/base.js:5401
[  203021ms] [ERROR] Permissions policy violation: compute-pressure is not allowed in this document. @ https://www.youtube.com/s/player/4fd832e7/player_embed_es6.vflset/en_GB/base.js:5401
[  203037ms] [ERROR] Permissions policy violation: compute-pressure is not allowed in this document. @ https://www.youtube.com/s/player/4fd832e7/player_embed_es6.vflset/en_GB/base.js:5401
[  208545ms] [WARNING] The powerPreference option is currently ignored when calling requestAdapter() on Windows. See https://crbug.com/369219127 @ :0
[  210008ms] [WARNING] The powerPreference option is currently ignored when calling requestAdapter() on Windows. See https://crbug.com/369219127 @ :0
[  210484ms] [WARNING] The powerPreference option is currently ignored when calling requestAdapter() on Windows. See https://crbug.com/369219127 @ :0
[  210578ms] [WARNING] The powerPreference option is currently ignored when calling requestAdapter() on Windows. See https://crbug.com/369219127 @ :0
[  210602ms] [WARNING] The powerPreference option is currently ignored when calling requestAdapter() on Windows. See https://crbug.com/369219127 @ :0
[  210625ms] [WARNING] The powerPreference option is currently ignored when calling requestAdapter() on Windows. See https://crbug.com/369219127 @ :0
[  210703ms] [WARNING] The powerPreference option is currently ignored when calling requestAdapter() on Windows. See https://crbug.com/369219127 @ :0
[  236263ms] [WARNING] The powerPreference option is currently ignored when calling requestAdapter() on Windows. See https://crbug.com/369219127 @ :0
[  236508ms] [WARNING] The powerPreference option is currently ignored when calling requestAdapter() on Windows. See https://crbug.com/369219127 @ :0
[  236550ms] [WARNING] The powerPreference option is currently ignored when calling requestAdapter() on Windows. See https://crbug.com/369219127 @ :0
[  236566ms] [WARNING] The powerPreference option is currently ignored when calling requestAdapter() on Windows. See https://crbug.com/369219127 @ :0
[  236711ms] [WARNING] The powerPreference option is currently ignored when calling requestAdapter() on Windows. See https://crbug.com/369219127 @ :0
[   26431ms] [WARNING] The powerPreference option is currently ignored when calling requestAdapter() on Windows. See https://crbug.com/369219127 @ :0
[   27383ms] [WARNING] The powerPreference option is currently ignored when calling requestAdapter() on Windows. See https://crbug.com/369219127 @ :0
[   27582ms] [WARNING] The powerPreference option is currently ignored when calling requestAdapter() on Windows. See https://crbug.com/369219127 @ :0
[   27613ms] [WARNING] The powerPreference option is currently ignored when calling requestAdapter() on Windows. See https://crbug.com/369219127 @ :0
[   27630ms] [WARNING] The powerPreference option is currently ignored when calling requestAdapter() on Windows. See https://crbug.com/369219127 @ :0
[   27644ms] [WARNING] The powerPreference option is currently ignored when calling requestAdapter() on Windows. See https://crbug.com/369219127 @ :0
[   27660ms] [WARNING] The powerPreference option is currently ignored when calling requestAdapter() on Windows. See https://crbug.com/369219127 @ :0
[   27675ms] [WARNING] The powerPreference option is currently ignored when calling requestAdapter() on Windows. See https://crbug.com/369219127 @ :0
[   27708ms] [WARNING] The powerPreference option is currently ignored when calling requestAdapter() on Windows. See https://crbug.com/369219127 @ :0
[   27724ms] [WARNING] The powerPreference option is currently ignored when calling requestAdapter() on Windows. See https://crbug.com/369219127 @ :0
[   27767ms] [WARNING] The powerPreference option is currently ignored when calling requestAdapter() on Windows. See https://crbug.com/369219127 @ :0
[   27781ms] [WARNING] The powerPreference option is currently ignored when calling requestAdapter() on Windows. See https://crbug.com/369219127 @ :0
[   27801ms] [WARNING] The powerPreference option is currently ignored when calling requestAdapter() on Windows. See https://crbug.com/369219127 @ :0
[   27835ms] [WARNING] The powerPreference option is currently ignored when calling requestAdapter() on Windows. See https://crbug.com/369219127 @ :0
[   45570ms] [WARNING] The powerPreference option is currently ignored when calling requestAdapter() on Windows. See https://crbug.com/369219127 @ :0
[   67128ms] [WARNING] The powerPreference option is currently ignored when calling requestAdapter() on Windows. See https://crbug.com/369219127 @ :0
[   89283ms] [WARNING] The powerPreference option is currently ignored when calling requestAdapter() on Windows. See https://crbug.com/369219127 @ :0
[   91878ms] [WARNING] The powerPreference option is currently ignored when calling requestAdapter() on Windows. See https://crbug.com/369219127 @ :0
[   92870ms] [WARNING] The powerPreference option is currently ignored when calling requestAdapter() on Windows. See https://crbug.com/369219127 @ :0
[   92942ms] [WARNING] The powerPreference option is currently ignored when calling requestAdapter() on Windows. See https://crbug.com/369219127 @ :0
[   92973ms] [WARNING] The powerPreference option is currently ignored when calling requestAdapter() on Windows. See https://crbug.com/369219127 @ :0
[   93024ms] [WARNING] The powerPreference option is currently ignored when calling requestAdapter() on Windows. See https://crbug.com/369219127 @ :0
[   93044ms] [WARNING] The powerPreference option is currently ignored when calling requestAdapter() on Windows. See https://crbug.com/369219127 @ :0
[  113878ms] [WARNING] The powerPreference option is currently ignored when calling requestAdapter() on Windows. See https://crbug.com/369219127 @ :0
[  114104ms] [WARNING] The powerPreference option is currently ignored when calling requestAdapter() on Windows. See https://crbug.com/369219127 @ :0
[  114183ms] [WARNING] The powerPreference option is currently ignored when calling requestAdapter() on Windows. See https://crbug.com/369219127 @ :0
[  114203ms] [WARNING] The powerPreference option is currently ignored when calling requestAdapter() on Windows. See https://crbug.com/369219127 @ :0
[  114223ms] [WARNING] The powerPreference option is currently ignored when calling requestAdapter() on Windows. See https://crbug.com/369219127 @ :0
[  164059ms] [WARNING] The powerPreference option is currently ignored when calling requestAdapter() on Windows. See https://crbug.com/369219127 @ :0
[  168287ms] [WARNING] The powerPreference option is currently ignored when calling requestAdapter() on Windows. See https://crbug.com/369219127 @ :0
[  185632ms] [ERROR] Permissions policy violation: compute-pressure is not allowed in this document. @ https://www.youtube.com/s/player/4fd832e7/player_embed_es6.vflset/en_GB/base.js:5401
[  192695ms] [WARNING] The powerPreference option is currently ignored when calling requestAdapter() on Windows. See https://crbug.com/369219127 @ :0
[  192904ms] [WARNING] The powerPreference option is currently ignored when calling requestAdapter() on Windows. See https://crbug.com/369219127 @ :0
[  194930ms] [WARNING] The powerPreference option is currently ignored when calling requestAdapter() on Windows. See https://crbug.com/369219127 @ :0
[  194950ms] [WARNING] The powerPreference option is currently ignored when calling requestAdapter() on Windows. See https://crbug.com/369219127 @ :0
[  194970ms] [WARNING] The powerPreference option is currently ignored when calling requestAdapter() on Windows. See https://crbug.com/369219127 @ :0
[  199608ms] [ERROR] Permissions policy violation: compute-pressure is not allowed in this document. @ https://www.youtube.com/s/player/4fd832e7/player_embed_es6.vflset/en_GB/base.js:5401
[  203021ms] [ERROR] Permissions policy violation: compute-pressure is not allowed in this document. @ https://www.youtube.com/s/player/4fd832e7/player_embed_es6.vflset/en_GB/base.js:5401
[  203037ms] [ERROR] Permissions policy violation: compute-pressure is not allowed in this document. @ https://www.youtube.com/s/player/4fd832e7/player_embed_es6.vflset/en_GB/base.js:5401
[  208545ms] [WARNING] The powerPreference option is currently ignored when calling requestAdapter() on Windows. See https://crbug.com/369219127 @ :0
[  210008ms] [WARNING] The powerPreference option is currently ignored when calling requestAdapter() on Windows. See https://crbug.com/369219127 @ :0
[  210484ms] [WARNING] The powerPreference option is currently ignored when calling requestAdapter() on Windows. See https://crbug.com/369219127 @ :0
[  210578ms] [WARNING] The powerPreference option is currently ignored when calling requestAdapter() on Windows. See https://crbug.com/369219127 @ :0
[  210602ms] [WARNING] The powerPreference option is currently ignored when calling requestAdapter() on Windows. See https://crbug.com/369219127 @ :0
[  210625ms] [WARNING] The powerPreference option is currently ignored when calling requestAdapter() on Windows. See https://crbug.com/369219127 @ :0
[  210703ms] [WARNING] The powerPreference option is currently ignored when calling requestAdapter() on Windows. See https://crbug.com/369219127 @ :0
[  236263ms] [WARNING] The powerPreference option is currently ignored when calling requestAdapter() on Windows. See https://crbug.com/369219127 @ :0
[  236508ms] [WARNING] The powerPreference option is currently ignored when calling requestAdapter() on Windows. See https://crbug.com/369219127 @ :0
[  236550ms] [WARNING] The powerPreference option is currently ignored when calling requestAdapter() on Windows. See https://crbug.com/369219127 @ :0
[  236566ms] [WARNING] The powerPreference option is currently ignored when calling requestAdapter() on Windows. See https://crbug.com/369219127 @ :0
[  236711ms] [WARNING] The powerPreference option is currently ignored when calling requestAdapter() on Windows. See https://crbug.com/369219127 @ :0
[   26431ms] [WARNING] The powerPreference option is currently ignored when calling requestAdapter() on Windows. See https://crbug.com/369219127 @ :0
[   27383ms] [WARNING] The powerPreference option is currently ignored when calling requestAdapter() on Windows. See https://crbug.com/369219127 @ :0
[   27582ms] [WARNING] The powerPreference option is currently ignored when calling requestAdapter() on Windows. See https://crbug.com/369219127 @ :0
[   27613ms] [WARNING] The powerPreference option is currently ignored when calling requestAdapter() on Windows. See https://crbug.com/369219127 @ :0
[   27630ms] [WARNING] The powerPreference option is currently ignored when calling requestAdapter() on Windows. See https://crbug.com/369219127 @ :0
[   27644ms] [WARNING] The powerPreference option is currently ignored when calling requestAdapter() on Windows. See https://crbug.com/369219127 @ :0
[   27660ms] [WARNING] The powerPreference option is currently ignored when calling requestAdapter() on Windows. See https://crbug.com/369219127 @ :0
[   27675ms] [WARNING] The powerPreference option is currently ignored when calling requestAdapter() on Windows. See https://crbug.com/369219127 @ :0
[   27708ms] [WARNING] The powerPreference option is currently ignored when calling requestAdapter() on Windows. See https://crbug.com/369219127 @ :0
[   27724ms] [WARNING] The powerPreference option is currently ignored when calling requestAdapter() on Windows. See https://crbug.com/369219127 @ :0
[   27767ms] [WARNING] The powerPreference option is currently ignored when calling requestAdapter() on Windows. See https://crbug.com/369219127 @ :0
[   27781ms] [WARNING] The powerPreference option is currently ignored when calling requestAdapter() on Windows. See https://crbug.com/369219127 @ :0
[   27801ms] [WARNING] The powerPreference option is currently ignored when calling requestAdapter() on Windows. See https://crbug.com/369219127 @ :0
[   27835ms] [WARNING] The powerPreference option is currently ignored when calling requestAdapter() on Windows. See https://crbug.com/369219127 @ :0
[   45570ms] [WARNING] The powerPreference option is currently ignored when calling requestAdapter() on Windows. See https://crbug.com/369219127 @ :0
[   67128ms] [WARNING] The powerPreference option is currently ignored when calling requestAdapter() on Windows. See https://crbug.com/369219127 @ :0
[   89283ms] [WARNING] The powerPreference option is currently ignored when calling requestAdapter() on Windows. See https://crbug.com/369219127 @ :0
[   91878ms] [WARNING] The powerPreference option is currently ignored when calling requestAdapter() on Windows. See https://crbug.com/369219127 @ :0
[   92870ms] [WARNING] The powerPreference option is currently ignored when calling requestAdapter() on Windows. See https://crbug.com/369219127 @ :0
[   92942ms] [WARNING] The powerPreference option is currently ignored when calling requestAdapter() on Windows. See https://crbug.com/369219127 @ :0
[   92973ms] [WARNING] The powerPreference option is currently ignored when calling requestAdapter() on Windows. See https://crbug.com/369219127 @ :0
[   93024ms] [WARNING] The powerPreference option is currently ignored when calling requestAdapter() on Windows. See https://crbug.com/369219127 @ :0
[   93044ms] [WARNING] The powerPreference option is currently ignored when calling requestAdapter() on Windows. See https://crbug.com/369219127 @ :0
[  113878ms] [WARNING] The powerPreference option is currently ignored when calling requestAdapter() on Windows. See https://crbug.com/369219127 @ :0
[  114104ms] [WARNING] The powerPreference option is currently ignored when calling requestAdapter() on Windows. See https://crbug.com/369219127 @ :0
[  114183ms] [WARNING] The powerPreference option is currently ignored when calling requestAdapter() on Windows. See https://crbug.com/369219127 @ :0
[  114203ms] [WARNING] The powerPreference option is currently ignored when calling requestAdapter() on Windows. See https://crbug.com/369219127 @ :0
[  114223ms] [WARNING] The powerPreference option is currently ignored when calling requestAdapter() on Windows. See https://crbug.com/369219127 @ :0
[  164059ms] [WARNING] The powerPreference option is currently ignored when calling requestAdapter() on Windows. See https://crbug.com/369219127 @ :0
[  168287ms] [WARNING] The powerPreference option is currently ignored when calling requestAdapter() on Windows. See https://crbug.com/369219127 @ :0
[  185632ms] [ERROR] Permissions policy violation: compute-pressure is not allowed in this document. @ https://www.youtube.com/s/player/4fd832e7/player_embed_es6.vflset/en_GB/base.js:5401
[  192695ms] [WARNING] The powerPreference option is currently ignored when calling requestAdapter() on Windows. See https://crbug.com/369219127 @ :0
[  192904ms] [WARNING] The powerPreference option is currently ignored when calling requestAdapter() on Windows. See https://crbug.com/369219127 @ :0
[  194930ms] [WARNING] The powerPreference option is currently ignored when calling requestAdapter() on Windows. See https://crbug.com/369219127 @ :0
[  194950ms] [WARNING] The powerPreference option is currently ignored when calling requestAdapter() on Windows. See https://crbug.com/369219127 @ :0
[  194970ms] [WARNING] The powerPreference option is currently ignored when calling requestAdapter() on Windows. See https://crbug.com/369219127 @ :0
[  199608ms] [ERROR] Permissions policy violation: compute-pressure is not allowed in this document. @ https://www.youtube.com/s/player/4fd832e7/player_embed_es6.vflset/en_GB/base.js:5401
[  203021ms] [ERROR] Permissions policy violation: compute-pressure is not allowed in this document. @ https://www.youtube.com/s/player/4fd832e7/player_embed_es6.vflset/en_GB/base.js:5401
[  203037ms] [ERROR] Permissions policy violation: compute-pressure is not allowed in this document. @ https://www.youtube.com/s/player/4fd832e7/player_embed_es6.vflset/en_GB/base.js:5401
[  208545ms] [WARNING] The powerPreference option is currently ignored when calling requestAdapter() on Windows. See https://crbug.com/369219127 @ :0
[  210008ms] [WARNING] The powerPreference option is currently ignored when calling requestAdapter() on Windows. See https://crbug.com/369219127 @ :0
[  210484ms] [WARNING] The powerPreference option is currently ignored when calling requestAdapter() on Windows. See https://crbug.com/369219127 @ :0
[  210578ms] [WARNING] The powerPreference option is currently ignored when calling requestAdapter() on Windows. See https://crbug.com/369219127 @ :0
[  210602ms] [WARNING] The powerPreference option is currently ignored when calling requestAdapter() on Windows. See https://crbug.com/369219127 @ :0
[  210625ms] [WARNING] The powerPreference option is currently ignored when calling requestAdapter() on Windows. See https://crbug.com/369219127 @ :0
[  210703ms] [WARNING] The powerPreference option is currently ignored when calling requestAdapter() on Windows. See https://crbug.com/369219127 @ :0
[  236263ms] [WARNING] The powerPreference option is currently ignored when calling requestAdapter() on Windows. See https://crbug.com/369219127 @ :0
[  236508ms] [WARNING] The powerPreference option is currently ignored when calling requestAdapter() on Windows. See https://crbug.com/369219127 @ :0
[  236550ms] [WARNING] The powerPreference option is currently ignored when calling requestAdapter() on Windows. See https://crbug.com/369219127 @ :0
[  236566ms] [WARNING] The powerPreference option is currently ignored when calling requestAdapter() on Windows. See https://crbug.com/369219127 @ :0
[  236711ms] [WARNING] The powerPreference option is currently ignored when calling requestAdapter() on Windows. See https://crbug.com/369219127 @ :0
[   26431ms] [WARNING] The powerPreference option is currently ignored when calling requestAdapter() on Windows. See https://crbug.com/369219127 @ :0
[   27383ms] [WARNING] The powerPreference option is currently ignored when calling requestAdapter() on Windows. See https://crbug.com/369219127 @ :0
[   27582ms] [WARNING] The powerPreference option is currently ignored when calling requestAdapter() on Windows. See https://crbug.com/369219127 @ :0
[   27613ms] [WARNING] The powerPreference option is currently ignored when calling requestAdapter() on Windows. See https://crbug.com/369219127 @ :0
[   27630ms] [WARNING] The powerPreference option is currently ignored when calling requestAdapter() on Windows. See https://crbug.com/369219127 @ :0
[   27644ms] [WARNING] The powerPreference option is currently ignored when calling requestAdapter() on Windows. See https://crbug.com/369219127 @ :0
[   27660ms] [WARNING] The powerPreference option is currently ignored when calling requestAdapter() on Windows. See https://crbug.com/369219127 @ :0
[   27675ms] [WARNING] The powerPreference option is currently ignored when calling requestAdapter() on Windows. See https://crbug.com/369219127 @ :0
[   27708ms] [WARNING] The powerPreference option is currently ignored when calling requestAdapter() on Windows. See https://crbug.com/369219127 @ :0
[   27724ms] [WARNING] The powerPreference option is currently ignored when calling requestAdapter() on Windows. See https://crbug.com/369219127 @ :0
[   27767ms] [WARNING] The powerPreference option is currently ignored when calling requestAdapter() on Windows. See https://crbug.com/369219127 @ :0
[   27781ms] [WARNING] The powerPreference option is currently ignored when calling requestAdapter() on Windows. See https://crbug.com/369219127 @ :0
[   27801ms] [WARNING] The powerPreference option is currently ignored when calling requestAdapter() on Windows. See https://crbug.com/369219127 @ :0
[   27835ms] [WARNING] The powerPreference option is currently ignored when calling requestAdapter() on Windows. See https://crbug.com/369219127 @ :0
[   45570ms] [WARNING] The powerPreference option is currently ignored when calling requestAdapter() on Windows. See https://crbug.com/369219127 @ :0
[   67128ms] [WARNING] The powerPreference option is currently ignored when calling requestAdapter() on Windows. See https://crbug.com/369219127 @ :0
[   89283ms] [WARNING] The powerPreference option is currently ignored when calling requestAdapter() on Windows. See https://crbug.com/369219127 @ :0
[   91878ms] [WARNING] The powerPreference option is currently ignored when calling requestAdapter() on Windows. See https://crbug.com/369219127 @ :0
[   92870ms] [WARNING] The powerPreference option is currently ignored when calling requestAdapter() on Windows. See https://crbug.com/369219127 @ :0
[   92942ms] [WARNING] The powerPreference option is currently ignored when calling requestAdapter() on Windows. See https://crbug.com/369219127 @ :0
[   92973ms] [WARNING] The powerPreference option is currently ignored when calling requestAdapter() on Windows. See https://crbug.com/369219127 @ :0
[   93024ms] [WARNING] The powerPreference option is currently ignored when calling requestAdapter() on Windows. See https://crbug.com/369219127 @ :0
[   93044ms] [WARNING] The powerPreference option is currently ignored when calling requestAdapter() on Windows. See https://crbug.com/369219127 @ :0
[  113878ms] [WARNING] The powerPreference option is currently ignored when calling requestAdapter() on Windows. See https://crbug.com/369219127 @ :0
[  114104ms] [WARNING] The powerPreference option is currently ignored when calling requestAdapter() on Windows. See https://crbug.com/369219127 @ :0
[  114183ms] [WARNING] The powerPreference option is currently ignored when calling requestAdapter() on Windows. See https://crbug.com/369219127 @ :0
[  114203ms] [WARNING] The powerPreference option is currently ignored when calling requestAdapter() on Windows. See https://crbug.com/369219127 @ :0
[  114223ms] [WARNING] The powerPreference option is currently ignored when calling requestAdapter() on Windows. See https://crbug.com/369219127 @ :0
[  164059ms] [WARNING] The powerPreference option is currently ignored when calling requestAdapter() on Windows. See https://crbug.com/369219127 @ :0
[  168287ms] [WARNING] The powerPreference option is currently ignored when calling requestAdapter() on Windows. See https://crbug.com/369219127 @ :0
[  185632ms] [ERROR] Permissions policy violation: compute-pressure is not allowed in this document. @ https://www.youtube.com/s/player/4fd832e7/player_embed_es6.vflset/en_GB/base.js:5401
[  192695ms] [WARNING] The powerPreference option is currently ignored when calling requestAdapter() on Windows. See https://crbug.com/369219127 @ :0
[  192904ms] [WARNING] The powerPreference option is currently ignored when calling requestAdapter() on Windows. See https://crbug.com/369219127 @ :0
[  194930ms] [WARNING] The powerPreference option is currently ignored when calling requestAdapter() on Windows. See https://crbug.com/369219127 @ :0
[  194950ms] [WARNING] The powerPreference option is currently ignored when calling requestAdapter() on Windows. See https://crbug.com/369219127 @ :0
[  194970ms] [WARNING] The powerPreference option is currently ignored when calling requestAdapter() on Windows. See https://crbug.com/369219127 @ :0
[  199608ms] [ERROR] Permissions policy violation: compute-pressure is not allowed in this document. @ https://www.youtube.com/s/player/4fd832e7/player_embed_es6.vflset/en_GB/base.js:5401
[  203021ms] [ERROR] Permissions policy violation: compute-pressure is not allowed in this document. @ https://www.youtube.com/s/player/4fd832e7/player_embed_es6.vflset/en_GB/base.js:5401
[  203037ms] [ERROR] Permissions policy violation: compute-pressure is not allowed in this document. @ https://www.youtube.com/s/player/4fd832e7/player_embed_es6.vflset/en_GB/base.js:5401
[  208545ms] [WARNING] The powerPreference option is currently ignored when calling requestAdapter() on Windows. See https://crbug.com/369219127 @ :0
[  210008ms] [WARNING] The powerPreference option is currently ignored when calling requestAdapter() on Windows. See https://crbug.com/369219127 @ :0
[  210484ms] [WARNING] The powerPreference option is currently ignored when calling requestAdapter() on Windows. See https://crbug.com/369219127 @ :0
[  210578ms] [WARNING] The powerPreference option is currently ignored when calling requestAdapter() on Windows. See https://crbug.com/369219127 @ :0
[  210602ms] [WARNING] The powerPreference option is currently ignored when calling requestAdapter() on Windows. See https://crbug.com/369219127 @ :0
[  210625ms] [WARNING] The powerPreference option is currently ignored when calling requestAdapter() on Windows. See https://crbug.com/369219127 @ :0
[  210703ms] [WARNING] The powerPreference option is currently ignored when calling requestAdapter() on Windows. See https://crbug.com/369219127 @ :0
[  236263ms] [WARNING] The powerPreference option is currently ignored when calling requestAdapter() on Windows. See https://crbug.com/369219127 @ :0
[  236508ms] [WARNING] The powerPreference option is currently ignored when calling requestAdapter() on Windows. See https://crbug.com/369219127 @ :0
[  236550ms] [WARNING] The powerPreference option is currently ignored when calling requestAdapter() on Windows. See https://crbug.com/369219127 @ :0
[  236566ms] [WARNING] The powerPreference option is currently ignored when calling requestAdapter() on Windows. See https://crbug.com/369219127 @ :0
[  236711ms] [WARNING] The powerPreference option is currently ignored when calling requestAdapter() on Windows. See https://crbug.com/369219127 @ :0
[   26431ms] [WARNING] The powerPreference option is currently ignored when calling requestAdapter() on Windows. See https://crbug.com/369219127 @ :0
[   27383ms] [WARNING] The powerPreference option is currently ignored when calling requestAdapter() on Windows. See https://crbug.com/369219127 @ :0
[   27582ms] [WARNING] The powerPreference option is currently ignored when calling requestAdapter() on Windows. See https://crbug.com/369219127 @ :0
[   27613ms] [WARNING] The powerPreference option is currently ignored when calling requestAdapter() on Windows. See https://crbug.com/369219127 @ :0
[   27630ms] [WARNING] The powerPreference option is currently ignored when calling requestAdapter() on Windows. See https://crbug.com/369219127 @ :0
[   27644ms] [WARNING] The powerPreference option is currently ignored when calling requestAdapter() on Windows. See https://crbug.com/369219127 @ :0
[   27660ms] [WARNING] The powerPreference option is currently ignored when calling requestAdapter() on Windows. See https://crbug.com/369219127 @ :0
[   27675ms] [WARNING] The powerPreference option is currently ignored when calling requestAdapter() on Windows. See https://crbug.com/369219127 @ :0
[   27708ms] [WARNING] The powerPreference option is currently ignored when calling requestAdapter() on Windows. See https://crbug.com/369219127 @ :0
[   27724ms] [WARNING] The powerPreference option is currently ignored when calling requestAdapter() on Windows. See https://crbug.com/369219127 @ :0
[   27767ms] [WARNING] The powerPreference option is currently ignored when calling requestAdapter() on Windows. See https://crbug.com/369219127 @ :0
[   27781ms] [WARNING] The powerPreference option is currently ignored when calling requestAdapter() on Windows. See https://crbug.com/369219127 @ :0
[   27801ms] [WARNING] The powerPreference option is currently ignored when calling requestAdapter() on Windows. See https://crbug.com/369219127 @ :0
[   27835ms] [WARNING] The powerPreference option is currently ignored when calling requestAdapter() on Windows. See https://crbug.com/369219127 @ :0
[   45570ms] [WARNING] The powerPreference option is currently ignored when calling requestAdapter() on Windows. See https://crbug.com/369219127 @ :0
[   67128ms] [WARNING] The powerPreference option is currently ignored when calling requestAdapter() on Windows. See https://crbug.com/369219127 @ :0
[   89283ms] [WARNING] The powerPreference option is currently ignored when calling requestAdapter() on Windows. See https://crbug.com/369219127 @ :0
[   91878ms] [WARNING] The powerPreference option is currently ignored when calling requestAdapter() on Windows. See https://crbug.com/369219127 @ :0
[   92870ms] [WARNING] The powerPreference option is currently ignored when calling requestAdapter() on Windows. See https://crbug.com/369219127 @ :0
[   92942ms] [WARNING] The powerPreference option is currently ignored when calling requestAdapter() on Windows. See https://crbug.com/369219127 @ :0
[   92973ms] [WARNING] The powerPreference option is currently ignored when calling requestAdapter() on Windows. See https://crbug.com/369219127 @ :0
[   93024ms] [WARNING] The powerPreference option is currently ignored when calling requestAdapter() on Windows. See https://crbug.com/369219127 @ :0
[   93044ms] [WARNING] The powerPreference option is currently ignored when calling requestAdapter() on Windows. See https://crbug.com/369219127 @ :0
[  113878ms] [WARNING] The powerPreference option is currently ignored when calling requestAdapter() on Windows. See https://crbug.com/369219127 @ :0
[  114104ms] [WARNING] The powerPreference option is currently ignored when calling requestAdapter() on Windows. See https://crbug.com/369219127 @ :0
[  114183ms] [WARNING] The powerPreference option is currently ignored when calling requestAdapter() on Windows. See https://crbug.com/369219127 @ :0
[  114203ms] [WARNING] The powerPreference option is currently ignored when calling requestAdapter() on Windows. See https://crbug.com/369219127 @ :0
[  114223ms] [WARNING] The powerPreference option is currently ignored when calling requestAdapter() on Windows. See https://crbug.com/369219127 @ :0
[  164059ms] [WARNING] The powerPreference option is currently ignored when calling requestAdapter() on Windows. See https://crbug.com/369219127 @ :0
[  168287ms] [WARNING] The powerPreference option is currently ignored when calling requestAdapter() on Windows. See https://crbug.com/369219127 @ :0
[  185632ms] [ERROR] Permissions policy violation: compute-pressure is not allowed in this document. @ https://www.youtube.com/s/player/4fd832e7/player_embed_es6.vflset/en_GB/base.js:5401
[  192695ms] [WARNING] The powerPreference option is currently ignored when calling requestAdapter() on Windows. See https://crbug.com/369219127 @ :0
[  192904ms] [WARNING] The powerPreference option is currently ignored when calling requestAdapter() on Windows. See https://crbug.com/369219127 @ :0
[  194930ms] [WARNING] The powerPreference option is currently ignored when calling requestAdapter() on Windows. See https://crbug.com/369219127 @ :0
[  194950ms] [WARNING] The powerPreference option is currently ignored when calling requestAdapter() on Windows. See https://crbug.com/369219127 @ :0
[  194970ms] [WARNING] The powerPreference option is currently ignored when calling requestAdapter() on Windows. See https://crbug.com/369219127 @ :0
[  199608ms] [ERROR] Permissions policy violation: compute-pressure is not allowed in this document. @ https://www.youtube.com/s/player/4fd832e7/player_embed_es6.vflset/en_GB/base.js:5401
[  203021ms] [ERROR] Permissions policy violation: compute-pressure is not allowed in this document. @ https://www.youtube.com/s/player/4fd832e7/player_embed_es6.vflset/en_GB/base.js:5401
[  203037ms] [ERROR] Permissions policy violation: compute-pressure is not allowed in this document. @ https://www.youtube.com/s/player/4fd832e7/player_embed_es6.vflset/en_GB/base.js:5401
[  208545ms] [WARNING] The powerPreference option is currently ignored when calling requestAdapter() on Windows. See https://crbug.com/369219127 @ :0
[  210008ms] [WARNING] The powerPreference option is currently ignored when calling requestAdapter() on Windows. See https://crbug.com/369219127 @ :0
[  210484ms] [WARNING] The powerPreference option is currently ignored when calling requestAdapter() on Windows. See https://crbug.com/369219127 @ :0
[  210578ms] [WARNING] The powerPreference option is currently ignored when calling requestAdapter() on Windows. See https://crbug.com/369219127 @ :0
[  210602ms] [WARNING] The powerPreference option is currently ignored when calling requestAdapter() on Windows. See https://crbug.com/369219127 @ :0
[  210625ms] [WARNING] The powerPreference option is currently ignored when calling requestAdapter() on Windows. See https://crbug.com/369219127 @ :0
[  210703ms] [WARNING] The powerPreference option is currently ignored when calling requestAdapter() on Windows. See https://crbug.com/369219127 @ :0
[  236263ms] [WARNING] The powerPreference option is currently ignored when calling requestAdapter() on Windows. See https://crbug.com/369219127 @ :0
[  236508ms] [WARNING] The powerPreference option is currently ignored when calling requestAdapter() on Windows. See https://crbug.com/369219127 @ :0
[  236550ms] [WARNING] The powerPreference option is currently ignored when calling requestAdapter() on Windows. See https://crbug.com/369219127 @ :0
[  236566ms] [WARNING] The powerPreference option is currently ignored when calling requestAdapter() on Windows. See https://crbug.com/369219127 @ :0
[  236711ms] [WARNING] The powerPreference option is currently ignored when calling requestAdapter() on Windows. See https://crbug.com/369219127 @ :0
[   26431ms] [WARNING] The powerPreference option is currently ignored when calling requestAdapter() on Windows. See https://crbug.com/369219127 @ :0
[   27383ms] [WARNING] The powerPreference option is currently ignored when calling requestAdapter() on Windows. See https://crbug.com/369219127 @ :0
[   27582ms] [WARNING] The powerPreference option is currently ignored when calling requestAdapter() on Windows. See https://crbug.com/369219127 @ :0
[   27613ms] [WARNING] The powerPreference option is currently ignored when calling requestAdapter() on Windows. See https://crbug.com/369219127 @ :0
[   27630ms] [WARNING] The powerPreference option is currently ignored when calling requestAdapter() on Windows. See https://crbug.com/369219127 @ :0
[   27644ms] [WARNING] The powerPreference option is currently ignored when calling requestAdapter() on Windows. See https://crbug.com/369219127 @ :0
[   27660ms] [WARNING] The powerPreference option is currently ignored when calling requestAdapter() on Windows. See https://crbug.com/369219127 @ :0
[   27675ms] [WARNING] The powerPreference option is currently ignored when calling requestAdapter() on Windows. See https://crbug.com/369219127 @ :0
[   27708ms] [WARNING] The powerPreference option is currently ignored when calling requestAdapter() on Windows. See https://crbug.com/369219127 @ :0
[   27724ms] [WARNING] The powerPreference option is currently ignored when calling requestAdapter() on Windows. See https://crbug.com/369219127 @ :0
[   27767ms] [WARNING] The powerPreference option is currently ignored when calling requestAdapter() on Windows. See https://crbug.com/369219127 @ :0
[   27781ms] [WARNING] The powerPreference option is currently ignored when calling requestAdapter() on Windows. See https://crbug.com/369219127 @ :0
[   27801ms] [WARNING] The powerPreference option is currently ignored when calling requestAdapter() on Windows. See https://crbug.com/369219127 @ :0
[   27835ms] [WARNING] The powerPreference option is currently ignored when calling requestAdapter() on Windows. See https://crbug.com/369219127 @ :0
[   45570ms] [WARNING] The powerPreference option is currently ignored when calling requestAdapter() on Windows. See https://crbug.com/369219127 @ :0
[   67128ms] [WARNING] The powerPreference option is currently ignored when calling requestAdapter() on Windows. See https://crbug.com/369219127 @ :0
[   89283ms] [WARNING] The powerPreference option is currently ignored when calling requestAdapter() on Windows. See https://crbug.com/369219127 @ :0
[   91878ms] [WARNING] The powerPreference option is currently ignored when calling requestAdapter() on Windows. See https://crbug.com/369219127 @ :0
[   92870ms] [WARNING] The powerPreference option is currently ignored when calling requestAdapter() on Windows. See https://crbug.com/369219127 @ :0
[   92942ms] [WARNING] The powerPreference option is currently ignored when calling requestAdapter() on Windows. See https://crbug.com/369219127 @ :0
[   92973ms] [WARNING] The powerPreference option is currently ignored when calling requestAdapter() on Windows. See https://crbug.com/369219127 @ :0
[   93024ms] [WARNING] The powerPreference option is currently ignored when calling requestAdapter() on Windows. See https://crbug.com/369219127 @ :0
[   93044ms] [WARNING] The powerPreference option is currently ignored when calling requestAdapter() on Windows. See https://crbug.com/369219127 @ :0
[  113878ms] [WARNING] The powerPreference option is currently ignored when calling requestAdapter() on Windows. See https://crbug.com/369219127 @ :0
[  114104ms] [WARNING] The powerPreference option is currently ignored when calling requestAdapter() on Windows. See https://crbug.com/369219127 @ :0
[  114183ms] [WARNING] The powerPreference option is currently ignored when calling requestAdapter() on Windows. See https://crbug.com/369219127 @ :0
[  114203ms] [WARNING] The powerPreference option is currently ignored when calling requestAdapter() on Windows. See https://crbug.com/369219127 @ :0
[  114223ms] [WARNING] The powerPreference option is currently ignored when calling requestAdapter() on Windows. See https://crbug.com/369219127 @ :0
[  164059ms] [WARNING] The powerPreference option is currently ignored when calling requestAdapter() on Windows. See https://crbug.com/369219127 @ :0
[  168287ms] [WARNING] The powerPreference option is currently ignored when calling requestAdapter() on Windows. See https://crbug.com/369219127 @ :0
[  185632ms] [ERROR] Permissions policy violation: compute-pressure is not allowed in this document. @ https://www.youtube.com/s/player/4fd832e7/player_embed_es6.vflset/en_GB/base.js:5401
[  192695ms] [WARNING] The powerPreference option is currently ignored when calling requestAdapter() on Windows. See https://crbug.com/369219127 @ :0
[  192904ms] [WARNING] The powerPreference option is currently ignored when calling requestAdapter() on Windows. See https://crbug.com/369219127 @ :0
[  194930ms] [WARNING] The powerPreference option is currently ignored when calling requestAdapter() on Windows. See https://crbug.com/369219127 @ :0
[  194950ms] [WARNING] The powerPreference option is currently ignored when calling requestAdapter() on Windows. See https://crbug.com/369219127 @ :0
[  194970ms] [WARNING] The powerPreference option is currently ignored when calling requestAdapter() on Windows. See https://crbug.com/369219127 @ :0
[  199608ms] [ERROR] Permissions policy violation: compute-pressure is not allowed in this document. @ https://www.youtube.com/s/player/4fd832e7/player_embed_es6.vflset/en_GB/base.js:5401
[  203021ms] [ERROR] Permissions policy violation: compute-pressure is not allowed in this document. @ https://www.youtube.com/s/player/4fd832e7/player_embed_es6.vflset/en_GB/base.js:5401
[  203037ms] [ERROR] Permissions policy violation: compute-pressure is not allowed in this document. @ https://www.youtube.com/s/player/4fd832e7/player_embed_es6.vflset/en_GB/base.js:5401
[  208545ms] [WARNING] The powerPreference option is currently ignored when calling requestAdapter() on Windows. See https://crbug.com/369219127 @ :0
[  210008ms] [WARNING] The powerPreference option is currently ignored when calling requestAdapter() on Windows. See https://crbug.com/369219127 @ :0
[  210484ms] [WARNING] The powerPreference option is currently ignored when calling requestAdapter() on Windows. See https://crbug.com/369219127 @ :0
[  210578ms] [WARNING] The powerPreference option is currently ignored when calling requestAdapter() on Windows. See https://crbug.com/369219127 @ :0
[  210602ms] [WARNING] The powerPreference option is currently ignored when calling requestAdapter() on Windows. See https://crbug.com/369219127 @ :0
[  210625ms] [WARNING] The powerPreference option is currently ignored when calling requestAdapter() on Windows. See https://crbug.com/369219127 @ :0
[  210703ms] [WARNING] The powerPreference option is currently ignored when calling requestAdapter() on Windows. See https://crbug.com/369219127 @ :0
[  236263ms] [WARNING] The powerPreference option is currently ignored when calling requestAdapter() on Windows. See https://crbug.com/369219127 @ :0
[  236508ms] [WARNING] The powerPreference option is currently ignored when calling requestAdapter() on Windows. See https://crbug.com/369219127 @ :0
[  236550ms] [WARNING] The powerPreference option is currently ignored when calling requestAdapter() on Windows. See https://crbug.com/369219127 @ :0
[  236566ms] [WARNING] The powerPreference option is currently ignored when calling requestAdapter() on Windows. See https://crbug.com/369219127 @ :0
[  236711ms] [WARNING] The powerPreference option is currently ignored when calling requestAdapter() on Windows. See https://crbug.com/369219127 @ :0
[  338057ms] [LOG] Auto-logout triggered due to inactivity @ https://bakkappan.github.io/Testers-Talk-Practice-Site/Banking-Project-Demo.html:1777
[  343997ms] [LOG] DOMContentLoaded: loggedIn = null @ https://bakkappan.github.io/Testers-Talk-Practice-Site/index.html:2111
[  344024ms] [VERBOSE] [DOM] Password field is not contained in a form: (More info: https://goo.gl/9p2vKq) %o @ https://bakkappan.github.io/Testers-Talk-Practice-Site/index.html:0
[   26431ms] [WARNING] The powerPreference option is currently ignored when calling requestAdapter() on Windows. See https://crbug.com/369219127 @ :0
[   27383ms] [WARNING] The powerPreference option is currently ignored when calling requestAdapter() on Windows. See https://crbug.com/369219127 @ :0
[   27582ms] [WARNING] The powerPreference option is currently ignored when calling requestAdapter() on Windows. See https://crbug.com/369219127 @ :0
[   27613ms] [WARNING] The powerPreference option is currently ignored when calling requestAdapter() on Windows. See https://crbug.com/369219127 @ :0
[   27630ms] [WARNING] The powerPreference option is currently ignored when calling requestAdapter() on Windows. See https://crbug.com/369219127 @ :0
[   27644ms] [WARNING] The powerPreference option is currently ignored when calling requestAdapter() on Windows. See https://crbug.com/369219127 @ :0
[   27660ms] [WARNING] The powerPreference option is currently ignored when calling requestAdapter() on Windows. See https://crbug.com/369219127 @ :0
[   27675ms] [WARNING] The powerPreference option is currently ignored when calling requestAdapter() on Windows. See https://crbug.com/369219127 @ :0
[   27708ms] [WARNING] The powerPreference option is currently ignored when calling requestAdapter() on Windows. See https://crbug.com/369219127 @ :0
[   27724ms] [WARNING] The powerPreference option is currently ignored when calling requestAdapter() on Windows. See https://crbug.com/369219127 @ :0
[   27767ms] [WARNING] The powerPreference option is currently ignored when calling requestAdapter() on Windows. See https://crbug.com/369219127 @ :0
[   27781ms] [WARNING] The powerPreference option is currently ignored when calling requestAdapter() on Windows. See https://crbug.com/369219127 @ :0
[   27801ms] [WARNING] The powerPreference option is currently ignored when calling requestAdapter() on Windows. See https://crbug.com/369219127 @ :0
[   27835ms] [WARNING] The powerPreference option is currently ignored when calling requestAdapter() on Windows. See https://crbug.com/369219127 @ :0
[   45570ms] [WARNING] The powerPreference option is currently ignored when calling requestAdapter() on Windows. See https://crbug.com/369219127 @ :0
[   67128ms] [WARNING] The powerPreference option is currently ignored when calling requestAdapter() on Windows. See https://crbug.com/369219127 @ :0
[   89283ms] [WARNING] The powerPreference option is currently ignored when calling requestAdapter() on Windows. See https://crbug.com/369219127 @ :0
[   91878ms] [WARNING] The powerPreference option is currently ignored when calling requestAdapter() on Windows. See https://crbug.com/369219127 @ :0
[   92870ms] [WARNING] The powerPreference option is currently ignored when calling requestAdapter() on Windows. See https://crbug.com/369219127 @ :0
[   92942ms] [WARNING] The powerPreference option is currently ignored when calling requestAdapter() on Windows. See https://crbug.com/369219127 @ :0
[   92973ms] [WARNING] The powerPreference option is currently ignored when calling requestAdapter() on Windows. See https://crbug.com/369219127 @ :0
[   93024ms] [WARNING] The powerPreference option is currently ignored when calling requestAdapter() on Windows. See https://crbug.com/369219127 @ :0
[   93044ms] [WARNING] The powerPreference option is currently ignored when calling requestAdapter() on Windows. See https://crbug.com/369219127 @ :0
[  113878ms] [WARNING] The powerPreference option is currently ignored when calling requestAdapter() on Windows. See https://crbug.com/369219127 @ :0
[  114104ms] [WARNING] The powerPreference option is currently ignored when calling requestAdapter() on Windows. See https://crbug.com/369219127 @ :0
[  114183ms] [WARNING] The powerPreference option is currently ignored when calling requestAdapter() on Windows. See https://crbug.com/369219127 @ :0
[  114203ms] [WARNING] The powerPreference option is currently ignored when calling requestAdapter() on Windows. See https://crbug.com/369219127 @ :0
[  114223ms] [WARNING] The powerPreference option is currently ignored when calling requestAdapter() on Windows. See https://crbug.com/369219127 @ :0
[  164059ms] [WARNING] The powerPreference option is currently ignored when calling requestAdapter() on Windows. See https://crbug.com/369219127 @ :0
[  168287ms] [WARNING] The powerPreference option is currently ignored when calling requestAdapter() on Windows. See https://crbug.com/369219127 @ :0
[  185632ms] [ERROR] Permissions policy violation: compute-pressure is not allowed in this document. @ https://www.youtube.com/s/player/4fd832e7/player_embed_es6.vflset/en_GB/base.js:5401
[  192695ms] [WARNING] The powerPreference option is currently ignored when calling requestAdapter() on Windows. See https://crbug.com/369219127 @ :0
[  192904ms] [WARNING] The powerPreference option is currently ignored when calling requestAdapter() on Windows. See https://crbug.com/369219127 @ :0
[  194930ms] [WARNING] The powerPreference option is currently ignored when calling requestAdapter() on Windows. See https://crbug.com/369219127 @ :0
[  194950ms] [WARNING] The powerPreference option is currently ignored when calling requestAdapter() on Windows. See https://crbug.com/369219127 @ :0
[  194970ms] [WARNING] The powerPreference option is currently ignored when calling requestAdapter() on Windows. See https://crbug.com/369219127 @ :0
[  199608ms] [ERROR] Permissions policy violation: compute-pressure is not allowed in this document. @ https://www.youtube.com/s/player/4fd832e7/player_embed_es6.vflset/en_GB/base.js:5401
[  203021ms] [ERROR] Permissions policy violation: compute-pressure is not allowed in this document. @ https://www.youtube.com/s/player/4fd832e7/player_embed_es6.vflset/en_GB/base.js:5401
[  203037ms] [ERROR] Permissions policy violation: compute-pressure is not allowed in this document. @ https://www.youtube.com/s/player/4fd832e7/player_embed_es6.vflset/en_GB/base.js:5401
[  208545ms] [WARNING] The powerPreference option is currently ignored when calling requestAdapter() on Windows. See https://crbug.com/369219127 @ :0
[  210008ms] [WARNING] The powerPreference option is currently ignored when calling requestAdapter() on Windows. See https://crbug.com/369219127 @ :0
[  210484ms] [WARNING] The powerPreference option is currently ignored when calling requestAdapter() on Windows. See https://crbug.com/369219127 @ :0
[  210578ms] [WARNING] The powerPreference option is currently ignored when calling requestAdapter() on Windows. See https://crbug.com/369219127 @ :0
[  210602ms] [WARNING] The powerPreference option is currently ignored when calling requestAdapter() on Windows. See https://crbug.com/369219127 @ :0
[  210625ms] [WARNING] The powerPreference option is currently ignored when calling requestAdapter() on Windows. See https://crbug.com/369219127 @ :0
[  210703ms] [WARNING] The powerPreference option is currently ignored when calling requestAdapter() on Windows. See https://crbug.com/369219127 @ :0
[  236263ms] [WARNING] The powerPreference option is currently ignored when calling requestAdapter() on Windows. See https://crbug.com/369219127 @ :0
[  236508ms] [WARNING] The powerPreference option is currently ignored when calling requestAdapter() on Windows. See https://crbug.com/369219127 @ :0
[  236550ms] [WARNING] The powerPreference option is currently ignored when calling requestAdapter() on Windows. See https://crbug.com/369219127 @ :0
[  236566ms] [WARNING] The powerPreference option is currently ignored when calling requestAdapter() on Windows. See https://crbug.com/369219127 @ :0
[  236711ms] [WARNING] The powerPreference option is currently ignored when calling requestAdapter() on Windows. See https://crbug.com/369219127 @ :0
[   26431ms] [WARNING] The powerPreference option is currently ignored when calling requestAdapter() on Windows. See https://crbug.com/369219127 @ :0
[   27383ms] [WARNING] The powerPreference option is currently ignored when calling requestAdapter() on Windows. See https://crbug.com/369219127 @ :0
[   27582ms] [WARNING] The powerPreference option is currently ignored when calling requestAdapter() on Windows. See https://crbug.com/369219127 @ :0
[   27613ms] [WARNING] The powerPreference option is currently ignored when calling requestAdapter() on Windows. See https://crbug.com/369219127 @ :0
[   27630ms] [WARNING] The powerPreference option is currently ignored when calling requestAdapter() on Windows. See https://crbug.com/369219127 @ :0
[   27644ms] [WARNING] The powerPreference option is currently ignored when calling requestAdapter() on Windows. See https://crbug.com/369219127 @ :0
[   27660ms] [WARNING] The powerPreference option is currently ignored when calling requestAdapter() on Windows. See https://crbug.com/369219127 @ :0
[   27675ms] [WARNING] The powerPreference option is currently ignored when calling requestAdapter() on Windows. See https://crbug.com/369219127 @ :0
[   27708ms] [WARNING] The powerPreference option is currently ignored when calling requestAdapter() on Windows. See https://crbug.com/369219127 @ :0
[   27724ms] [WARNING] The powerPreference option is currently ignored when calling requestAdapter() on Windows. See https://crbug.com/369219127 @ :0
[   27767ms] [WARNING] The powerPreference option is currently ignored when calling requestAdapter() on Windows. See https://crbug.com/369219127 @ :0
[   27781ms] [WARNING] The powerPreference option is currently ignored when calling requestAdapter() on Windows. See https://crbug.com/369219127 @ :0
[   27801ms] [WARNING] The powerPreference option is currently ignored when calling requestAdapter() on Windows. See https://crbug.com/369219127 @ :0
[   27835ms] [WARNING] The powerPreference option is currently ignored when calling requestAdapter() on Windows. See https://crbug.com/369219127 @ :0
[   45570ms] [WARNING] The powerPreference option is currently ignored when calling requestAdapter() on Windows. See https://crbug.com/369219127 @ :0
[   67128ms] [WARNING] The powerPreference option is currently ignored when calling requestAdapter() on Windows. See https://crbug.com/369219127 @ :0
[   89283ms] [WARNING] The powerPreference option is currently ignored when calling requestAdapter() on Windows. See https://crbug.com/369219127 @ :0
[   91878ms] [WARNING] The powerPreference option is currently ignored when calling requestAdapter() on Windows. See https://crbug.com/369219127 @ :0
[   92870ms] [WARNING] The powerPreference option is currently ignored when calling requestAdapter() on Windows. See https://crbug.com/369219127 @ :0
[   92942ms] [WARNING] The powerPreference option is currently ignored when calling requestAdapter() on Windows. See https://crbug.com/369219127 @ :0
[   92973ms] [WARNING] The powerPreference option is currently ignored when calling requestAdapter() on Windows. See https://crbug.com/369219127 @ :0
[   93024ms] [WARNING] The powerPreference option is currently ignored when calling requestAdapter() on Windows. See https://crbug.com/369219127 @ :0
[   93044ms] [WARNING] The powerPreference option is currently ignored when calling requestAdapter() on Windows. See https://crbug.com/369219127 @ :0
[  113878ms] [WARNING] The powerPreference option is currently ignored when calling requestAdapter() on Windows. See https://crbug.com/369219127 @ :0
[  114104ms] [WARNING] The powerPreference option is currently ignored when calling requestAdapter() on Windows. See https://crbug.com/369219127 @ :0
[  114183ms] [WARNING] The powerPreference option is currently ignored when calling requestAdapter() on Windows. See https://crbug.com/369219127 @ :0
[  114203ms] [WARNING] The powerPreference option is currently ignored when calling requestAdapter() on Windows. See https://crbug.com/369219127 @ :0
[  114223ms] [WARNING] The powerPreference option is currently ignored when calling requestAdapter() on Windows. See https://crbug.com/369219127 @ :0
[  164059ms] [WARNING] The powerPreference option is currently ignored when calling requestAdapter() on Windows. See https://crbug.com/369219127 @ :0
[  168287ms] [WARNING] The powerPreference option is currently ignored when calling requestAdapter() on Windows. See https://crbug.com/369219127 @ :0
[  185632ms] [ERROR] Permissions policy violation: compute-pressure is not allowed in this document. @ https://www.youtube.com/s/player/4fd832e7/player_embed_es6.vflset/en_GB/base.js:5401
[  192695ms] [WARNING] The powerPreference option is currently ignored when calling requestAdapter() on Windows. See https://crbug.com/369219127 @ :0
[  192904ms] [WARNING] The powerPreference option is currently ignored when calling requestAdapter() on Windows. See https://crbug.com/369219127 @ :0
[  194930ms] [WARNING] The powerPreference option is currently ignored when calling requestAdapter() on Windows. See https://crbug.com/369219127 @ :0
[  194950ms] [WARNING] The powerPreference option is currently ignored when calling requestAdapter() on Windows. See https://crbug.com/369219127 @ :0
[  194970ms] [WARNING] The powerPreference option is currently ignored when calling requestAdapter() on Windows. See https://crbug.com/369219127 @ :0
[  199608ms] [ERROR] Permissions policy violation: compute-pressure is not allowed in this document. @ https://www.youtube.com/s/player/4fd832e7/player_embed_es6.vflset/en_GB/base.js:5401
[  203021ms] [ERROR] Permissions policy violation: compute-pressure is not allowed in this document. @ https://www.youtube.com/s/player/4fd832e7/player_embed_es6.vflset/en_GB/base.js:5401
[  203037ms] [ERROR] Permissions policy violation: compute-pressure is not allowed in this document. @ https://www.youtube.com/s/player/4fd832e7/player_embed_es6.vflset/en_GB/base.js:5401
[  208545ms] [WARNING] The powerPreference option is currently ignored when calling requestAdapter() on Windows. See https://crbug.com/369219127 @ :0
[  210008ms] [WARNING] The powerPreference option is currently ignored when calling requestAdapter() on Windows. See https://crbug.com/369219127 @ :0
[  210484ms] [WARNING] The powerPreference option is currently ignored when calling requestAdapter() on Windows. See https://crbug.com/369219127 @ :0
[  210578ms] [WARNING] The powerPreference option is currently ignored when calling requestAdapter() on Windows. See https://crbug.com/369219127 @ :0
[  210602ms] [WARNING] The powerPreference option is currently ignored when calling requestAdapter() on Windows. See https://crbug.com/369219127 @ :0
[  210625ms] [WARNING] The powerPreference option is currently ignored when calling requestAdapter() on Windows. See https://crbug.com/369219127 @ :0
[  210703ms] [WARNING] The powerPreference option is currently ignored when calling requestAdapter() on Windows. See https://crbug.com/369219127 @ :0
[  236263ms] [WARNING] The powerPreference option is currently ignored when calling requestAdapter() on Windows. See https://crbug.com/369219127 @ :0
[  236508ms] [WARNING] The powerPreference option is currently ignored when calling requestAdapter() on Windows. See https://crbug.com/369219127 @ :0
[  236550ms] [WARNING] The powerPreference option is currently ignored when calling requestAdapter() on Windows. See https://crbug.com/369219127 @ :0
[  236566ms] [WARNING] The powerPreference option is currently ignored when calling requestAdapter() on Windows. See https://crbug.com/369219127 @ :0
[  236711ms] [WARNING] The powerPreference option is currently ignored when calling requestAdapter() on Windows. See https://crbug.com/369219127 @ :0
[   26431ms] [WARNING] The powerPreference option is currently ignored when calling requestAdapter() on Windows. See https://crbug.com/369219127 @ :0
[   27383ms] [WARNING] The powerPreference option is currently ignored when calling requestAdapter() on Windows. See https://crbug.com/369219127 @ :0
[   27582ms] [WARNING] The powerPreference option is currently ignored when calling requestAdapter() on Windows. See https://crbug.com/369219127 @ :0
[   27613ms] [WARNING] The powerPreference option is currently ignored when calling requestAdapter() on Windows. See https://crbug.com/369219127 @ :0
[   27630ms] [WARNING] The powerPreference option is currently ignored when calling requestAdapter() on Windows. See https://crbug.com/369219127 @ :0
[   27644ms] [WARNING] The powerPreference option is currently ignored when calling requestAdapter() on Windows. See https://crbug.com/369219127 @ :0
[   27660ms] [WARNING] The powerPreference option is currently ignored when calling requestAdapter() on Windows. See https://crbug.com/369219127 @ :0
[   27675ms] [WARNING] The powerPreference option is currently ignored when calling requestAdapter() on Windows. See https://crbug.com/369219127 @ :0
[   27708ms] [WARNING] The powerPreference option is currently ignored when calling requestAdapter() on Windows. See https://crbug.com/369219127 @ :0
[   27724ms] [WARNING] The powerPreference option is currently ignored when calling requestAdapter() on Windows. See https://crbug.com/369219127 @ :0
[   27767ms] [WARNING] The powerPreference option is currently ignored when calling requestAdapter() on Windows. See https://crbug.com/369219127 @ :0
[   27781ms] [WARNING] The powerPreference option is currently ignored when calling requestAdapter() on Windows. See https://crbug.com/369219127 @ :0
[   27801ms] [WARNING] The powerPreference option is currently ignored when calling requestAdapter() on Windows. See https://crbug.com/369219127 @ :0
[   27835ms] [WARNING] The powerPreference option is currently ignored when calling requestAdapter() on Windows. See https://crbug.com/369219127 @ :0
[   45570ms] [WARNING] The powerPreference option is currently ignored when calling requestAdapter() on Windows. See https://crbug.com/369219127 @ :0
[   67128ms] [WARNING] The powerPreference option is currently ignored when calling requestAdapter() on Windows. See https://crbug.com/369219127 @ :0
[   89283ms] [WARNING] The powerPreference option is currently ignored when calling requestAdapter() on Windows. See https://crbug.com/369219127 @ :0
[   91878ms] [WARNING] The powerPreference option is currently ignored when calling requestAdapter() on Windows. See https://crbug.com/369219127 @ :0
[   92870ms] [WARNING] The powerPreference option is currently ignored when calling requestAdapter() on Windows. See https://crbug.com/369219127 @ :0
[   92942ms] [WARNING] The powerPreference option is currently ignored when calling requestAdapter() on Windows. See https://crbug.com/369219127 @ :0
[   92973ms] [WARNING] The powerPreference option is currently ignored when calling requestAdapter() on Windows. See https://crbug.com/369219127 @ :0
[   93024ms] [WARNING] The powerPreference option is currently ignored when calling requestAdapter() on Windows. See https://crbug.com/369219127 @ :0
[   93044ms] [WARNING] The powerPreference option is currently ignored when calling requestAdapter() on Windows. See https://crbug.com/369219127 @ :0
[  113878ms] [WARNING] The powerPreference option is currently ignored when calling requestAdapter() on Windows. See https://crbug.com/369219127 @ :0
[  114104ms] [WARNING] The powerPreference option is currently ignored when calling requestAdapter() on Windows. See https://crbug.com/369219127 @ :0
[  114183ms] [WARNING] The powerPreference option is currently ignored when calling requestAdapter() on Windows. See https://crbug.com/369219127 @ :0
[  114203ms] [WARNING] The powerPreference option is currently ignored when calling requestAdapter() on Windows. See https://crbug.com/369219127 @ :0
[  114223ms] [WARNING] The powerPreference option is currently ignored when calling requestAdapter() on Windows. See https://crbug.com/369219127 @ :0
[  164059ms] [WARNING] The powerPreference option is currently ignored when calling requestAdapter() on Windows. See https://crbug.com/369219127 @ :0
[  168287ms] [WARNING] The powerPreference option is currently ignored when calling requestAdapter() on Windows. See https://crbug.com/369219127 @ :0
[  185632ms] [ERROR] Permissions policy violation: compute-pressure is not allowed in this document. @ https://www.youtube.com/s/player/4fd832e7/player_embed_es6.vflset/en_GB/base.js:5401
[  192695ms] [WARNING] The powerPreference option is currently ignored when calling requestAdapter() on Windows. See https://crbug.com/369219127 @ :0
[  192904ms] [WARNING] The powerPreference option is currently ignored when calling requestAdapter() on Windows. See https://crbug.com/369219127 @ :0
[  194930ms] [WARNING] The powerPreference option is currently ignored when calling requestAdapter() on Windows. See https://crbug.com/369219127 @ :0
[  194950ms] [WARNING] The powerPreference option is currently ignored when calling requestAdapter() on Windows. See https://crbug.com/369219127 @ :0
[  194970ms] [WARNING] The powerPreference option is currently ignored when calling requestAdapter() on Windows. See https://crbug.com/369219127 @ :0
[  199608ms] [ERROR] Permissions policy violation: compute-pressure is not allowed in this document. @ https://www.youtube.com/s/player/4fd832e7/player_embed_es6.vflset/en_GB/base.js:5401
[  203021ms] [ERROR] Permissions policy violation: compute-pressure is not allowed in this document. @ https://www.youtube.com/s/player/4fd832e7/player_embed_es6.vflset/en_GB/base.js:5401
[  203037ms] [ERROR] Permissions policy violation: compute-pressure is not allowed in this document. @ https://www.youtube.com/s/player/4fd832e7/player_embed_es6.vflset/en_GB/base.js:5401
[  208545ms] [WARNING] The powerPreference option is currently ignored when calling requestAdapter() on Windows. See https://crbug.com/369219127 @ :0
[  210008ms] [WARNING] The powerPreference option is currently ignored when calling requestAdapter() on Windows. See https://crbug.com/369219127 @ :0
[  210484ms] [WARNING] The powerPreference option is currently ignored when calling requestAdapter() on Windows. See https://crbug.com/369219127 @ :0
[  210578ms] [WARNING] The powerPreference option is currently ignored when calling requestAdapter() on Windows. See https://crbug.com/369219127 @ :0
[  210602ms] [WARNING] The powerPreference option is currently ignored when calling requestAdapter() on Windows. See https://crbug.com/369219127 @ :0
[  210625ms] [WARNING] The powerPreference option is currently ignored when calling requestAdapter() on Windows. See https://crbug.com/369219127 @ :0
[  210703ms] [WARNING] The powerPreference option is currently ignored when calling requestAdapter() on Windows. See https://crbug.com/369219127 @ :0
[  236263ms] [WARNING] The powerPreference option is currently ignored when calling requestAdapter() on Windows. See https://crbug.com/369219127 @ :0
[  236508ms] [WARNING] The powerPreference option is currently ignored when calling requestAdapter() on Windows. See https://crbug.com/369219127 @ :0
[  236550ms] [WARNING] The powerPreference option is currently ignored when calling requestAdapter() on Windows. See https://crbug.com/369219127 @ :0
[  236566ms] [WARNING] The powerPreference option is currently ignored when calling requestAdapter() on Windows. See https://crbug.com/369219127 @ :0
[  236711ms] [WARNING] The powerPreference option is currently ignored when calling requestAdapter() on Windows. See https://crbug.com/369219127 @ :0
[   26431ms] [WARNING] The powerPreference option is currently ignored when calling requestAdapter() on Windows. See https://crbug.com/369219127 @ :0
[   27383ms] [WARNING] The powerPreference option is currently ignored when calling requestAdapter() on Windows. See https://crbug.com/369219127 @ :0
[   27582ms] [WARNING] The powerPreference option is currently ignored when calling requestAdapter() on Windows. See https://crbug.com/369219127 @ :0
[   27613ms] [WARNING] The powerPreference option is currently ignored when calling requestAdapter() on Windows. See https://crbug.com/369219127 @ :0
[   27630ms] [WARNING] The powerPreference option is currently ignored when calling requestAdapter() on Windows. See https://crbug.com/369219127 @ :0
[   27644ms] [WARNING] The powerPreference option is currently ignored when calling requestAdapter() on Windows. See https://crbug.com/369219127 @ :0
[   27660ms] [WARNING] The powerPreference option is currently ignored when calling requestAdapter() on Windows. See https://crbug.com/369219127 @ :0
[   27675ms] [WARNING] The powerPreference option is currently ignored when calling requestAdapter() on Windows. See https://crbug.com/369219127 @ :0
[   27708ms] [WARNING] The powerPreference option is currently ignored when calling requestAdapter() on Windows. See https://crbug.com/369219127 @ :0
[   27724ms] [WARNING] The powerPreference option is currently ignored when calling requestAdapter() on Windows. See https://crbug.com/369219127 @ :0
[   27767ms] [WARNING] The powerPreference option is currently ignored when calling requestAdapter() on Windows. See https://crbug.com/369219127 @ :0
[   27781ms] [WARNING] The powerPreference option is currently ignored when calling requestAdapter() on Windows. See https://crbug.com/369219127 @ :0
[   27801ms] [WARNING] The powerPreference option is currently ignored when calling requestAdapter() on Windows. See https://crbug.com/369219127 @ :0
[   27835ms] [WARNING] The powerPreference option is currently ignored when calling requestAdapter() on Windows. See https://crbug.com/369219127 @ :0
[   45570ms] [WARNING] The powerPreference option is currently ignored when calling requestAdapter() on Windows. See https://crbug.com/369219127 @ :0
[   67128ms] [WARNING] The powerPreference option is currently ignored when calling requestAdapter() on Windows. See https://crbug.com/369219127 @ :0
[   89283ms] [WARNING] The powerPreference option is currently ignored when calling requestAdapter() on Windows. See https://crbug.com/369219127 @ :0
[   91878ms] [WARNING] The powerPreference option is currently ignored when calling requestAdapter() on Windows. See https://crbug.com/369219127 @ :0
[   92870ms] [WARNING] The powerPreference option is currently ignored when calling requestAdapter() on Windows. See https://crbug.com/369219127 @ :0
[   92942ms] [WARNING] The powerPreference option is currently ignored when calling requestAdapter() on Windows. See https://crbug.com/369219127 @ :0
[   92973ms] [WARNING] The powerPreference option is currently ignored when calling requestAdapter() on Windows. See https://crbug.com/369219127 @ :0
[   93024ms] [WARNING] The powerPreference option is currently ignored when calling requestAdapter() on Windows. See https://crbug.com/369219127 @ :0
[   93044ms] [WARNING] The powerPreference option is currently ignored when calling requestAdapter() on Windows. See https://crbug.com/369219127 @ :0
[  113878ms] [WARNING] The powerPreference option is currently ignored when calling requestAdapter() on Windows. See https://crbug.com/369219127 @ :0
[  114104ms] [WARNING] The powerPreference option is currently ignored when calling requestAdapter() on Windows. See https://crbug.com/369219127 @ :0
[  114183ms] [WARNING] The powerPreference option is currently ignored when calling requestAdapter() on Windows. See https://crbug.com/369219127 @ :0
[  114203ms] [WARNING] The powerPreference option is currently ignored when calling requestAdapter() on Windows. See https://crbug.com/369219127 @ :0
[  114223ms] [WARNING] The powerPreference option is currently ignored when calling requestAdapter() on Windows. See https://crbug.com/369219127 @ :0
[  164059ms] [WARNING] The powerPreference option is currently ignored when calling requestAdapter() on Windows. See https://crbug.com/369219127 @ :0
[  168287ms] [WARNING] The powerPreference option is currently ignored when calling requestAdapter() on Windows. See https://crbug.com/369219127 @ :0
[  185632ms] [ERROR] Permissions policy violation: compute-pressure is not allowed in this document. @ https://www.youtube.com/s/player/4fd832e7/player_embed_es6.vflset/en_GB/base.js:5401
[  192695ms] [WARNING] The powerPreference option is currently ignored when calling requestAdapter() on Windows. See https://crbug.com/369219127 @ :0
[  192904ms] [WARNING] The powerPreference option is currently ignored when calling requestAdapter() on Windows. See https://crbug.com/369219127 @ :0
[  194930ms] [WARNING] The powerPreference option is currently ignored when calling requestAdapter() on Windows. See https://crbug.com/369219127 @ :0
[  194950ms] [WARNING] The powerPreference option is currently ignored when calling requestAdapter() on Windows. See https://crbug.com/369219127 @ :0
[  194970ms] [WARNING] The powerPreference option is currently ignored when calling requestAdapter() on Windows. See https://crbug.com/369219127 @ :0
[  199608ms] [ERROR] Permissions policy violation: compute-pressure is not allowed in this document. @ https://www.youtube.com/s/player/4fd832e7/player_embed_es6.vflset/en_GB/base.js:5401
[  203021ms] [ERROR] Permissions policy violation: compute-pressure is not allowed in this document. @ https://www.youtube.com/s/player/4fd832e7/player_embed_es6.vflset/en_GB/base.js:5401
[  203037ms] [ERROR] Permissions policy violation: compute-pressure is not allowed in this document. @ https://www.youtube.com/s/player/4fd832e7/player_embed_es6.vflset/en_GB/base.js:5401
[  208545ms] [WARNING] The powerPreference option is currently ignored when calling requestAdapter() on Windows. See https://crbug.com/369219127 @ :0
[  210008ms] [WARNING] The powerPreference option is currently ignored when calling requestAdapter() on Windows. See https://crbug.com/369219127 @ :0
[  210484ms] [WARNING] The powerPreference option is currently ignored when calling requestAdapter() on Windows. See https://crbug.com/369219127 @ :0
[  210578ms] [WARNING] The powerPreference option is currently ignored when calling requestAdapter() on Windows. See https://crbug.com/369219127 @ :0
[  210602ms] [WARNING] The powerPreference option is currently ignored when calling requestAdapter() on Windows. See https://crbug.com/369219127 @ :0
[  210625ms] [WARNING] The powerPreference option is currently ignored when calling requestAdapter() on Windows. See https://crbug.com/369219127 @ :0
[  210703ms] [WARNING] The powerPreference option is currently ignored when calling requestAdapter() on Windows. See https://crbug.com/369219127 @ :0
[  236263ms] [WARNING] The powerPreference option is currently ignored when calling requestAdapter() on Windows. See https://crbug.com/369219127 @ :0
[  236508ms] [WARNING] The powerPreference option is currently ignored when calling requestAdapter() on Windows. See https://crbug.com/369219127 @ :0
[  236550ms] [WARNING] The powerPreference option is currently ignored when calling requestAdapter() on Windows. See https://crbug.com/369219127 @ :0
[  236566ms] [WARNING] The powerPreference option is currently ignored when calling requestAdapter() on Windows. See https://crbug.com/369219127 @ :0
[  236711ms] [WARNING] The powerPreference option is currently ignored when calling requestAdapter() on Windows. See https://crbug.com/369219127 @ :0
[   26431ms] [WARNING] The powerPreference option is currently ignored when calling requestAdapter() on Windows. See https://crbug.com/369219127 @ :0
[   27383ms] [WARNING] The powerPreference option is currently ignored when calling requestAdapter() on Windows. See https://crbug.com/369219127 @ :0
[   27582ms] [WARNING] The powerPreference option is currently ignored when calling requestAdapter() on Windows. See https://crbug.com/369219127 @ :0
[   27613ms] [WARNING] The powerPreference option is currently ignored when calling requestAdapter() on Windows. See https://crbug.com/369219127 @ :0
[   27630ms] [WARNING] The powerPreference option is currently ignored when calling requestAdapter() on Windows. See https://crbug.com/369219127 @ :0
[   27644ms] [WARNING] The powerPreference option is currently ignored when calling requestAdapter() on Windows. See https://crbug.com/369219127 @ :0
[   27660ms] [WARNING] The powerPreference option is currently ignored when calling requestAdapter() on Windows. See https://crbug.com/369219127 @ :0
[   27675ms] [WARNING] The powerPreference option is currently ignored when calling requestAdapter() on Windows. See https://crbug.com/369219127 @ :0
[   27708ms] [WARNING] The powerPreference option is currently ignored when calling requestAdapter() on Windows. See https://crbug.com/369219127 @ :0
[   27724ms] [WARNING] The powerPreference option is currently ignored when calling requestAdapter() on Windows. See https://crbug.com/369219127 @ :0
[   27767ms] [WARNING] The powerPreference option is currently ignored when calling requestAdapter() on Windows. See https://crbug.com/369219127 @ :0
[   27781ms] [WARNING] The powerPreference option is currently ignored when calling requestAdapter() on Windows. See https://crbug.com/369219127 @ :0
[   27801ms] [WARNING] The powerPreference option is currently ignored when calling requestAdapter() on Windows. See https://crbug.com/369219127 @ :0
[   27835ms] [WARNING] The powerPreference option is currently ignored when calling requestAdapter() on Windows. See https://crbug.com/369219127 @ :0
[   45570ms] [WARNING] The powerPreference option is currently ignored when calling requestAdapter() on Windows. See https://crbug.com/369219127 @ :0
[   67128ms] [WARNING] The powerPreference option is currently ignored when calling requestAdapter() on Windows. See https://crbug.com/369219127 @ :0
[   89283ms] [WARNING] The powerPreference option is currently ignored when calling requestAdapter() on Windows. See https://crbug.com/369219127 @ :0
[   91878ms] [WARNING] The powerPreference option is currently ignored when calling requestAdapter() on Windows. See https://crbug.com/369219127 @ :0
[   92870ms] [WARNING] The powerPreference option is currently ignored when calling requestAdapter() on Windows. See https://crbug.com/369219127 @ :0
[   92942ms] [WARNING] The powerPreference option is currently ignored when calling requestAdapter() on Windows. See https://crbug.com/369219127 @ :0
[   92973ms] [WARNING] The powerPreference option is currently ignored when calling requestAdapter() on Windows. See https://crbug.com/369219127 @ :0
[   93024ms] [WARNING] The powerPreference option is currently ignored when calling requestAdapter() on Windows. See https://crbug.com/369219127 @ :0
[   93044ms] [WARNING] The powerPreference option is currently ignored when calling requestAdapter() on Windows. See https://crbug.com/369219127 @ :0
[  113878ms] [WARNING] The powerPreference option is currently ignored when calling requestAdapter() on Windows. See https://crbug.com/369219127 @ :0
[  114104ms] [WARNING] The powerPreference option is currently ignored when calling requestAdapter() on Windows. See https://crbug.com/369219127 @ :0
[  114183ms] [WARNING] The powerPreference option is currently ignored when calling requestAdapter() on Windows. See https://crbug.com/369219127 @ :0
[  114203ms] [WARNING] The powerPreference option is currently ignored when calling requestAdapter() on Windows. See https://crbug.com/369219127 @ :0
[  114223ms] [WARNING] The powerPreference option is currently ignored when calling requestAdapter() on Windows. See https://crbug.com/369219127 @ :0
[  164059ms] [WARNING] The powerPreference option is currently ignored when calling requestAdapter() on Windows. See https://crbug.com/369219127 @ :0
[  168287ms] [WARNING] The powerPreference option is currently ignored when calling requestAdapter() on Windows. See https://crbug.com/369219127 @ :0
[  185632ms] [ERROR] Permissions policy violation: compute-pressure is not allowed in this document. @ https://www.youtube.com/s/player/4fd832e7/player_embed_es6.vflset/en_GB/base.js:5401
[  192695ms] [WARNING] The powerPreference option is currently ignored when calling requestAdapter() on Windows. See https://crbug.com/369219127 @ :0
[  192904ms] [WARNING] The powerPreference option is currently ignored when calling requestAdapter() on Windows. See https://crbug.com/369219127 @ :0
[  194930ms] [WARNING] The powerPreference option is currently ignored when calling requestAdapter() on Windows. See https://crbug.com/369219127 @ :0
[  194950ms] [WARNING] The powerPreference option is currently ignored when calling requestAdapter() on Windows. See https://crbug.com/369219127 @ :0
[  194970ms] [WARNING] The powerPreference option is currently ignored when calling requestAdapter() on Windows. See https://crbug.com/369219127 @ :0
[  199608ms] [ERROR] Permissions policy violation: compute-pressure is not allowed in this document. @ https://www.youtube.com/s/player/4fd832e7/player_embed_es6.vflset/en_GB/base.js:5401
[  203021ms] [ERROR] Permissions policy violation: compute-pressure is not allowed in this document. @ https://www.youtube.com/s/player/4fd832e7/player_embed_es6.vflset/en_GB/base.js:5401
[  203037ms] [ERROR] Permissions policy violation: compute-pressure is not allowed in this document. @ https://www.youtube.com/s/player/4fd832e7/player_embed_es6.vflset/en_GB/base.js:5401
[  208545ms] [WARNING] The powerPreference option is currently ignored when calling requestAdapter() on Windows. See https://crbug.com/369219127 @ :0
[  210008ms] [WARNING] The powerPreference option is currently ignored when calling requestAdapter() on Windows. See https://crbug.com/369219127 @ :0
[  210484ms] [WARNING] The powerPreference option is currently ignored when calling requestAdapter() on Windows. See https://crbug.com/369219127 @ :0
[  210578ms] [WARNING] The powerPreference option is currently ignored when calling requestAdapter() on Windows. See https://crbug.com/369219127 @ :0
[  210602ms] [WARNING] The powerPreference option is currently ignored when calling requestAdapter() on Windows. See https://crbug.com/369219127 @ :0
[  210625ms] [WARNING] The powerPreference option is currently ignored when calling requestAdapter() on Windows. See https://crbug.com/369219127 @ :0
[  210703ms] [WARNING] The powerPreference option is currently ignored when calling requestAdapter() on Windows. See https://crbug.com/369219127 @ :0
[  236263ms] [WARNING] The powerPreference option is currently ignored when calling requestAdapter() on Windows. See https://crbug.com/369219127 @ :0
[  236508ms] [WARNING] The powerPreference option is currently ignored when calling requestAdapter() on Windows. See https://crbug.com/369219127 @ :0
[  236550ms] [WARNING] The powerPreference option is currently ignored when calling requestAdapter() on Windows. See https://crbug.com/369219127 @ :0
[  236566ms] [WARNING] The powerPreference option is currently ignored when calling requestAdapter() on Windows. See https://crbug.com/369219127 @ :0
[  236711ms] [WARNING] The powerPreference option is currently ignored when calling requestAdapter() on Windows. See https://crbug.com/369219127 @ :0
[   26431ms] [WARNING] The powerPreference option is currently ignored when calling requestAdapter() on Windows. See https://crbug.com/369219127 @ :0
[   27383ms] [WARNING] The powerPreference option is currently ignored when calling requestAdapter() on Windows. See https://crbug.com/369219127 @ :0
[   27582ms] [WARNING] The powerPreference option is currently ignored when calling requestAdapter() on Windows. See https://crbug.com/369219127 @ :0
[   27613ms] [WARNING] The powerPreference option is currently ignored when calling requestAdapter() on Windows. See https://crbug.com/369219127 @ :0
[   27630ms] [WARNING] The powerPreference option is currently ignored when calling requestAdapter() on Windows. See https://crbug.com/369219127 @ :0
[   27644ms] [WARNING] The powerPreference option is currently ignored when calling requestAdapter() on Windows. See https://crbug.com/369219127 @ :0
[   27660ms] [WARNING] The powerPreference option is currently ignored when calling requestAdapter() on Windows. See https://crbug.com/369219127 @ :0
[   27675ms] [WARNING] The powerPreference option is currently ignored when calling requestAdapter() on Windows. See https://crbug.com/369219127 @ :0
[   27708ms] [WARNING] The powerPreference option is currently ignored when calling requestAdapter() on Windows. See https://crbug.com/369219127 @ :0
[   27724ms] [WARNING] The powerPreference option is currently ignored when calling requestAdapter() on Windows. See https://crbug.com/369219127 @ :0
[   27767ms] [WARNING] The powerPreference option is currently ignored when calling requestAdapter() on Windows. See https://crbug.com/369219127 @ :0
[   27781ms] [WARNING] The powerPreference option is currently ignored when calling requestAdapter() on Windows. See https://crbug.com/369219127 @ :0
[   27801ms] [WARNING] The powerPreference option is currently ignored when calling requestAdapter() on Windows. See https://crbug.com/369219127 @ :0
[   27835ms] [WARNING] The powerPreference option is currently ignored when calling requestAdapter() on Windows. See https://crbug.com/369219127 @ :0
[   45570ms] [WARNING] The powerPreference option is currently ignored when calling requestAdapter() on Windows. See https://crbug.com/369219127 @ :0
[   67128ms] [WARNING] The powerPreference option is currently ignored when calling requestAdapter() on Windows. See https://crbug.com/369219127 @ :0
[   89283ms] [WARNING] The powerPreference option is currently ignored when calling requestAdapter() on Windows. See https://crbug.com/369219127 @ :0
[   91878ms] [WARNING] The powerPreference option is currently ignored when calling requestAdapter() on Windows. See https://crbug.com/369219127 @ :0
[   92870ms] [WARNING] The powerPreference option is currently ignored when calling requestAdapter() on Windows. See https://crbug.com/369219127 @ :0
[   92942ms] [WARNING] The powerPreference option is currently ignored when calling requestAdapter() on Windows. See https://crbug.com/369219127 @ :0
[   92973ms] [WARNING] The powerPreference option is currently ignored when calling requestAdapter() on Windows. See https://crbug.com/369219127 @ :0
[   93024ms] [WARNING] The powerPreference option is currently ignored when calling requestAdapter() on Windows. See https://crbug.com/369219127 @ :0
[   93044ms] [WARNING] The powerPreference option is currently ignored when calling requestAdapter() on Windows. See https://crbug.com/369219127 @ :0
[  113878ms] [WARNING] The powerPreference option is currently ignored when calling requestAdapter() on Windows. See https://crbug.com/369219127 @ :0
[  114104ms] [WARNING] The powerPreference option is currently ignored when calling requestAdapter() on Windows. See https://crbug.com/369219127 @ :0
[  114183ms] [WARNING] The powerPreference option is currently ignored when calling requestAdapter() on Windows. See https://crbug.com/369219127 @ :0
[  114203ms] [WARNING] The powerPreference option is currently ignored when calling requestAdapter() on Windows. See https://crbug.com/369219127 @ :0
[  114223ms] [WARNING] The powerPreference option is currently ignored when calling requestAdapter() on Windows. See https://crbug.com/369219127 @ :0
[  164059ms] [WARNING] The powerPreference option is currently ignored when calling requestAdapter() on Windows. See https://crbug.com/369219127 @ :0
[  168287ms] [WARNING] The powerPreference option is currently ignored when calling requestAdapter() on Windows. See https://crbug.com/369219127 @ :0
[  185632ms] [ERROR] Permissions policy violation: compute-pressure is not allowed in this document. @ https://www.youtube.com/s/player/4fd832e7/player_embed_es6.vflset/en_GB/base.js:5401
[  192695ms] [WARNING] The powerPreference option is currently ignored when calling requestAdapter() on Windows. See https://crbug.com/369219127 @ :0
[  192904ms] [WARNING] The powerPreference option is currently ignored when calling requestAdapter() on Windows. See https://crbug.com/369219127 @ :0
[  194930ms] [WARNING] The powerPreference option is currently ignored when calling requestAdapter() on Windows. See https://crbug.com/369219127 @ :0
[  194950ms] [WARNING] The powerPreference option is currently ignored when calling requestAdapter() on Windows. See https://crbug.com/369219127 @ :0
[  194970ms] [WARNING] The powerPreference option is currently ignored when calling requestAdapter() on Windows. See https://crbug.com/369219127 @ :0
[  199608ms] [ERROR] Permissions policy violation: compute-pressure is not allowed in this document. @ https://www.youtube.com/s/player/4fd832e7/player_embed_es6.vflset/en_GB/base.js:5401
[  203021ms] [ERROR] Permissions policy violation: compute-pressure is not allowed in this document. @ https://www.youtube.com/s/player/4fd832e7/player_embed_es6.vflset/en_GB/base.js:5401
[  203037ms] [ERROR] Permissions policy violation: compute-pressure is not allowed in this document. @ https://www.youtube.com/s/player/4fd832e7/player_embed_es6.vflset/en_GB/base.js:5401
[  208545ms] [WARNING] The powerPreference option is currently ignored when calling requestAdapter() on Windows. See https://crbug.com/369219127 @ :0
[  210008ms] [WARNING] The powerPreference option is currently ignored when calling requestAdapter() on Windows. See https://crbug.com/369219127 @ :0
[  210484ms] [WARNING] The powerPreference option is currently ignored when calling requestAdapter() on Windows. See https://crbug.com/369219127 @ :0
[  210578ms] [WARNING] The powerPreference option is currently ignored when calling requestAdapter() on Windows. See https://crbug.com/369219127 @ :0
[  210602ms] [WARNING] The powerPreference option is currently ignored when calling requestAdapter() on Windows. See https://crbug.com/369219127 @ :0
[  210625ms] [WARNING] The powerPreference option is currently ignored when calling requestAdapter() on Windows. See https://crbug.com/369219127 @ :0
[  210703ms] [WARNING] The powerPreference option is currently ignored when calling requestAdapter() on Windows. See https://crbug.com/369219127 @ :0
[  236263ms] [WARNING] The powerPreference option is currently ignored when calling requestAdapter() on Windows. See https://crbug.com/369219127 @ :0
[  236508ms] [WARNING] The powerPreference option is currently ignored when calling requestAdapter() on Windows. See https://crbug.com/369219127 @ :0
[  236550ms] [WARNING] The powerPreference option is currently ignored when calling requestAdapter() on Windows. See https://crbug.com/369219127 @ :0
[  236566ms] [WARNING] The powerPreference option is currently ignored when calling requestAdapter() on Windows. See https://crbug.com/369219127 @ :0
[  236711ms] [WARNING] The powerPreference option is currently ignored when calling requestAdapter() on Windows. See https://crbug.com/369219127 @ :0
[   26431ms] [WARNING] The powerPreference option is currently ignored when calling requestAdapter() on Windows. See https://crbug.com/369219127 @ :0
[   27383ms] [WARNING] The powerPreference option is currently ignored when calling requestAdapter() on Windows. See https://crbug.com/369219127 @ :0
[   27582ms] [WARNING] The powerPreference option is currently ignored when calling requestAdapter() on Windows. See https://crbug.com/369219127 @ :0
[   27613ms] [WARNING] The powerPreference option is currently ignored when calling requestAdapter() on Windows. See https://crbug.com/369219127 @ :0
[   27630ms] [WARNING] The powerPreference option is currently ignored when calling requestAdapter() on Windows. See https://crbug.com/369219127 @ :0
[   27644ms] [WARNING] The powerPreference option is currently ignored when calling requestAdapter() on Windows. See https://crbug.com/369219127 @ :0
[   27660ms] [WARNING] The powerPreference option is currently ignored when calling requestAdapter() on Windows. See https://crbug.com/369219127 @ :0
[   27675ms] [WARNING] The powerPreference option is currently ignored when calling requestAdapter() on Windows. See https://crbug.com/369219127 @ :0
[   27708ms] [WARNING] The powerPreference option is currently ignored when calling requestAdapter() on Windows. See https://crbug.com/369219127 @ :0
[   27724ms] [WARNING] The powerPreference option is currently ignored when calling requestAdapter() on Windows. See https://crbug.com/369219127 @ :0
[   27767ms] [WARNING] The powerPreference option is currently ignored when calling requestAdapter() on Windows. See https://crbug.com/369219127 @ :0
[   27781ms] [WARNING] The powerPreference option is currently ignored when calling requestAdapter() on Windows. See https://crbug.com/369219127 @ :0
[   27801ms] [WARNING] The powerPreference option is currently ignored when calling requestAdapter() on Windows. See https://crbug.com/369219127 @ :0
[   27835ms] [WARNING] The powerPreference option is currently ignored when calling requestAdapter() on Windows. See https://crbug.com/369219127 @ :0
[   45570ms] [WARNING] The powerPreference option is currently ignored when calling requestAdapter() on Windows. See https://crbug.com/369219127 @ :0
[   67128ms] [WARNING] The powerPreference option is currently ignored when calling requestAdapter() on Windows. See https://crbug.com/369219127 @ :0
[   89283ms] [WARNING] The powerPreference option is currently ignored when calling requestAdapter() on Windows. See https://crbug.com/369219127 @ :0
[   91878ms] [WARNING] The powerPreference option is currently ignored when calling requestAdapter() on Windows. See https://crbug.com/369219127 @ :0
[   92870ms] [WARNING] The powerPreference option is currently ignored when calling requestAdapter() on Windows. See https://crbug.com/369219127 @ :0
[   92942ms] [WARNING] The powerPreference option is currently ignored when calling requestAdapter() on Windows. See https://crbug.com/369219127 @ :0
[   92973ms] [WARNING] The powerPreference option is currently ignored when calling requestAdapter() on Windows. See https://crbug.com/369219127 @ :0
[   93024ms] [WARNING] The powerPreference option is currently ignored when calling requestAdapter() on Windows. See https://crbug.com/369219127 @ :0
[   93044ms] [WARNING] The powerPreference option is currently ignored when calling requestAdapter() on Windows. See https://crbug.com/369219127 @ :0
[  113878ms] [WARNING] The powerPreference option is currently ignored when calling requestAdapter() on Windows. See https://crbug.com/369219127 @ :0
[  114104ms] [WARNING] The powerPreference option is currently ignored when calling requestAdapter() on Windows. See https://crbug.com/369219127 @ :0
[  114183ms] [WARNING] The powerPreference option is currently ignored when calling requestAdapter() on Windows. See https://crbug.com/369219127 @ :0
[  114203ms] [WARNING] The powerPreference option is currently ignored when calling requestAdapter() on Windows. See https://crbug.com/369219127 @ :0
[  114223ms] [WARNING] The powerPreference option is currently ignored when calling requestAdapter() on Windows. See https://crbug.com/369219127 @ :0
[  164059ms] [WARNING] The powerPreference option is currently ignored when calling requestAdapter() on Windows. See https://crbug.com/369219127 @ :0
[  168287ms] [WARNING] The powerPreference option is currently ignored when calling requestAdapter() on Windows. See https://crbug.com/369219127 @ :0
[  185632ms] [ERROR] Permissions policy violation: compute-pressure is not allowed in this document. @ https://www.youtube.com/s/player/4fd832e7/player_embed_es6.vflset/en_GB/base.js:5401
[  192695ms] [WARNING] The powerPreference option is currently ignored when calling requestAdapter() on Windows. See https://crbug.com/369219127 @ :0
[  192904ms] [WARNING] The powerPreference option is currently ignored when calling requestAdapter() on Windows. See https://crbug.com/369219127 @ :0
[  194930ms] [WARNING] The powerPreference option is currently ignored when calling requestAdapter() on Windows. See https://crbug.com/369219127 @ :0
[  194950ms] [WARNING] The powerPreference option is currently ignored when calling requestAdapter() on Windows. See https://crbug.com/369219127 @ :0
[  194970ms] [WARNING] The powerPreference option is currently ignored when calling requestAdapter() on Windows. See https://crbug.com/369219127 @ :0
[  199608ms] [ERROR] Permissions policy violation: compute-pressure is not allowed in this document. @ https://www.youtube.com/s/player/4fd832e7/player_embed_es6.vflset/en_GB/base.js:5401
[  203021ms] [ERROR] Permissions policy violation: compute-pressure is not allowed in this document. @ https://www.youtube.com/s/player/4fd832e7/player_embed_es6.vflset/en_GB/base.js:5401
[  203037ms] [ERROR] Permissions policy violation: compute-pressure is not allowed in this document. @ https://www.youtube.com/s/player/4fd832e7/player_embed_es6.vflset/en_GB/base.js:5401
[  208545ms] [WARNING] The powerPreference option is currently ignored when calling requestAdapter() on Windows. See https://crbug.com/369219127 @ :0
[  210008ms] [WARNING] The powerPreference option is currently ignored when calling requestAdapter() on Windows. See https://crbug.com/369219127 @ :0
[  210484ms] [WARNING] The powerPreference option is currently ignored when calling requestAdapter() on Windows. See https://crbug.com/369219127 @ :0
[  210578ms] [WARNING] The powerPreference option is currently ignored when calling requestAdapter() on Windows. See https://crbug.com/369219127 @ :0
[  210602ms] [WARNING] The powerPreference option is currently ignored when calling requestAdapter() on Windows. See https://crbug.com/369219127 @ :0
[  210625ms] [WARNING] The powerPreference option is currently ignored when calling requestAdapter() on Windows. See https://crbug.com/369219127 @ :0
[  210703ms] [WARNING] The powerPreference option is currently ignored when calling requestAdapter() on Windows. See https://crbug.com/369219127 @ :0
[  236263ms] [WARNING] The powerPreference option is currently ignored when calling requestAdapter() on Windows. See https://crbug.com/369219127 @ :0
[  236508ms] [WARNING] The powerPreference option is currently ignored when calling requestAdapter() on Windows. See https://crbug.com/369219127 @ :0
[  236550ms] [WARNING] The powerPreference option is currently ignored when calling requestAdapter() on Windows. See https://crbug.com/369219127 @ :0
[  236566ms] [WARNING] The powerPreference option is currently ignored when calling requestAdapter() on Windows. See https://crbug.com/369219127 @ :0
[  236711ms] [WARNING] The powerPreference option is currently ignored when calling requestAdapter() on Windows. See https://crbug.com/369219127 @ :0
[   26431ms] [WARNING] The powerPreference option is currently ignored when calling requestAdapter() on Windows. See https://crbug.com/369219127 @ :0
[   27383ms] [WARNING] The powerPreference option is currently ignored when calling requestAdapter() on Windows. See https://crbug.com/369219127 @ :0
[   27582ms] [WARNING] The powerPreference option is currently ignored when calling requestAdapter() on Windows. See https://crbug.com/369219127 @ :0
[   27613ms] [WARNING] The powerPreference option is currently ignored when calling requestAdapter() on Windows. See https://crbug.com/369219127 @ :0
[   27630ms] [WARNING] The powerPreference option is currently ignored when calling requestAdapter() on Windows. See https://crbug.com/369219127 @ :0
[   27644ms] [WARNING] The powerPreference option is currently ignored when calling requestAdapter() on Windows. See https://crbug.com/369219127 @ :0
[   27660ms] [WARNING] The powerPreference option is currently ignored when calling requestAdapter() on Windows. See https://crbug.com/369219127 @ :0
[   27675ms] [WARNING] The powerPreference option is currently ignored when calling requestAdapter() on Windows. See https://crbug.com/369219127 @ :0
[   27708ms] [WARNING] The powerPreference option is currently ignored when calling requestAdapter() on Windows. See https://crbug.com/369219127 @ :0
[   27724ms] [WARNING] The powerPreference option is currently ignored when calling requestAdapter() on Windows. See https://crbug.com/369219127 @ :0
[   27767ms] [WARNING] The powerPreference option is currently ignored when calling requestAdapter() on Windows. See https://crbug.com/369219127 @ :0
[   27781ms] [WARNING] The powerPreference option is currently ignored when calling requestAdapter() on Windows. See https://crbug.com/369219127 @ :0
[   27801ms] [WARNING] The powerPreference option is currently ignored when calling requestAdapter() on Windows. See https://crbug.com/369219127 @ :0
[   27835ms] [WARNING] The powerPreference option is currently ignored when calling requestAdapter() on Windows. See https://crbug.com/369219127 @ :0
[   45570ms] [WARNING] The powerPreference option is currently ignored when calling requestAdapter() on Windows. See https://crbug.com/369219127 @ :0
[   67128ms] [WARNING] The powerPreference option is currently ignored when calling requestAdapter() on Windows. See https://crbug.com/369219127 @ :0
[   89283ms] [WARNING] The powerPreference option is currently ignored when calling requestAdapter() on Windows. See https://crbug.com/369219127 @ :0
[   91878ms] [WARNING] The powerPreference option is currently ignored when calling requestAdapter() on Windows. See https://crbug.com/369219127 @ :0
[   92870ms] [WARNING] The powerPreference option is currently ignored when calling requestAdapter() on Windows. See https://crbug.com/369219127 @ :0
[   92942ms] [WARNING] The powerPreference option is currently ignored when calling requestAdapter() on Windows. See https://crbug.com/369219127 @ :0
[   92973ms] [WARNING] The powerPreference option is currently ignored when calling requestAdapter() on Windows. See https://crbug.com/369219127 @ :0
[   93024ms] [WARNING] The powerPreference option is currently ignored when calling requestAdapter() on Windows. See https://crbug.com/369219127 @ :0
[   93044ms] [WARNING] The powerPreference option is currently ignored when calling requestAdapter() on Windows. See https://crbug.com/369219127 @ :0
[  113878ms] [WARNING] The powerPreference option is currently ignored when calling requestAdapter() on Windows. See https://crbug.com/369219127 @ :0
[  114104ms] [WARNING] The powerPreference option is currently ignored when calling requestAdapter() on Windows. See https://crbug.com/369219127 @ :0
[  114183ms] [WARNING] The powerPreference option is currently ignored when calling requestAdapter() on Windows. See https://crbug.com/369219127 @ :0
[  114203ms] [WARNING] The powerPreference option is currently ignored when calling requestAdapter() on Windows. See https://crbug.com/369219127 @ :0
[  114223ms] [WARNING] The powerPreference option is currently ignored when calling requestAdapter() on Windows. See https://crbug.com/369219127 @ :0
[  164059ms] [WARNING] The powerPreference option is currently ignored when calling requestAdapter() on Windows. See https://crbug.com/369219127 @ :0
[  168287ms] [WARNING] The powerPreference option is currently ignored when calling requestAdapter() on Windows. See https://crbug.com/369219127 @ :0
[  185632ms] [ERROR] Permissions policy violation: compute-pressure is not allowed in this document. @ https://www.youtube.com/s/player/4fd832e7/player_embed_es6.vflset/en_GB/base.js:5401
[  192695ms] [WARNING] The powerPreference option is currently ignored when calling requestAdapter() on Windows. See https://crbug.com/369219127 @ :0
[  192904ms] [WARNING] The powerPreference option is currently ignored when calling requestAdapter() on Windows. See https://crbug.com/369219127 @ :0
[  194930ms] [WARNING] The powerPreference option is currently ignored when calling requestAdapter() on Windows. See https://crbug.com/369219127 @ :0
[  194950ms] [WARNING] The powerPreference option is currently ignored when calling requestAdapter() on Windows. See https://crbug.com/369219127 @ :0
[  194970ms] [WARNING] The powerPreference option is currently ignored when calling requestAdapter() on Windows. See https://crbug.com/369219127 @ :0
[  199608ms] [ERROR] Permissions policy violation: compute-pressure is not allowed in this document. @ https://www.youtube.com/s/player/4fd832e7/player_embed_es6.vflset/en_GB/base.js:5401
[  203021ms] [ERROR] Permissions policy violation: compute-pressure is not allowed in this document. @ https://www.youtube.com/s/player/4fd832e7/player_embed_es6.vflset/en_GB/base.js:5401
[  203037ms] [ERROR] Permissions policy violation: compute-pressure is not allowed in this document. @ https://www.youtube.com/s/player/4fd832e7/player_embed_es6.vflset/en_GB/base.js:5401
[  208545ms] [WARNING] The powerPreference option is currently ignored when calling requestAdapter() on Windows. See https://crbug.com/369219127 @ :0
[  210008ms] [WARNING] The powerPreference option is currently ignored when calling requestAdapter() on Windows. See https://crbug.com/369219127 @ :0
[  210484ms] [WARNING] The powerPreference option is currently ignored when calling requestAdapter() on Windows. See https://crbug.com/369219127 @ :0
[  210578ms] [WARNING] The powerPreference option is currently ignored when calling requestAdapter() on Windows. See https://crbug.com/369219127 @ :0
[  210602ms] [WARNING] The powerPreference option is currently ignored when calling requestAdapter() on Windows. See https://crbug.com/369219127 @ :0
[  210625ms] [WARNING] The powerPreference option is currently ignored when calling requestAdapter() on Windows. See https://crbug.com/369219127 @ :0
[  210703ms] [WARNING] The powerPreference option is currently ignored when calling requestAdapter() on Windows. See https://crbug.com/369219127 @ :0
[  236263ms] [WARNING] The powerPreference option is currently ignored when calling requestAdapter() on Windows. See https://crbug.com/369219127 @ :0
[  236508ms] [WARNING] The powerPreference option is currently ignored when calling requestAdapter() on Windows. See https://crbug.com/369219127 @ :0
[  236550ms] [WARNING] The powerPreference option is currently ignored when calling requestAdapter() on Windows. See https://crbug.com/369219127 @ :0
[  236566ms] [WARNING] The powerPreference option is currently ignored when calling requestAdapter() on Windows. See https://crbug.com/369219127 @ :0
[  236711ms] [WARNING] The powerPreference option is currently ignored when calling requestAdapter() on Windows. See https://crbug.com/369219127 @ :0
[   26431ms] [WARNING] The powerPreference option is currently ignored when calling requestAdapter() on Windows. See https://crbug.com/369219127 @ :0
[   27383ms] [WARNING] The powerPreference option is currently ignored when calling requestAdapter() on Windows. See https://crbug.com/369219127 @ :0
[   27582ms] [WARNING] The powerPreference option is currently ignored when calling requestAdapter() on Windows. See https://crbug.com/369219127 @ :0
[   27613ms] [WARNING] The powerPreference option is currently ignored when calling requestAdapter() on Windows. See https://crbug.com/369219127 @ :0
[   27630ms] [WARNING] The powerPreference option is currently ignored when calling requestAdapter() on Windows. See https://crbug.com/369219127 @ :0
[   27644ms] [WARNING] The powerPreference option is currently ignored when calling requestAdapter() on Windows. See https://crbug.com/369219127 @ :0
[   27660ms] [WARNING] The powerPreference option is currently ignored when calling requestAdapter() on Windows. See https://crbug.com/369219127 @ :0
[   27675ms] [WARNING] The powerPreference option is currently ignored when calling requestAdapter() on Windows. See https://crbug.com/369219127 @ :0
[   27708ms] [WARNING] The powerPreference option is currently ignored when calling requestAdapter() on Windows. See https://crbug.com/369219127 @ :0
[   27724ms] [WARNING] The powerPreference option is currently ignored when calling requestAdapter() on Windows. See https://crbug.com/369219127 @ :0
[   27767ms] [WARNING] The powerPreference option is currently ignored when calling requestAdapter() on Windows. See https://crbug.com/369219127 @ :0
[   27781ms] [WARNING] The powerPreference option is currently ignored when calling requestAdapter() on Windows. See https://crbug.com/369219127 @ :0
[   27801ms] [WARNING] The powerPreference option is currently ignored when calling requestAdapter() on Windows. See https://crbug.com/369219127 @ :0
[   27835ms] [WARNING] The powerPreference option is currently ignored when calling requestAdapter() on Windows. See https://crbug.com/369219127 @ :0
[   45570ms] [WARNING] The powerPreference option is currently ignored when calling requestAdapter() on Windows. See https://crbug.com/369219127 @ :0
[   67128ms] [WARNING] The powerPreference option is currently ignored when calling requestAdapter() on Windows. See https://crbug.com/369219127 @ :0
[   89283ms] [WARNING] The powerPreference option is currently ignored when calling requestAdapter() on Windows. See https://crbug.com/369219127 @ :0
[   91878ms] [WARNING] The powerPreference option is currently ignored when calling requestAdapter() on Windows. See https://crbug.com/369219127 @ :0
[   92870ms] [WARNING] The powerPreference option is currently ignored when calling requestAdapter() on Windows. See https://crbug.com/369219127 @ :0
[   92942ms] [WARNING] The powerPreference option is currently ignored when calling requestAdapter() on Windows. See https://crbug.com/369219127 @ :0
[   92973ms] [WARNING] The powerPreference option is currently ignored when calling requestAdapter() on Windows. See https://crbug.com/369219127 @ :0
[   93024ms] [WARNING] The powerPreference option is currently ignored when calling requestAdapter() on Windows. See https://crbug.com/369219127 @ :0
[   93044ms] [WARNING] The powerPreference option is currently ignored when calling requestAdapter() on Windows. See https://crbug.com/369219127 @ :0
[  113878ms] [WARNING] The powerPreference option is currently ignored when calling requestAdapter() on Windows. See https://crbug.com/369219127 @ :0
[  114104ms] [WARNING] The powerPreference option is currently ignored when calling requestAdapter() on Windows. See https://crbug.com/369219127 @ :0
[  114183ms] [WARNING] The powerPreference option is currently ignored when calling requestAdapter() on Windows. See https://crbug.com/369219127 @ :0
[  114203ms] [WARNING] The powerPreference option is currently ignored when calling requestAdapter() on Windows. See https://crbug.com/369219127 @ :0
[  114223ms] [WARNING] The powerPreference option is currently ignored when calling requestAdapter() on Windows. See https://crbug.com/369219127 @ :0
[  164059ms] [WARNING] The powerPreference option is currently ignored when calling requestAdapter() on Windows. See https://crbug.com/369219127 @ :0
[  168287ms] [WARNING] The powerPreference option is currently ignored when calling requestAdapter() on Windows. See https://crbug.com/369219127 @ :0
[  185632ms] [ERROR] Permissions policy violation: compute-pressure is not allowed in this document. @ https://www.youtube.com/s/player/4fd832e7/player_embed_es6.vflset/en_GB/base.js:5401
[  192695ms] [WARNING] The powerPreference option is currently ignored when calling requestAdapter() on Windows. See https://crbug.com/369219127 @ :0
[  192904ms] [WARNING] The powerPreference option is currently ignored when calling requestAdapter() on Windows. See https://crbug.com/369219127 @ :0
[  194930ms] [WARNING] The powerPreference option is currently ignored when calling requestAdapter() on Windows. See https://crbug.com/369219127 @ :0
[  194950ms] [WARNING] The powerPreference option is currently ignored when calling requestAdapter() on Windows. See https://crbug.com/369219127 @ :0
[  194970ms] [WARNING] The powerPreference option is currently ignored when calling requestAdapter() on Windows. See https://crbug.com/369219127 @ :0
[  199608ms] [ERROR] Permissions policy violation: compute-pressure is not allowed in this document. @ https://www.youtube.com/s/player/4fd832e7/player_embed_es6.vflset/en_GB/base.js:5401
[  203021ms] [ERROR] Permissions policy violation: compute-pressure is not allowed in this document. @ https://www.youtube.com/s/player/4fd832e7/player_embed_es6.vflset/en_GB/base.js:5401
[  203037ms] [ERROR] Permissions policy violation: compute-pressure is not allowed in this document. @ https://www.youtube.com/s/player/4fd832e7/player_embed_es6.vflset/en_GB/base.js:5401
[  208545ms] [WARNING] The powerPreference option is currently ignored when calling requestAdapter() on Windows. See https://crbug.com/369219127 @ :0
[  210008ms] [WARNING] The powerPreference option is currently ignored when calling requestAdapter() on Windows. See https://crbug.com/369219127 @ :0
[  210484ms] [WARNING] The powerPreference option is currently ignored when calling requestAdapter() on Windows. See https://crbug.com/369219127 @ :0
[  210578ms] [WARNING] The powerPreference option is currently ignored when calling requestAdapter() on Windows. See https://crbug.com/369219127 @ :0
[  210602ms] [WARNING] The powerPreference option is currently ignored when calling requestAdapter() on Windows. See https://crbug.com/369219127 @ :0
[  210625ms] [WARNING] The powerPreference option is currently ignored when calling requestAdapter() on Windows. See https://crbug.com/369219127 @ :0
[  210703ms] [WARNING] The powerPreference option is currently ignored when calling requestAdapter() on Windows. See https://crbug.com/369219127 @ :0
[  236263ms] [WARNING] The powerPreference option is currently ignored when calling requestAdapter() on Windows. See https://crbug.com/369219127 @ :0
[  236508ms] [WARNING] The powerPreference option is currently ignored when calling requestAdapter() on Windows. See https://crbug.com/369219127 @ :0
[  236550ms] [WARNING] The powerPreference option is currently ignored when calling requestAdapter() on Windows. See https://crbug.com/369219127 @ :0
[  236566ms] [WARNING] The powerPreference option is currently ignored when calling requestAdapter() on Windows. See https://crbug.com/369219127 @ :0
[  236711ms] [WARNING] The powerPreference option is currently ignored when calling requestAdapter() on Windows. See https://crbug.com/369219127 @ :0
[   26431ms] [WARNING] The powerPreference option is currently ignored when calling requestAdapter() on Windows. See https://crbug.com/369219127 @ :0
[   27383ms] [WARNING] The powerPreference option is currently ignored when calling requestAdapter() on Windows. See https://crbug.com/369219127 @ :0
[   27582ms] [WARNING] The powerPreference option is currently ignored when calling requestAdapter() on Windows. See https://crbug.com/369219127 @ :0
[   27613ms] [WARNING] The powerPreference option is currently ignored when calling requestAdapter() on Windows. See https://crbug.com/369219127 @ :0
[   27630ms] [WARNING] The powerPreference option is currently ignored when calling requestAdapter() on Windows. See https://crbug.com/369219127 @ :0
[   27644ms] [WARNING] The powerPreference option is currently ignored when calling requestAdapter() on Windows. See https://crbug.com/369219127 @ :0
[   27660ms] [WARNING] The powerPreference option is currently ignored when calling requestAdapter() on Windows. See https://crbug.com/369219127 @ :0
[   27675ms] [WARNING] The powerPreference option is currently ignored when calling requestAdapter() on Windows. See https://crbug.com/369219127 @ :0
[   27708ms] [WARNING] The powerPreference option is currently ignored when calling requestAdapter() on Windows. See https://crbug.com/369219127 @ :0
[   27724ms] [WARNING] The powerPreference option is currently ignored when calling requestAdapter() on Windows. See https://crbug.com/369219127 @ :0
[   27767ms] [WARNING] The powerPreference option is currently ignored when calling requestAdapter() on Windows. See https://crbug.com/369219127 @ :0
[   27781ms] [WARNING] The powerPreference option is currently ignored when calling requestAdapter() on Windows. See https://crbug.com/369219127 @ :0
[   27801ms] [WARNING] The powerPreference option is currently ignored when calling requestAdapter() on Windows. See https://crbug.com/369219127 @ :0
[   27835ms] [WARNING] The powerPreference option is currently ignored when calling requestAdapter() on Windows. See https://crbug.com/369219127 @ :0
[   45570ms] [WARNING] The powerPreference option is currently ignored when calling requestAdapter() on Windows. See https://crbug.com/369219127 @ :0
[   67128ms] [WARNING] The powerPreference option is currently ignored when calling requestAdapter() on Windows. See https://crbug.com/369219127 @ :0
[   89283ms] [WARNING] The powerPreference option is currently ignored when calling requestAdapter() on Windows. See https://crbug.com/369219127 @ :0
[   91878ms] [WARNING] The powerPreference option is currently ignored when calling requestAdapter() on Windows. See https://crbug.com/369219127 @ :0
[   92870ms] [WARNING] The powerPreference option is currently ignored when calling requestAdapter() on Windows. See https://crbug.com/369219127 @ :0
[   92942ms] [WARNING] The powerPreference option is currently ignored when calling requestAdapter() on Windows. See https://crbug.com/369219127 @ :0
[   92973ms] [WARNING] The powerPreference option is currently ignored when calling requestAdapter() on Windows. See https://crbug.com/369219127 @ :0
[   93024ms] [WARNING] The powerPreference option is currently ignored when calling requestAdapter() on Windows. See https://crbug.com/369219127 @ :0
[   93044ms] [WARNING] The powerPreference option is currently ignored when calling requestAdapter() on Windows. See https://crbug.com/369219127 @ :0
[  113878ms] [WARNING] The powerPreference option is currently ignored when calling requestAdapter() on Windows. See https://crbug.com/369219127 @ :0
[  114104ms] [WARNING] The powerPreference option is currently ignored when calling requestAdapter() on Windows. See https://crbug.com/369219127 @ :0
[  114183ms] [WARNING] The powerPreference option is currently ignored when calling requestAdapter() on Windows. See https://crbug.com/369219127 @ :0
[  114203ms] [WARNING] The powerPreference option is currently ignored when calling requestAdapter() on Windows. See https://crbug.com/369219127 @ :0
[  114223ms] [WARNING] The powerPreference option is currently ignored when calling requestAdapter() on Windows. See https://crbug.com/369219127 @ :0
[  164059ms] [WARNING] The powerPreference option is currently ignored when calling requestAdapter() on Windows. See https://crbug.com/369219127 @ :0
[  168287ms] [WARNING] The powerPreference option is currently ignored when calling requestAdapter() on Windows. See https://crbug.com/369219127 @ :0
[  185632ms] [ERROR] Permissions policy violation: compute-pressure is not allowed in this document. @ https://www.youtube.com/s/player/4fd832e7/player_embed_es6.vflset/en_GB/base.js:5401
[  192695ms] [WARNING] The powerPreference option is currently ignored when calling requestAdapter() on Windows. See https://crbug.com/369219127 @ :0
[  192904ms] [WARNING] The powerPreference option is currently ignored when calling requestAdapter() on Windows. See https://crbug.com/369219127 @ :0
[  194930ms] [WARNING] The powerPreference option is currently ignored when calling requestAdapter() on Windows. See https://crbug.com/369219127 @ :0
[  194950ms] [WARNING] The powerPreference option is currently ignored when calling requestAdapter() on Windows. See https://crbug.com/369219127 @ :0
[  194970ms] [WARNING] The powerPreference option is currently ignored when calling requestAdapter() on Windows. See https://crbug.com/369219127 @ :0
[  199608ms] [ERROR] Permissions policy violation: compute-pressure is not allowed in this document. @ https://www.youtube.com/s/player/4fd832e7/player_embed_es6.vflset/en_GB/base.js:5401
[  203021ms] [ERROR] Permissions policy violation: compute-pressure is not allowed in this document. @ https://www.youtube.com/s/player/4fd832e7/player_embed_es6.vflset/en_GB/base.js:5401
[  203037ms] [ERROR] Permissions policy violation: compute-pressure is not allowed in this document. @ https://www.youtube.com/s/player/4fd832e7/player_embed_es6.vflset/en_GB/base.js:5401
[  208545ms] [WARNING] The powerPreference option is currently ignored when calling requestAdapter() on Windows. See https://crbug.com/369219127 @ :0
[  210008ms] [WARNING] The powerPreference option is currently ignored when calling requestAdapter() on Windows. See https://crbug.com/369219127 @ :0
[  210484ms] [WARNING] The powerPreference option is currently ignored when calling requestAdapter() on Windows. See https://crbug.com/369219127 @ :0
[  210578ms] [WARNING] The powerPreference option is currently ignored when calling requestAdapter() on Windows. See https://crbug.com/369219127 @ :0
[  210602ms] [WARNING] The powerPreference option is currently ignored when calling requestAdapter() on Windows. See https://crbug.com/369219127 @ :0
[  210625ms] [WARNING] The powerPreference option is currently ignored when calling requestAdapter() on Windows. See https://crbug.com/369219127 @ :0
[  210703ms] [WARNING] The powerPreference option is currently ignored when calling requestAdapter() on Windows. See https://crbug.com/369219127 @ :0
[  236263ms] [WARNING] The powerPreference option is currently ignored when calling requestAdapter() on Windows. See https://crbug.com/369219127 @ :0
[  236508ms] [WARNING] The powerPreference option is currently ignored when calling requestAdapter() on Windows. See https://crbug.com/369219127 @ :0
[  236550ms] [WARNING] The powerPreference option is currently ignored when calling requestAdapter() on Windows. See https://crbug.com/369219127 @ :0
[  236566ms] [WARNING] The powerPreference option is currently ignored when calling requestAdapter() on Windows. See https://crbug.com/369219127 @ :0
[  236711ms] [WARNING] The powerPreference option is currently ignored when calling requestAdapter() on Windows. See https://crbug.com/369219127 @ :0
[   26431ms] [WARNING] The powerPreference option is currently ignored when calling requestAdapter() on Windows. See https://crbug.com/369219127 @ :0
[   27383ms] [WARNING] The powerPreference option is currently ignored when calling requestAdapter() on Windows. See https://crbug.com/369219127 @ :0
[   27582ms] [WARNING] The powerPreference option is currently ignored when calling requestAdapter() on Windows. See https://crbug.com/369219127 @ :0
[   27613ms] [WARNING] The powerPreference option is currently ignored when calling requestAdapter() on Windows. See https://crbug.com/369219127 @ :0
[   27630ms] [WARNING] The powerPreference option is currently ignored when calling requestAdapter() on Windows. See https://crbug.com/369219127 @ :0
[   27644ms] [WARNING] The powerPreference option is currently ignored when calling requestAdapter() on Windows. See https://crbug.com/369219127 @ :0
[   27660ms] [WARNING] The powerPreference option is currently ignored when calling requestAdapter() on Windows. See https://crbug.com/369219127 @ :0
[   27675ms] [WARNING] The powerPreference option is currently ignored when calling requestAdapter() on Windows. See https://crbug.com/369219127 @ :0
[   27708ms] [WARNING] The powerPreference option is currently ignored when calling requestAdapter() on Windows. See https://crbug.com/369219127 @ :0
[   27724ms] [WARNING] The powerPreference option is currently ignored when calling requestAdapter() on Windows. See https://crbug.com/369219127 @ :0
[   27767ms] [WARNING] The powerPreference option is currently ignored when calling requestAdapter() on Windows. See https://crbug.com/369219127 @ :0
[   27781ms] [WARNING] The powerPreference option is currently ignored when calling requestAdapter() on Windows. See https://crbug.com/369219127 @ :0
[   27801ms] [WARNING] The powerPreference option is currently ignored when calling requestAdapter() on Windows. See https://crbug.com/369219127 @ :0
[   27835ms] [WARNING] The powerPreference option is currently ignored when calling requestAdapter() on Windows. See https://crbug.com/369219127 @ :0
[   45570ms] [WARNING] The powerPreference option is currently ignored when calling requestAdapter() on Windows. See https://crbug.com/369219127 @ :0
[   67128ms] [WARNING] The powerPreference option is currently ignored when calling requestAdapter() on Windows. See https://crbug.com/369219127 @ :0
[   89283ms] [WARNING] The powerPreference option is currently ignored when calling requestAdapter() on Windows. See https://crbug.com/369219127 @ :0
[   91878ms] [WARNING] The powerPreference option is currently ignored when calling requestAdapter() on Windows. See https://crbug.com/369219127 @ :0
[   92870ms] [WARNING] The powerPreference option is currently ignored when calling requestAdapter() on Windows. See https://crbug.com/369219127 @ :0
[   92942ms] [WARNING] The powerPreference option is currently ignored when calling requestAdapter() on Windows. See https://crbug.com/369219127 @ :0
[   92973ms] [WARNING] The powerPreference option is currently ignored when calling requestAdapter() on Windows. See https://crbug.com/369219127 @ :0
[   93024ms] [WARNING] The powerPreference option is currently ignored when calling requestAdapter() on Windows. See https://crbug.com/369219127 @ :0
[   93044ms] [WARNING] The powerPreference option is currently ignored when calling requestAdapter() on Windows. See https://crbug.com/369219127 @ :0
[  113878ms] [WARNING] The powerPreference option is currently ignored when calling requestAdapter() on Windows. See https://crbug.com/369219127 @ :0
[  114104ms] [WARNING] The powerPreference option is currently ignored when calling requestAdapter() on Windows. See https://crbug.com/369219127 @ :0
[  114183ms] [WARNING] The powerPreference option is currently ignored when calling requestAdapter() on Windows. See https://crbug.com/369219127 @ :0
[  114203ms] [WARNING] The powerPreference option is currently ignored when calling requestAdapter() on Windows. See https://crbug.com/369219127 @ :0
[  114223ms] [WARNING] The powerPreference option is currently ignored when calling requestAdapter() on Windows. See https://crbug.com/369219127 @ :0
[  164059ms] [WARNING] The powerPreference option is currently ignored when calling requestAdapter() on Windows. See https://crbug.com/369219127 @ :0
[  168287ms] [WARNING] The powerPreference option is currently ignored when calling requestAdapter() on Windows. See https://crbug.com/369219127 @ :0
[  185632ms] [ERROR] Permissions policy violation: compute-pressure is not allowed in this document. @ https://www.youtube.com/s/player/4fd832e7/player_embed_es6.vflset/en_GB/base.js:5401
[  192695ms] [WARNING] The powerPreference option is currently ignored when calling requestAdapter() on Windows. See https://crbug.com/369219127 @ :0
[  192904ms] [WARNING] The powerPreference option is currently ignored when calling requestAdapter() on Windows. See https://crbug.com/369219127 @ :0
[  194930ms] [WARNING] The powerPreference option is currently ignored when calling requestAdapter() on Windows. See https://crbug.com/369219127 @ :0
[  194950ms] [WARNING] The powerPreference option is currently ignored when calling requestAdapter() on Windows. See https://crbug.com/369219127 @ :0
[  194970ms] [WARNING] The powerPreference option is currently ignored when calling requestAdapter() on Windows. See https://crbug.com/369219127 @ :0
[  199608ms] [ERROR] Permissions policy violation: compute-pressure is not allowed in this document. @ https://www.youtube.com/s/player/4fd832e7/player_embed_es6.vflset/en_GB/base.js:5401
[  203021ms] [ERROR] Permissions policy violation: compute-pressure is not allowed in this document. @ https://www.youtube.com/s/player/4fd832e7/player_embed_es6.vflset/en_GB/base.js:5401
[  203037ms] [ERROR] Permissions policy violation: compute-pressure is not allowed in this document. @ https://www.youtube.com/s/player/4fd832e7/player_embed_es6.vflset/en_GB/base.js:5401
[  208545ms] [WARNING] The powerPreference option is currently ignored when calling requestAdapter() on Windows. See https://crbug.com/369219127 @ :0
[  210008ms] [WARNING] The powerPreference option is currently ignored when calling requestAdapter() on Windows. See https://crbug.com/369219127 @ :0
[  210484ms] [WARNING] The powerPreference option is currently ignored when calling requestAdapter() on Windows. See https://crbug.com/369219127 @ :0
[  210578ms] [WARNING] The powerPreference option is currently ignored when calling requestAdapter() on Windows. See https://crbug.com/369219127 @ :0
[  210602ms] [WARNING] The powerPreference option is currently ignored when calling requestAdapter() on Windows. See https://crbug.com/369219127 @ :0
[  210625ms] [WARNING] The powerPreference option is currently ignored when calling requestAdapter() on Windows. See https://crbug.com/369219127 @ :0
[  210703ms] [WARNING] The powerPreference option is currently ignored when calling requestAdapter() on Windows. See https://crbug.com/369219127 @ :0
[  236263ms] [WARNING] The powerPreference option is currently ignored when calling requestAdapter() on Windows. See https://crbug.com/369219127 @ :0
[  236508ms] [WARNING] The powerPreference option is currently ignored when calling requestAdapter() on Windows. See https://crbug.com/369219127 @ :0
[  236550ms] [WARNING] The powerPreference option is currently ignored when calling requestAdapter() on Windows. See https://crbug.com/369219127 @ :0
[  236566ms] [WARNING] The powerPreference option is currently ignored when calling requestAdapter() on Windows. See https://crbug.com/369219127 @ :0
[  236711ms] [WARNING] The powerPreference option is currently ignored when calling requestAdapter() on Windows. See https://crbug.com/369219127 @ :0
[   26431ms] [WARNING] The powerPreference option is currently ignored when calling requestAdapter() on Windows. See https://crbug.com/369219127 @ :0
[   27383ms] [WARNING] The powerPreference option is currently ignored when calling requestAdapter() on Windows. See https://crbug.com/369219127 @ :0
[   27582ms] [WARNING] The powerPreference option is currently ignored when calling requestAdapter() on Windows. See https://crbug.com/369219127 @ :0
[   27613ms] [WARNING] The powerPreference option is currently ignored when calling requestAdapter() on Windows. See https://crbug.com/369219127 @ :0
[   27630ms] [WARNING] The powerPreference option is currently ignored when calling requestAdapter() on Windows. See https://crbug.com/369219127 @ :0
[   27644ms] [WARNING] The powerPreference option is currently ignored when calling requestAdapter() on Windows. See https://crbug.com/369219127 @ :0
[   27660ms] [WARNING] The powerPreference option is currently ignored when calling requestAdapter() on Windows. See https://crbug.com/369219127 @ :0
[   27675ms] [WARNING] The powerPreference option is currently ignored when calling requestAdapter() on Windows. See https://crbug.com/369219127 @ :0
[   27708ms] [WARNING] The powerPreference option is currently ignored when calling requestAdapter() on Windows. See https://crbug.com/369219127 @ :0
[   27724ms] [WARNING] The powerPreference option is currently ignored when calling requestAdapter() on Windows. See https://crbug.com/369219127 @ :0
[   27767ms] [WARNING] The powerPreference option is currently ignored when calling requestAdapter() on Windows. See https://crbug.com/369219127 @ :0
[   27781ms] [WARNING] The powerPreference option is currently ignored when calling requestAdapter() on Windows. See https://crbug.com/369219127 @ :0
[   27801ms] [WARNING] The powerPreference option is currently ignored when calling requestAdapter() on Windows. See https://crbug.com/369219127 @ :0
[   27835ms] [WARNING] The powerPreference option is currently ignored when calling requestAdapter() on Windows. See https://crbug.com/369219127 @ :0
[   45570ms] [WARNING] The powerPreference option is currently ignored when calling requestAdapter() on Windows. See https://crbug.com/369219127 @ :0
[   67128ms] [WARNING] The powerPreference option is currently ignored when calling requestAdapter() on Windows. See https://crbug.com/369219127 @ :0
[   89283ms] [WARNING] The powerPreference option is currently ignored when calling requestAdapter() on Windows. See https://crbug.com/369219127 @ :0
[   91878ms] [WARNING] The powerPreference option is currently ignored when calling requestAdapter() on Windows. See https://crbug.com/369219127 @ :0
[   92870ms] [WARNING] The powerPreference option is currently ignored when calling requestAdapter() on Windows. See https://crbug.com/369219127 @ :0
[   92942ms] [WARNING] The powerPreference option is currently ignored when calling requestAdapter() on Windows. See https://crbug.com/369219127 @ :0
[   92973ms] [WARNING] The powerPreference option is currently ignored when calling requestAdapter() on Windows. See https://crbug.com/369219127 @ :0
[   93024ms] [WARNING] The powerPreference option is currently ignored when calling requestAdapter() on Windows. See https://crbug.com/369219127 @ :0
[   93044ms] [WARNING] The powerPreference option is currently ignored when calling requestAdapter() on Windows. See https://crbug.com/369219127 @ :0
[  113878ms] [WARNING] The powerPreference option is currently ignored when calling requestAdapter() on Windows. See https://crbug.com/369219127 @ :0
[  114104ms] [WARNING] The powerPreference option is currently ignored when calling requestAdapter() on Windows. See https://crbug.com/369219127 @ :0
[  114183ms] [WARNING] The powerPreference option is currently ignored when calling requestAdapter() on Windows. See https://crbug.com/369219127 @ :0
[  114203ms] [WARNING] The powerPreference option is currently ignored when calling requestAdapter() on Windows. See https://crbug.com/369219127 @ :0
[  114223ms] [WARNING] The powerPreference option is currently ignored when calling requestAdapter() on Windows. See https://crbug.com/369219127 @ :0
[  164059ms] [WARNING] The powerPreference option is currently ignored when calling requestAdapter() on Windows. See https://crbug.com/369219127 @ :0
[  168287ms] [WARNING] The powerPreference option is currently ignored when calling requestAdapter() on Windows. See https://crbug.com/369219127 @ :0
[  185632ms] [ERROR] Permissions policy violation: compute-pressure is not allowed in this document. @ https://www.youtube.com/s/player/4fd832e7/player_embed_es6.vflset/en_GB/base.js:5401
[  192695ms] [WARNING] The powerPreference option is currently ignored when calling requestAdapter() on Windows. See https://crbug.com/369219127 @ :0
[  192904ms] [WARNING] The powerPreference option is currently ignored when calling requestAdapter() on Windows. See https://crbug.com/369219127 @ :0
[  194930ms] [WARNING] The powerPreference option is currently ignored when calling requestAdapter() on Windows. See https://crbug.com/369219127 @ :0
[  194950ms] [WARNING] The powerPreference option is currently ignored when calling requestAdapter() on Windows. See https://crbug.com/369219127 @ :0
[  194970ms] [WARNING] The powerPreference option is currently ignored when calling requestAdapter() on Windows. See https://crbug.com/369219127 @ :0
[  199608ms] [ERROR] Permissions policy violation: compute-pressure is not allowed in this document. @ https://www.youtube.com/s/player/4fd832e7/player_embed_es6.vflset/en_GB/base.js:5401
[  203021ms] [ERROR] Permissions policy violation: compute-pressure is not allowed in this document. @ https://www.youtube.com/s/player/4fd832e7/player_embed_es6.vflset/en_GB/base.js:5401
[  203037ms] [ERROR] Permissions policy violation: compute-pressure is not allowed in this document. @ https://www.youtube.com/s/player/4fd832e7/player_embed_es6.vflset/en_GB/base.js:5401
[  208545ms] [WARNING] The powerPreference option is currently ignored when calling requestAdapter() on Windows. See https://crbug.com/369219127 @ :0
[  210008ms] [WARNING] The powerPreference option is currently ignored when calling requestAdapter() on Windows. See https://crbug.com/369219127 @ :0
[  210484ms] [WARNING] The powerPreference option is currently ignored when calling requestAdapter() on Windows. See https://crbug.com/369219127 @ :0
[  210578ms] [WARNING] The powerPreference option is currently ignored when calling requestAdapter() on Windows. See https://crbug.com/369219127 @ :0
[  210602ms] [WARNING] The powerPreference option is currently ignored when calling requestAdapter() on Windows. See https://crbug.com/369219127 @ :0
[  210625ms] [WARNING] The powerPreference option is currently ignored when calling requestAdapter() on Windows. See https://crbug.com/369219127 @ :0
[  210703ms] [WARNING] The powerPreference option is currently ignored when calling requestAdapter() on Windows. See https://crbug.com/369219127 @ :0
[  236263ms] [WARNING] The powerPreference option is currently ignored when calling requestAdapter() on Windows. See https://crbug.com/369219127 @ :0
[  236508ms] [WARNING] The powerPreference option is currently ignored when calling requestAdapter() on Windows. See https://crbug.com/369219127 @ :0
[  236550ms] [WARNING] The powerPreference option is currently ignored when calling requestAdapter() on Windows. See https://crbug.com/369219127 @ :0
[  236566ms] [WARNING] The powerPreference option is currently ignored when calling requestAdapter() on Windows. See https://crbug.com/369219127 @ :0
[  236711ms] [WARNING] The powerPreference option is currently ignored when calling requestAdapter() on Windows. See https://crbug.com/369219127 @ :0
[   26431ms] [WARNING] The powerPreference option is currently ignored when calling requestAdapter() on Windows. See https://crbug.com/369219127 @ :0
[   27383ms] [WARNING] The powerPreference option is currently ignored when calling requestAdapter() on Windows. See https://crbug.com/369219127 @ :0
[   27582ms] [WARNING] The powerPreference option is currently ignored when calling requestAdapter() on Windows. See https://crbug.com/369219127 @ :0
[   27613ms] [WARNING] The powerPreference option is currently ignored when calling requestAdapter() on Windows. See https://crbug.com/369219127 @ :0
[   27630ms] [WARNING] The powerPreference option is currently ignored when calling requestAdapter() on Windows. See https://crbug.com/369219127 @ :0
[   27644ms] [WARNING] The powerPreference option is currently ignored when calling requestAdapter() on Windows. See https://crbug.com/369219127 @ :0
[   27660ms] [WARNING] The powerPreference option is currently ignored when calling requestAdapter() on Windows. See https://crbug.com/369219127 @ :0
[   27675ms] [WARNING] The powerPreference option is currently ignored when calling requestAdapter() on Windows. See https://crbug.com/369219127 @ :0
[   27708ms] [WARNING] The powerPreference option is currently ignored when calling requestAdapter() on Windows. See https://crbug.com/369219127 @ :0
[   27724ms] [WARNING] The powerPreference option is currently ignored when calling requestAdapter() on Windows. See https://crbug.com/369219127 @ :0
[   27767ms] [WARNING] The powerPreference option is currently ignored when calling requestAdapter() on Windows. See https://crbug.com/369219127 @ :0
[   27781ms] [WARNING] The powerPreference option is currently ignored when calling requestAdapter() on Windows. See https://crbug.com/369219127 @ :0
[   27801ms] [WARNING] The powerPreference option is currently ignored when calling requestAdapter() on Windows. See https://crbug.com/369219127 @ :0
[   27835ms] [WARNING] The powerPreference option is currently ignored when calling requestAdapter() on Windows. See https://crbug.com/369219127 @ :0
[   45570ms] [WARNING] The powerPreference option is currently ignored when calling requestAdapter() on Windows. See https://crbug.com/369219127 @ :0
[   67128ms] [WARNING] The powerPreference option is currently ignored when calling requestAdapter() on Windows. See https://crbug.com/369219127 @ :0
[   89283ms] [WARNING] The powerPreference option is currently ignored when calling requestAdapter() on Windows. See https://crbug.com/369219127 @ :0
[   91878ms] [WARNING] The powerPreference option is currently ignored when calling requestAdapter() on Windows. See https://crbug.com/369219127 @ :0
[   92870ms] [WARNING] The powerPreference option is currently ignored when calling requestAdapter() on Windows. See https://crbug.com/369219127 @ :0
[   92942ms] [WARNING] The powerPreference option is currently ignored when calling requestAdapter() on Windows. See https://crbug.com/369219127 @ :0
[   92973ms] [WARNING] The powerPreference option is currently ignored when calling requestAdapter() on Windows. See https://crbug.com/369219127 @ :0
[   93024ms] [WARNING] The powerPreference option is currently ignored when calling requestAdapter() on Windows. See https://crbug.com/369219127 @ :0
[   93044ms] [WARNING] The powerPreference option is currently ignored when calling requestAdapter() on Windows. See https://crbug.com/369219127 @ :0
[  113878ms] [WARNING] The powerPreference option is currently ignored when calling requestAdapter() on Windows. See https://crbug.com/369219127 @ :0
[  114104ms] [WARNING] The powerPreference option is currently ignored when calling requestAdapter() on Windows. See https://crbug.com/369219127 @ :0
[  114183ms] [WARNING] The powerPreference option is currently ignored when calling requestAdapter() on Windows. See https://crbug.com/369219127 @ :0
[  114203ms] [WARNING] The powerPreference option is currently ignored when calling requestAdapter() on Windows. See https://crbug.com/369219127 @ :0
[  114223ms] [WARNING] The powerPreference option is currently ignored when calling requestAdapter() on Windows. See https://crbug.com/369219127 @ :0
[  164059ms] [WARNING] The powerPreference option is currently ignored when calling requestAdapter() on Windows. See https://crbug.com/369219127 @ :0
[  168287ms] [WARNING] The powerPreference option is currently ignored when calling requestAdapter() on Windows. See https://crbug.com/369219127 @ :0
[  185632ms] [ERROR] Permissions policy violation: compute-pressure is not allowed in this document. @ https://www.youtube.com/s/player/4fd832e7/player_embed_es6.vflset/en_GB/base.js:5401
[  192695ms] [WARNING] The powerPreference option is currently ignored when calling requestAdapter() on Windows. See https://crbug.com/369219127 @ :0
[  192904ms] [WARNING] The powerPreference option is currently ignored when calling requestAdapter() on Windows. See https://crbug.com/369219127 @ :0
[  194930ms] [WARNING] The powerPreference option is currently ignored when calling requestAdapter() on Windows. See https://crbug.com/369219127 @ :0
[  194950ms] [WARNING] The powerPreference option is currently ignored when calling requestAdapter() on Windows. See https://crbug.com/369219127 @ :0
[  194970ms] [WARNING] The powerPreference option is currently ignored when calling requestAdapter() on Windows. See https://crbug.com/369219127 @ :0
[  199608ms] [ERROR] Permissions policy violation: compute-pressure is not allowed in this document. @ https://www.youtube.com/s/player/4fd832e7/player_embed_es6.vflset/en_GB/base.js:5401
[  203021ms] [ERROR] Permissions policy violation: compute-pressure is not allowed in this document. @ https://www.youtube.com/s/player/4fd832e7/player_embed_es6.vflset/en_GB/base.js:5401
[  203037ms] [ERROR] Permissions policy violation: compute-pressure is not allowed in this document. @ https://www.youtube.com/s/player/4fd832e7/player_embed_es6.vflset/en_GB/base.js:5401
[  208545ms] [WARNING] The powerPreference option is currently ignored when calling requestAdapter() on Windows. See https://crbug.com/369219127 @ :0
[  210008ms] [WARNING] The powerPreference option is currently ignored when calling requestAdapter() on Windows. See https://crbug.com/369219127 @ :0
[  210484ms] [WARNING] The powerPreference option is currently ignored when calling requestAdapter() on Windows. See https://crbug.com/369219127 @ :0
[  210578ms] [WARNING] The powerPreference option is currently ignored when calling requestAdapter() on Windows. See https://crbug.com/369219127 @ :0
[  210602ms] [WARNING] The powerPreference option is currently ignored when calling requestAdapter() on Windows. See https://crbug.com/369219127 @ :0
[  210625ms] [WARNING] The powerPreference option is currently ignored when calling requestAdapter() on Windows. See https://crbug.com/369219127 @ :0
[  210703ms] [WARNING] The powerPreference option is currently ignored when calling requestAdapter() on Windows. See https://crbug.com/369219127 @ :0
[  236263ms] [WARNING] The powerPreference option is currently ignored when calling requestAdapter() on Windows. See https://crbug.com/369219127 @ :0
[  236508ms] [WARNING] The powerPreference option is currently ignored when calling requestAdapter() on Windows. See https://crbug.com/369219127 @ :0
[  236550ms] [WARNING] The powerPreference option is currently ignored when calling requestAdapter() on Windows. See https://crbug.com/369219127 @ :0
[  236566ms] [WARNING] The powerPreference option is currently ignored when calling requestAdapter() on Windows. See https://crbug.com/369219127 @ :0
[  236711ms] [WARNING] The powerPreference option is currently ignored when calling requestAdapter() on Windows. See https://crbug.com/369219127 @ :0
[   26431ms] [WARNING] The powerPreference option is currently ignored when calling requestAdapter() on Windows. See https://crbug.com/369219127 @ :0
[   27383ms] [WARNING] The powerPreference option is currently ignored when calling requestAdapter() on Windows. See https://crbug.com/369219127 @ :0
[   27582ms] [WARNING] The powerPreference option is currently ignored when calling requestAdapter() on Windows. See https://crbug.com/369219127 @ :0
[   27613ms] [WARNING] The powerPreference option is currently ignored when calling requestAdapter() on Windows. See https://crbug.com/369219127 @ :0
[   27630ms] [WARNING] The powerPreference option is currently ignored when calling requestAdapter() on Windows. See https://crbug.com/369219127 @ :0
[   27644ms] [WARNING] The powerPreference option is currently ignored when calling requestAdapter() on Windows. See https://crbug.com/369219127 @ :0
[   27660ms] [WARNING] The powerPreference option is currently ignored when calling requestAdapter() on Windows. See https://crbug.com/369219127 @ :0
[   27675ms] [WARNING] The powerPreference option is currently ignored when calling requestAdapter() on Windows. See https://crbug.com/369219127 @ :0
[   27708ms] [WARNING] The powerPreference option is currently ignored when calling requestAdapter() on Windows. See https://crbug.com/369219127 @ :0
[   27724ms] [WARNING] The powerPreference option is currently ignored when calling requestAdapter() on Windows. See https://crbug.com/369219127 @ :0
[   27767ms] [WARNING] The powerPreference option is currently ignored when calling requestAdapter() on Windows. See https://crbug.com/369219127 @ :0
[   27781ms] [WARNING] The powerPreference option is currently ignored when calling requestAdapter() on Windows. See https://crbug.com/369219127 @ :0
[   27801ms] [WARNING] The powerPreference option is currently ignored when calling requestAdapter() on Windows. See https://crbug.com/369219127 @ :0
[   27835ms] [WARNING] The powerPreference option is currently ignored when calling requestAdapter() on Windows. See https://crbug.com/369219127 @ :0
[   45570ms] [WARNING] The powerPreference option is currently ignored when calling requestAdapter() on Windows. See https://crbug.com/369219127 @ :0
[   67128ms] [WARNING] The powerPreference option is currently ignored when calling requestAdapter() on Windows. See https://crbug.com/369219127 @ :0
[   89283ms] [WARNING] The powerPreference option is currently ignored when calling requestAdapter() on Windows. See https://crbug.com/369219127 @ :0
[   91878ms] [WARNING] The powerPreference option is currently ignored when calling requestAdapter() on Windows. See https://crbug.com/369219127 @ :0
[   92870ms] [WARNING] The powerPreference option is currently ignored when calling requestAdapter() on Windows. See https://crbug.com/369219127 @ :0
[   92942ms] [WARNING] The powerPreference option is currently ignored when calling requestAdapter() on Windows. See https://crbug.com/369219127 @ :0
[   92973ms] [WARNING] The powerPreference option is currently ignored when calling requestAdapter() on Windows. See https://crbug.com/369219127 @ :0
[   93024ms] [WARNING] The powerPreference option is currently ignored when calling requestAdapter() on Windows. See https://crbug.com/369219127 @ :0
[   93044ms] [WARNING] The powerPreference option is currently ignored when calling requestAdapter() on Windows. See https://crbug.com/369219127 @ :0
[  113878ms] [WARNING] The powerPreference option is currently ignored when calling requestAdapter() on Windows. See https://crbug.com/369219127 @ :0
[  114104ms] [WARNING] The powerPreference option is currently ignored when calling requestAdapter() on Windows. See https://crbug.com/369219127 @ :0
[  114183ms] [WARNING] The powerPreference option is currently ignored when calling requestAdapter() on Windows. See https://crbug.com/369219127 @ :0
[  114203ms] [WARNING] The powerPreference option is currently ignored when calling requestAdapter() on Windows. See https://crbug.com/369219127 @ :0
[  114223ms] [WARNING] The powerPreference option is currently ignored when calling requestAdapter() on Windows. See https://crbug.com/369219127 @ :0
[  164059ms] [WARNING] The powerPreference option is currently ignored when calling requestAdapter() on Windows. See https://crbug.com/369219127 @ :0
[  168287ms] [WARNING] The powerPreference option is currently ignored when calling requestAdapter() on Windows. See https://crbug.com/369219127 @ :0
[  185632ms] [ERROR] Permissions policy violation: compute-pressure is not allowed in this document. @ https://www.youtube.com/s/player/4fd832e7/player_embed_es6.vflset/en_GB/base.js:5401
[  192695ms] [WARNING] The powerPreference option is currently ignored when calling requestAdapter() on Windows. See https://crbug.com/369219127 @ :0
[  192904ms] [WARNING] The powerPreference option is currently ignored when calling requestAdapter() on Windows. See https://crbug.com/369219127 @ :0
[  194930ms] [WARNING] The powerPreference option is currently ignored when calling requestAdapter() on Windows. See https://crbug.com/369219127 @ :0
[  194950ms] [WARNING] The powerPreference option is currently ignored when calling requestAdapter() on Windows. See https://crbug.com/369219127 @ :0
[  194970ms] [WARNING] The powerPreference option is currently ignored when calling requestAdapter() on Windows. See https://crbug.com/369219127 @ :0
[  199608ms] [ERROR] Permissions policy violation: compute-pressure is not allowed in this document. @ https://www.youtube.com/s/player/4fd832e7/player_embed_es6.vflset/en_GB/base.js:5401
[  203021ms] [ERROR] Permissions policy violation: compute-pressure is not allowed in this document. @ https://www.youtube.com/s/player/4fd832e7/player_embed_es6.vflset/en_GB/base.js:5401
[  203037ms] [ERROR] Permissions policy violation: compute-pressure is not allowed in this document. @ https://www.youtube.com/s/player/4fd832e7/player_embed_es6.vflset/en_GB/base.js:5401
[  208545ms] [WARNING] The powerPreference option is currently ignored when calling requestAdapter() on Windows. See https://crbug.com/369219127 @ :0
[  210008ms] [WARNING] The powerPreference option is currently ignored when calling requestAdapter() on Windows. See https://crbug.com/369219127 @ :0
[  210484ms] [WARNING] The powerPreference option is currently ignored when calling requestAdapter() on Windows. See https://crbug.com/369219127 @ :0
[  210578ms] [WARNING] The powerPreference option is currently ignored when calling requestAdapter() on Windows. See https://crbug.com/369219127 @ :0
[  210602ms] [WARNING] The powerPreference option is currently ignored when calling requestAdapter() on Windows. See https://crbug.com/369219127 @ :0
[  210625ms] [WARNING] The powerPreference option is currently ignored when calling requestAdapter() on Windows. See https://crbug.com/369219127 @ :0
[  210703ms] [WARNING] The powerPreference option is currently ignored when calling requestAdapter() on Windows. See https://crbug.com/369219127 @ :0
[  236263ms] [WARNING] The powerPreference option is currently ignored when calling requestAdapter() on Windows. See https://crbug.com/369219127 @ :0
[  236508ms] [WARNING] The powerPreference option is currently ignored when calling requestAdapter() on Windows. See https://crbug.com/369219127 @ :0
[  236550ms] [WARNING] The powerPreference option is currently ignored when calling requestAdapter() on Windows. See https://crbug.com/369219127 @ :0
[  236566ms] [WARNING] The powerPreference option is currently ignored when calling requestAdapter() on Windows. See https://crbug.com/369219127 @ :0
[  236711ms] [WARNING] The powerPreference option is currently ignored when calling requestAdapter() on Windows. See https://crbug.com/369219127 @ :0
[  359732ms] [ERROR] Permissions policy violation: compute-pressure is not allowed in this document. @ https://www.youtube.com/s/player/4fd832e7/player_embed_es6.vflset/en_GB/base.js:5401
[   26431ms] [WARNING] The powerPreference option is currently ignored when calling requestAdapter() on Windows. See https://crbug.com/369219127 @ :0
[   27383ms] [WARNING] The powerPreference option is currently ignored when calling requestAdapter() on Windows. See https://crbug.com/369219127 @ :0
[   27582ms] [WARNING] The powerPreference option is currently ignored when calling requestAdapter() on Windows. See https://crbug.com/369219127 @ :0
[   27613ms] [WARNING] The powerPreference option is currently ignored when calling requestAdapter() on Windows. See https://crbug.com/369219127 @ :0
[   27630ms] [WARNING] The powerPreference option is currently ignored when calling requestAdapter() on Windows. See https://crbug.com/369219127 @ :0
[   27644ms] [WARNING] The powerPreference option is currently ignored when calling requestAdapter() on Windows. See https://crbug.com/369219127 @ :0
[   27660ms] [WARNING] The powerPreference option is currently ignored when calling requestAdapter() on Windows. See https://crbug.com/369219127 @ :0
[   27675ms] [WARNING] The powerPreference option is currently ignored when calling requestAdapter() on Windows. See https://crbug.com/369219127 @ :0
[   27708ms] [WARNING] The powerPreference option is currently ignored when calling requestAdapter() on Windows. See https://crbug.com/369219127 @ :0
[   27724ms] [WARNING] The powerPreference option is currently ignored when calling requestAdapter() on Windows. See https://crbug.com/369219127 @ :0
[   27767ms] [WARNING] The powerPreference option is currently ignored when calling requestAdapter() on Windows. See https://crbug.com/369219127 @ :0
[   27781ms] [WARNING] The powerPreference option is currently ignored when calling requestAdapter() on Windows. See https://crbug.com/369219127 @ :0
[   27801ms] [WARNING] The powerPreference option is currently ignored when calling requestAdapter() on Windows. See https://crbug.com/369219127 @ :0
[   27835ms] [WARNING] The powerPreference option is currently ignored when calling requestAdapter() on Windows. See https://crbug.com/369219127 @ :0
[   45570ms] [WARNING] The powerPreference option is currently ignored when calling requestAdapter() on Windows. See https://crbug.com/369219127 @ :0
[   67128ms] [WARNING] The powerPreference option is currently ignored when calling requestAdapter() on Windows. See https://crbug.com/369219127 @ :0
[   89283ms] [WARNING] The powerPreference option is currently ignored when calling requestAdapter() on Windows. See https://crbug.com/369219127 @ :0
[   91878ms] [WARNING] The powerPreference option is currently ignored when calling requestAdapter() on Windows. See https://crbug.com/369219127 @ :0
[   92870ms] [WARNING] The powerPreference option is currently ignored when calling requestAdapter() on Windows. See https://crbug.com/369219127 @ :0
[   92942ms] [WARNING] The powerPreference option is currently ignored when calling requestAdapter() on Windows. See https://crbug.com/369219127 @ :0
[   92973ms] [WARNING] The powerPreference option is currently ignored when calling requestAdapter() on Windows. See https://crbug.com/369219127 @ :0
[   93024ms] [WARNING] The powerPreference option is currently ignored when calling requestAdapter() on Windows. See https://crbug.com/369219127 @ :0
[   93044ms] [WARNING] The powerPreference option is currently ignored when calling requestAdapter() on Windows. See https://crbug.com/369219127 @ :0
[  113878ms] [WARNING] The powerPreference option is currently ignored when calling requestAdapter() on Windows. See https://crbug.com/369219127 @ :0
[  114104ms] [WARNING] The powerPreference option is currently ignored when calling requestAdapter() on Windows. See https://crbug.com/369219127 @ :0
[  114183ms] [WARNING] The powerPreference option is currently ignored when calling requestAdapter() on Windows. See https://crbug.com/369219127 @ :0
[  114203ms] [WARNING] The powerPreference option is currently ignored when calling requestAdapter() on Windows. See https://crbug.com/369219127 @ :0
[  114223ms] [WARNING] The powerPreference option is currently ignored when calling requestAdapter() on Windows. See https://crbug.com/369219127 @ :0
[  164059ms] [WARNING] The powerPreference option is currently ignored when calling requestAdapter() on Windows. See https://crbug.com/369219127 @ :0
[  168287ms] [WARNING] The powerPreference option is currently ignored when calling requestAdapter() on Windows. See https://crbug.com/369219127 @ :0
[  185632ms] [ERROR] Permissions policy violation: compute-pressure is not allowed in this document. @ https://www.youtube.com/s/player/4fd832e7/player_embed_es6.vflset/en_GB/base.js:5401
[  192695ms] [WARNING] The powerPreference option is currently ignored when calling requestAdapter() on Windows. See https://crbug.com/369219127 @ :0
[  192904ms] [WARNING] The powerPreference option is currently ignored when calling requestAdapter() on Windows. See https://crbug.com/369219127 @ :0
[  194930ms] [WARNING] The powerPreference option is currently ignored when calling requestAdapter() on Windows. See https://crbug.com/369219127 @ :0
[  194950ms] [WARNING] The powerPreference option is currently ignored when calling requestAdapter() on Windows. See https://crbug.com/369219127 @ :0
[  194970ms] [WARNING] The powerPreference option is currently ignored when calling requestAdapter() on Windows. See https://crbug.com/369219127 @ :0
[  199608ms] [ERROR] Permissions policy violation: compute-pressure is not allowed in this document. @ https://www.youtube.com/s/player/4fd832e7/player_embed_es6.vflset/en_GB/base.js:5401
[  203021ms] [ERROR] Permissions policy violation: compute-pressure is not allowed in this document. @ https://www.youtube.com/s/player/4fd832e7/player_embed_es6.vflset/en_GB/base.js:5401
[  203037ms] [ERROR] Permissions policy violation: compute-pressure is not allowed in this document. @ https://www.youtube.com/s/player/4fd832e7/player_embed_es6.vflset/en_GB/base.js:5401
[  208545ms] [WARNING] The powerPreference option is currently ignored when calling requestAdapter() on Windows. See https://crbug.com/369219127 @ :0
[  210008ms] [WARNING] The powerPreference option is currently ignored when calling requestAdapter() on Windows. See https://crbug.com/369219127 @ :0
[  210484ms] [WARNING] The powerPreference option is currently ignored when calling requestAdapter() on Windows. See https://crbug.com/369219127 @ :0
[  210578ms] [WARNING] The powerPreference option is currently ignored when calling requestAdapter() on Windows. See https://crbug.com/369219127 @ :0
[  210602ms] [WARNING] The powerPreference option is currently ignored when calling requestAdapter() on Windows. See https://crbug.com/369219127 @ :0
[  210625ms] [WARNING] The powerPreference option is currently ignored when calling requestAdapter() on Windows. See https://crbug.com/369219127 @ :0
[  210703ms] [WARNING] The powerPreference option is currently ignored when calling requestAdapter() on Windows. See https://crbug.com/369219127 @ :0
[  236263ms] [WARNING] The powerPreference option is currently ignored when calling requestAdapter() on Windows. See https://crbug.com/369219127 @ :0
[  236508ms] [WARNING] The powerPreference option is currently ignored when calling requestAdapter() on Windows. See https://crbug.com/369219127 @ :0
[  236550ms] [WARNING] The powerPreference option is currently ignored when calling requestAdapter() on Windows. See https://crbug.com/369219127 @ :0
[  236566ms] [WARNING] The powerPreference option is currently ignored when calling requestAdapter() on Windows. See https://crbug.com/369219127 @ :0
[  236711ms] [WARNING] The powerPreference option is currently ignored when calling requestAdapter() on Windows. See https://crbug.com/369219127 @ :0
[  359732ms] [ERROR] Permissions policy violation: compute-pressure is not allowed in this document. @ https://www.youtube.com/s/player/4fd832e7/player_embed_es6.vflset/en_GB/base.js:5401
[   26431ms] [WARNING] The powerPreference option is currently ignored when calling requestAdapter() on Windows. See https://crbug.com/369219127 @ :0
[   27383ms] [WARNING] The powerPreference option is currently ignored when calling requestAdapter() on Windows. See https://crbug.com/369219127 @ :0
[   27582ms] [WARNING] The powerPreference option is currently ignored when calling requestAdapter() on Windows. See https://crbug.com/369219127 @ :0
[   27613ms] [WARNING] The powerPreference option is currently ignored when calling requestAdapter() on Windows. See https://crbug.com/369219127 @ :0
[   27630ms] [WARNING] The powerPreference option is currently ignored when calling requestAdapter() on Windows. See https://crbug.com/369219127 @ :0
[   27644ms] [WARNING] The powerPreference option is currently ignored when calling requestAdapter() on Windows. See https://crbug.com/369219127 @ :0
[   27660ms] [WARNING] The powerPreference option is currently ignored when calling requestAdapter() on Windows. See https://crbug.com/369219127 @ :0
[   27675ms] [WARNING] The powerPreference option is currently ignored when calling requestAdapter() on Windows. See https://crbug.com/369219127 @ :0
[   27708ms] [WARNING] The powerPreference option is currently ignored when calling requestAdapter() on Windows. See https://crbug.com/369219127 @ :0
[   27724ms] [WARNING] The powerPreference option is currently ignored when calling requestAdapter() on Windows. See https://crbug.com/369219127 @ :0
[   27767ms] [WARNING] The powerPreference option is currently ignored when calling requestAdapter() on Windows. See https://crbug.com/369219127 @ :0
[   27781ms] [WARNING] The powerPreference option is currently ignored when calling requestAdapter() on Windows. See https://crbug.com/369219127 @ :0
[   27801ms] [WARNING] The powerPreference option is currently ignored when calling requestAdapter() on Windows. See https://crbug.com/369219127 @ :0
[   27835ms] [WARNING] The powerPreference option is currently ignored when calling requestAdapter() on Windows. See https://crbug.com/369219127 @ :0
[   45570ms] [WARNING] The powerPreference option is currently ignored when calling requestAdapter() on Windows. See https://crbug.com/369219127 @ :0
[   67128ms] [WARNING] The powerPreference option is currently ignored when calling requestAdapter() on Windows. See https://crbug.com/369219127 @ :0
[   89283ms] [WARNING] The powerPreference option is currently ignored when calling requestAdapter() on Windows. See https://crbug.com/369219127 @ :0
[   91878ms] [WARNING] The powerPreference option is currently ignored when calling requestAdapter() on Windows. See https://crbug.com/369219127 @ :0
[   92870ms] [WARNING] The powerPreference option is currently ignored when calling requestAdapter() on Windows. See https://crbug.com/369219127 @ :0
[   92942ms] [WARNING] The powerPreference option is currently ignored when calling requestAdapter() on Windows. See https://crbug.com/369219127 @ :0
[   92973ms] [WARNING] The powerPreference option is currently ignored when calling requestAdapter() on Windows. See https://crbug.com/369219127 @ :0
[   93024ms] [WARNING] The powerPreference option is currently ignored when calling requestAdapter() on Windows. See https://crbug.com/369219127 @ :0
[   93044ms] [WARNING] The powerPreference option is currently ignored when calling requestAdapter() on Windows. See https://crbug.com/369219127 @ :0
[  113878ms] [WARNING] The powerPreference option is currently ignored when calling requestAdapter() on Windows. See https://crbug.com/369219127 @ :0
[  114104ms] [WARNING] The powerPreference option is currently ignored when calling requestAdapter() on Windows. See https://crbug.com/369219127 @ :0
[  114183ms] [WARNING] The powerPreference option is currently ignored when calling requestAdapter() on Windows. See https://crbug.com/369219127 @ :0
[  114203ms] [WARNING] The powerPreference option is currently ignored when calling requestAdapter() on Windows. See https://crbug.com/369219127 @ :0
[  114223ms] [WARNING] The powerPreference option is currently ignored when calling requestAdapter() on Windows. See https://crbug.com/369219127 @ :0
[  164059ms] [WARNING] The powerPreference option is currently ignored when calling requestAdapter() on Windows. See https://crbug.com/369219127 @ :0
[  168287ms] [WARNING] The powerPreference option is currently ignored when calling requestAdapter() on Windows. See https://crbug.com/369219127 @ :0
[  185632ms] [ERROR] Permissions policy violation: compute-pressure is not allowed in this document. @ https://www.youtube.com/s/player/4fd832e7/player_embed_es6.vflset/en_GB/base.js:5401
[  192695ms] [WARNING] The powerPreference option is currently ignored when calling requestAdapter() on Windows. See https://crbug.com/369219127 @ :0
[  192904ms] [WARNING] The powerPreference option is currently ignored when calling requestAdapter() on Windows. See https://crbug.com/369219127 @ :0
[  194930ms] [WARNING] The powerPreference option is currently ignored when calling requestAdapter() on Windows. See https://crbug.com/369219127 @ :0
[  194950ms] [WARNING] The powerPreference option is currently ignored when calling requestAdapter() on Windows. See https://crbug.com/369219127 @ :0
[  194970ms] [WARNING] The powerPreference option is currently ignored when calling requestAdapter() on Windows. See https://crbug.com/369219127 @ :0
[  199608ms] [ERROR] Permissions policy violation: compute-pressure is not allowed in this document. @ https://www.youtube.com/s/player/4fd832e7/player_embed_es6.vflset/en_GB/base.js:5401
[  203021ms] [ERROR] Permissions policy violation: compute-pressure is not allowed in this document. @ https://www.youtube.com/s/player/4fd832e7/player_embed_es6.vflset/en_GB/base.js:5401
[  203037ms] [ERROR] Permissions policy violation: compute-pressure is not allowed in this document. @ https://www.youtube.com/s/player/4fd832e7/player_embed_es6.vflset/en_GB/base.js:5401
[  208545ms] [WARNING] The powerPreference option is currently ignored when calling requestAdapter() on Windows. See https://crbug.com/369219127 @ :0
[  210008ms] [WARNING] The powerPreference option is currently ignored when calling requestAdapter() on Windows. See https://crbug.com/369219127 @ :0
[  210484ms] [WARNING] The powerPreference option is currently ignored when calling requestAdapter() on Windows. See https://crbug.com/369219127 @ :0
[  210578ms] [WARNING] The powerPreference option is currently ignored when calling requestAdapter() on Windows. See https://crbug.com/369219127 @ :0
[  210602ms] [WARNING] The powerPreference option is currently ignored when calling requestAdapter() on Windows. See https://crbug.com/369219127 @ :0
[  210625ms] [WARNING] The powerPreference option is currently ignored when calling requestAdapter() on Windows. See https://crbug.com/369219127 @ :0
[  210703ms] [WARNING] The powerPreference option is currently ignored when calling requestAdapter() on Windows. See https://crbug.com/369219127 @ :0
[  236263ms] [WARNING] The powerPreference option is currently ignored when calling requestAdapter() on Windows. See https://crbug.com/369219127 @ :0
[  236508ms] [WARNING] The powerPreference option is currently ignored when calling requestAdapter() on Windows. See https://crbug.com/369219127 @ :0
[  236550ms] [WARNING] The powerPreference option is currently ignored when calling requestAdapter() on Windows. See https://crbug.com/369219127 @ :0
[  236566ms] [WARNING] The powerPreference option is currently ignored when calling requestAdapter() on Windows. See https://crbug.com/369219127 @ :0
[  236711ms] [WARNING] The powerPreference option is currently ignored when calling requestAdapter() on Windows. See https://crbug.com/369219127 @ :0
[  359732ms] [ERROR] Permissions policy violation: compute-pressure is not allowed in this document. @ https://www.youtube.com/s/player/4fd832e7/player_embed_es6.vflset/en_GB/base.js:5401
[   26431ms] [WARNING] The powerPreference option is currently ignored when calling requestAdapter() on Windows. See https://crbug.com/369219127 @ :0
[   27383ms] [WARNING] The powerPreference option is currently ignored when calling requestAdapter() on Windows. See https://crbug.com/369219127 @ :0
[   27582ms] [WARNING] The powerPreference option is currently ignored when calling requestAdapter() on Windows. See https://crbug.com/369219127 @ :0
[   27613ms] [WARNING] The powerPreference option is currently ignored when calling requestAdapter() on Windows. See https://crbug.com/369219127 @ :0
[   27630ms] [WARNING] The powerPreference option is currently ignored when calling requestAdapter() on Windows. See https://crbug.com/369219127 @ :0
[   27644ms] [WARNING] The powerPreference option is currently ignored when calling requestAdapter() on Windows. See https://crbug.com/369219127 @ :0
[   27660ms] [WARNING] The powerPreference option is currently ignored when calling requestAdapter() on Windows. See https://crbug.com/369219127 @ :0
[   27675ms] [WARNING] The powerPreference option is currently ignored when calling requestAdapter() on Windows. See https://crbug.com/369219127 @ :0
[   27708ms] [WARNING] The powerPreference option is currently ignored when calling requestAdapter() on Windows. See https://crbug.com/369219127 @ :0
[   27724ms] [WARNING] The powerPreference option is currently ignored when calling requestAdapter() on Windows. See https://crbug.com/369219127 @ :0
[   27767ms] [WARNING] The powerPreference option is currently ignored when calling requestAdapter() on Windows. See https://crbug.com/369219127 @ :0
[   27781ms] [WARNING] The powerPreference option is currently ignored when calling requestAdapter() on Windows. See https://crbug.com/369219127 @ :0
[   27801ms] [WARNING] The powerPreference option is currently ignored when calling requestAdapter() on Windows. See https://crbug.com/369219127 @ :0
[   27835ms] [WARNING] The powerPreference option is currently ignored when calling requestAdapter() on Windows. See https://crbug.com/369219127 @ :0
[   45570ms] [WARNING] The powerPreference option is currently ignored when calling requestAdapter() on Windows. See https://crbug.com/369219127 @ :0
[   67128ms] [WARNING] The powerPreference option is currently ignored when calling requestAdapter() on Windows. See https://crbug.com/369219127 @ :0
[   89283ms] [WARNING] The powerPreference option is currently ignored when calling requestAdapter() on Windows. See https://crbug.com/369219127 @ :0
[   91878ms] [WARNING] The powerPreference option is currently ignored when calling requestAdapter() on Windows. See https://crbug.com/369219127 @ :0
[   92870ms] [WARNING] The powerPreference option is currently ignored when calling requestAdapter() on Windows. See https://crbug.com/369219127 @ :0
[   92942ms] [WARNING] The powerPreference option is currently ignored when calling requestAdapter() on Windows. See https://crbug.com/369219127 @ :0
[   92973ms] [WARNING] The powerPreference option is currently ignored when calling requestAdapter() on Windows. See https://crbug.com/369219127 @ :0
[   93024ms] [WARNING] The powerPreference option is currently ignored when calling requestAdapter() on Windows. See https://crbug.com/369219127 @ :0
[   93044ms] [WARNING] The powerPreference option is currently ignored when calling requestAdapter() on Windows. See https://crbug.com/369219127 @ :0
[  113878ms] [WARNING] The powerPreference option is currently ignored when calling requestAdapter() on Windows. See https://crbug.com/369219127 @ :0
[  114104ms] [WARNING] The powerPreference option is currently ignored when calling requestAdapter() on Windows. See https://crbug.com/369219127 @ :0
[  114183ms] [WARNING] The powerPreference option is currently ignored when calling requestAdapter() on Windows. See https://crbug.com/369219127 @ :0
[  114203ms] [WARNING] The powerPreference option is currently ignored when calling requestAdapter() on Windows. See https://crbug.com/369219127 @ :0
[  114223ms] [WARNING] The powerPreference option is currently ignored when calling requestAdapter() on Windows. See https://crbug.com/369219127 @ :0
[  164059ms] [WARNING] The powerPreference option is currently ignored when calling requestAdapter() on Windows. See https://crbug.com/369219127 @ :0
[  168287ms] [WARNING] The powerPreference option is currently ignored when calling requestAdapter() on Windows. See https://crbug.com/369219127 @ :0
[  185632ms] [ERROR] Permissions policy violation: compute-pressure is not allowed in this document. @ https://www.youtube.com/s/player/4fd832e7/player_embed_es6.vflset/en_GB/base.js:5401
[  192695ms] [WARNING] The powerPreference option is currently ignored when calling requestAdapter() on Windows. See https://crbug.com/369219127 @ :0
[  192904ms] [WARNING] The powerPreference option is currently ignored when calling requestAdapter() on Windows. See https://crbug.com/369219127 @ :0
[  194930ms] [WARNING] The powerPreference option is currently ignored when calling requestAdapter() on Windows. See https://crbug.com/369219127 @ :0
[  194950ms] [WARNING] The powerPreference option is currently ignored when calling requestAdapter() on Windows. See https://crbug.com/369219127 @ :0
[  194970ms] [WARNING] The powerPreference option is currently ignored when calling requestAdapter() on Windows. See https://crbug.com/369219127 @ :0
[  199608ms] [ERROR] Permissions policy violation: compute-pressure is not allowed in this document. @ https://www.youtube.com/s/player/4fd832e7/player_embed_es6.vflset/en_GB/base.js:5401
[  203021ms] [ERROR] Permissions policy violation: compute-pressure is not allowed in this document. @ https://www.youtube.com/s/player/4fd832e7/player_embed_es6.vflset/en_GB/base.js:5401
[  203037ms] [ERROR] Permissions policy violation: compute-pressure is not allowed in this document. @ https://www.youtube.com/s/player/4fd832e7/player_embed_es6.vflset/en_GB/base.js:5401
[  208545ms] [WARNING] The powerPreference option is currently ignored when calling requestAdapter() on Windows. See https://crbug.com/369219127 @ :0
[  210008ms] [WARNING] The powerPreference option is currently ignored when calling requestAdapter() on Windows. See https://crbug.com/369219127 @ :0
[  210484ms] [WARNING] The powerPreference option is currently ignored when calling requestAdapter() on Windows. See https://crbug.com/369219127 @ :0
[  210578ms] [WARNING] The powerPreference option is currently ignored when calling requestAdapter() on Windows. See https://crbug.com/369219127 @ :0
[  210602ms] [WARNING] The powerPreference option is currently ignored when calling requestAdapter() on Windows. See https://crbug.com/369219127 @ :0
[  210625ms] [WARNING] The powerPreference option is currently ignored when calling requestAdapter() on Windows. See https://crbug.com/369219127 @ :0
[  210703ms] [WARNING] The powerPreference option is currently ignored when calling requestAdapter() on Windows. See https://crbug.com/369219127 @ :0
[  236263ms] [WARNING] The powerPreference option is currently ignored when calling requestAdapter() on Windows. See https://crbug.com/369219127 @ :0
[  236508ms] [WARNING] The powerPreference option is currently ignored when calling requestAdapter() on Windows. See https://crbug.com/369219127 @ :0
[  236550ms] [WARNING] The powerPreference option is currently ignored when calling requestAdapter() on Windows. See https://crbug.com/369219127 @ :0
[  236566ms] [WARNING] The powerPreference option is currently ignored when calling requestAdapter() on Windows. See https://crbug.com/369219127 @ :0
[  236711ms] [WARNING] The powerPreference option is currently ignored when calling requestAdapter() on Windows. See https://crbug.com/369219127 @ :0
[  359732ms] [ERROR] Permissions policy violation: compute-pressure is not allowed in this document. @ https://www.youtube.com/s/player/4fd832e7/player_embed_es6.vflset/en_GB/base.js:5401
[  412240ms] [WARNING] The powerPreference option is currently ignored when calling requestAdapter() on Windows. See https://crbug.com/369219127 @ :0
[  413246ms] [WARNING] The powerPreference option is currently ignored when calling requestAdapter() on Windows. See https://crbug.com/369219127 @ :0
[  414264ms] [WARNING] The powerPreference option is currently ignored when calling requestAdapter() on Windows. See https://crbug.com/369219127 @ :0
[  418318ms] [WARNING] The powerPreference option is currently ignored when calling requestAdapter() on Windows. See https://crbug.com/369219127 @ :0
[  419346ms] [WARNING] The powerPreference option is currently ignored when calling requestAdapter() on Windows. See https://crbug.com/369219127 @ :0
[   26431ms] [WARNING] The powerPreference option is currently ignored when calling requestAdapter() on Windows. See https://crbug.com/369219127 @ :0
[   27383ms] [WARNING] The powerPreference option is currently ignored when calling requestAdapter() on Windows. See https://crbug.com/369219127 @ :0
[   27582ms] [WARNING] The powerPreference option is currently ignored when calling requestAdapter() on Windows. See https://crbug.com/369219127 @ :0
[   27613ms] [WARNING] The powerPreference option is currently ignored when calling requestAdapter() on Windows. See https://crbug.com/369219127 @ :0
[   27630ms] [WARNING] The powerPreference option is currently ignored when calling requestAdapter() on Windows. See https://crbug.com/369219127 @ :0
[   27644ms] [WARNING] The powerPreference option is currently ignored when calling requestAdapter() on Windows. See https://crbug.com/369219127 @ :0
[   27660ms] [WARNING] The powerPreference option is currently ignored when calling requestAdapter() on Windows. See https://crbug.com/369219127 @ :0
[   27675ms] [WARNING] The powerPreference option is currently ignored when calling requestAdapter() on Windows. See https://crbug.com/369219127 @ :0
[   27708ms] [WARNING] The powerPreference option is currently ignored when calling requestAdapter() on Windows. See https://crbug.com/369219127 @ :0
[   27724ms] [WARNING] The powerPreference option is currently ignored when calling requestAdapter() on Windows. See https://crbug.com/369219127 @ :0
[   27767ms] [WARNING] The powerPreference option is currently ignored when calling requestAdapter() on Windows. See https://crbug.com/369219127 @ :0
[   27781ms] [WARNING] The powerPreference option is currently ignored when calling requestAdapter() on Windows. See https://crbug.com/369219127 @ :0
[   27801ms] [WARNING] The powerPreference option is currently ignored when calling requestAdapter() on Windows. See https://crbug.com/369219127 @ :0
[   27835ms] [WARNING] The powerPreference option is currently ignored when calling requestAdapter() on Windows. See https://crbug.com/369219127 @ :0
[   45570ms] [WARNING] The powerPreference option is currently ignored when calling requestAdapter() on Windows. See https://crbug.com/369219127 @ :0
[   67128ms] [WARNING] The powerPreference option is currently ignored when calling requestAdapter() on Windows. See https://crbug.com/369219127 @ :0
[   89283ms] [WARNING] The powerPreference option is currently ignored when calling requestAdapter() on Windows. See https://crbug.com/369219127 @ :0
[   91878ms] [WARNING] The powerPreference option is currently ignored when calling requestAdapter() on Windows. See https://crbug.com/369219127 @ :0
[   92870ms] [WARNING] The powerPreference option is currently ignored when calling requestAdapter() on Windows. See https://crbug.com/369219127 @ :0
[   92942ms] [WARNING] The powerPreference option is currently ignored when calling requestAdapter() on Windows. See https://crbug.com/369219127 @ :0
[   92973ms] [WARNING] The powerPreference option is currently ignored when calling requestAdapter() on Windows. See https://crbug.com/369219127 @ :0
[   93024ms] [WARNING] The powerPreference option is currently ignored when calling requestAdapter() on Windows. See https://crbug.com/369219127 @ :0
[   93044ms] [WARNING] The powerPreference option is currently ignored when calling requestAdapter() on Windows. See https://crbug.com/369219127 @ :0
[  113878ms] [WARNING] The powerPreference option is currently ignored when calling requestAdapter() on Windows. See https://crbug.com/369219127 @ :0
[  114104ms] [WARNING] The powerPreference option is currently ignored when calling requestAdapter() on Windows. See https://crbug.com/369219127 @ :0
[  114183ms] [WARNING] The powerPreference option is currently ignored when calling requestAdapter() on Windows. See https://crbug.com/369219127 @ :0
[  114203ms] [WARNING] The powerPreference option is currently ignored when calling requestAdapter() on Windows. See https://crbug.com/369219127 @ :0
[  114223ms] [WARNING] The powerPreference option is currently ignored when calling requestAdapter() on Windows. See https://crbug.com/369219127 @ :0
[  164059ms] [WARNING] The powerPreference option is currently ignored when calling requestAdapter() on Windows. See https://crbug.com/369219127 @ :0
[  168287ms] [WARNING] The powerPreference option is currently ignored when calling requestAdapter() on Windows. See https://crbug.com/369219127 @ :0
[  185632ms] [ERROR] Permissions policy violation: compute-pressure is not allowed in this document. @ https://www.youtube.com/s/player/4fd832e7/player_embed_es6.vflset/en_GB/base.js:5401
[  192695ms] [WARNING] The powerPreference option is currently ignored when calling requestAdapter() on Windows. See https://crbug.com/369219127 @ :0
[  192904ms] [WARNING] The powerPreference option is currently ignored when calling requestAdapter() on Windows. See https://crbug.com/369219127 @ :0
[  194930ms] [WARNING] The powerPreference option is currently ignored when calling requestAdapter() on Windows. See https://crbug.com/369219127 @ :0
[  194950ms] [WARNING] The powerPreference option is currently ignored when calling requestAdapter() on Windows. See https://crbug.com/369219127 @ :0
[  194970ms] [WARNING] The powerPreference option is currently ignored when calling requestAdapter() on Windows. See https://crbug.com/369219127 @ :0
[  199608ms] [ERROR] Permissions policy violation: compute-pressure is not allowed in this document. @ https://www.youtube.com/s/player/4fd832e7/player_embed_es6.vflset/en_GB/base.js:5401
[  203021ms] [ERROR] Permissions policy violation: compute-pressure is not allowed in this document. @ https://www.youtube.com/s/player/4fd832e7/player_embed_es6.vflset/en_GB/base.js:5401
[  203037ms] [ERROR] Permissions policy violation: compute-pressure is not allowed in this document. @ https://www.youtube.com/s/player/4fd832e7/player_embed_es6.vflset/en_GB/base.js:5401
[  208545ms] [WARNING] The powerPreference option is currently ignored when calling requestAdapter() on Windows. See https://crbug.com/369219127 @ :0
[  210008ms] [WARNING] The powerPreference option is currently ignored when calling requestAdapter() on Windows. See https://crbug.com/369219127 @ :0
[  210484ms] [WARNING] The powerPreference option is currently ignored when calling requestAdapter() on Windows. See https://crbug.com/369219127 @ :0
[  210578ms] [WARNING] The powerPreference option is currently ignored when calling requestAdapter() on Windows. See https://crbug.com/369219127 @ :0
[  210602ms] [WARNING] The powerPreference option is currently ignored when calling requestAdapter() on Windows. See https://crbug.com/369219127 @ :0
[  210625ms] [WARNING] The powerPreference option is currently ignored when calling requestAdapter() on Windows. See https://crbug.com/369219127 @ :0
[  210703ms] [WARNING] The powerPreference option is currently ignored when calling requestAdapter() on Windows. See https://crbug.com/369219127 @ :0
[  236263ms] [WARNING] The powerPreference option is currently ignored when calling requestAdapter() on Windows. See https://crbug.com/369219127 @ :0
[  236508ms] [WARNING] The powerPreference option is currently ignored when calling requestAdapter() on Windows. See https://crbug.com/369219127 @ :0
[  236550ms] [WARNING] The powerPreference option is currently ignored when calling requestAdapter() on Windows. See https://crbug.com/369219127 @ :0
[  236566ms] [WARNING] The powerPreference option is currently ignored when calling requestAdapter() on Windows. See https://crbug.com/369219127 @ :0
[  236711ms] [WARNING] The powerPreference option is currently ignored when calling requestAdapter() on Windows. See https://crbug.com/369219127 @ :0
[  359732ms] [ERROR] Permissions policy violation: compute-pressure is not allowed in this document. @ https://www.youtube.com/s/player/4fd832e7/player_embed_es6.vflset/en_GB/base.js:5401
[  412240ms] [WARNING] The powerPreference option is currently ignored when calling requestAdapter() on Windows. See https://crbug.com/369219127 @ :0
[  413246ms] [WARNING] The powerPreference option is currently ignored when calling requestAdapter() on Windows. See https://crbug.com/369219127 @ :0
[  414264ms] [WARNING] The powerPreference option is currently ignored when calling requestAdapter() on Windows. See https://crbug.com/369219127 @ :0
[  418318ms] [WARNING] The powerPreference option is currently ignored when calling requestAdapter() on Windows. See https://crbug.com/369219127 @ :0
[  419346ms] [WARNING] The powerPreference option is currently ignored when calling requestAdapter() on Windows. See https://crbug.com/369219127 @ :0
[  435547ms] [WARNING] The powerPreference option is currently ignored when calling requestAdapter() on Windows. See https://crbug.com/369219127 @ :0
[  436563ms] [WARNING] The powerPreference option is currently ignored when calling requestAdapter() on Windows. See https://crbug.com/369219127 @ :0
[  436582ms] [WARNING] The powerPreference option is currently ignored when calling requestAdapter() on Windows. See https://crbug.com/369219127 @ :0
[  438576ms] [WARNING] The powerPreference option is currently ignored when calling requestAdapter() on Windows. See https://crbug.com/369219127 @ :0
[  438661ms] [WARNING] The powerPreference option is currently ignored when calling requestAdapter() on Windows. See https://crbug.com/369219127 @ :0
[  443656ms] [WARNING] The powerPreference option is currently ignored when calling requestAdapter() on Windows. See https://crbug.com/369219127 @ :0
[  443670ms] [WARNING] The powerPreference option is currently ignored when calling requestAdapter() on Windows. See https://crbug.com/369219127 @ :0
[   26431ms] [WARNING] The powerPreference option is currently ignored when calling requestAdapter() on Windows. See https://crbug.com/369219127 @ :0
[   27383ms] [WARNING] The powerPreference option is currently ignored when calling requestAdapter() on Windows. See https://crbug.com/369219127 @ :0
[   27582ms] [WARNING] The powerPreference option is currently ignored when calling requestAdapter() on Windows. See https://crbug.com/369219127 @ :0
[   27613ms] [WARNING] The powerPreference option is currently ignored when calling requestAdapter() on Windows. See https://crbug.com/369219127 @ :0
[   27630ms] [WARNING] The powerPreference option is currently ignored when calling requestAdapter() on Windows. See https://crbug.com/369219127 @ :0
[   27644ms] [WARNING] The powerPreference option is currently ignored when calling requestAdapter() on Windows. See https://crbug.com/369219127 @ :0
[   27660ms] [WARNING] The powerPreference option is currently ignored when calling requestAdapter() on Windows. See https://crbug.com/369219127 @ :0
[   27675ms] [WARNING] The powerPreference option is currently ignored when calling requestAdapter() on Windows. See https://crbug.com/369219127 @ :0
[   27708ms] [WARNING] The powerPreference option is currently ignored when calling requestAdapter() on Windows. See https://crbug.com/369219127 @ :0
[   27724ms] [WARNING] The powerPreference option is currently ignored when calling requestAdapter() on Windows. See https://crbug.com/369219127 @ :0
[   27767ms] [WARNING] The powerPreference option is currently ignored when calling requestAdapter() on Windows. See https://crbug.com/369219127 @ :0
[   27781ms] [WARNING] The powerPreference option is currently ignored when calling requestAdapter() on Windows. See https://crbug.com/369219127 @ :0
[   27801ms] [WARNING] The powerPreference option is currently ignored when calling requestAdapter() on Windows. See https://crbug.com/369219127 @ :0
[   27835ms] [WARNING] The powerPreference option is currently ignored when calling requestAdapter() on Windows. See https://crbug.com/369219127 @ :0
[   45570ms] [WARNING] The powerPreference option is currently ignored when calling requestAdapter() on Windows. See https://crbug.com/369219127 @ :0
[   67128ms] [WARNING] The powerPreference option is currently ignored when calling requestAdapter() on Windows. See https://crbug.com/369219127 @ :0
[   89283ms] [WARNING] The powerPreference option is currently ignored when calling requestAdapter() on Windows. See https://crbug.com/369219127 @ :0
[   91878ms] [WARNING] The powerPreference option is currently ignored when calling requestAdapter() on Windows. See https://crbug.com/369219127 @ :0
[   92870ms] [WARNING] The powerPreference option is currently ignored when calling requestAdapter() on Windows. See https://crbug.com/369219127 @ :0
[   92942ms] [WARNING] The powerPreference option is currently ignored when calling requestAdapter() on Windows. See https://crbug.com/369219127 @ :0
[   92973ms] [WARNING] The powerPreference option is currently ignored when calling requestAdapter() on Windows. See https://crbug.com/369219127 @ :0
[   93024ms] [WARNING] The powerPreference option is currently ignored when calling requestAdapter() on Windows. See https://crbug.com/369219127 @ :0
[   93044ms] [WARNING] The powerPreference option is currently ignored when calling requestAdapter() on Windows. See https://crbug.com/369219127 @ :0
[  113878ms] [WARNING] The powerPreference option is currently ignored when calling requestAdapter() on Windows. See https://crbug.com/369219127 @ :0
[  114104ms] [WARNING] The powerPreference option is currently ignored when calling requestAdapter() on Windows. See https://crbug.com/369219127 @ :0
[  114183ms] [WARNING] The powerPreference option is currently ignored when calling requestAdapter() on Windows. See https://crbug.com/369219127 @ :0
[  114203ms] [WARNING] The powerPreference option is currently ignored when calling requestAdapter() on Windows. See https://crbug.com/369219127 @ :0
[  114223ms] [WARNING] The powerPreference option is currently ignored when calling requestAdapter() on Windows. See https://crbug.com/369219127 @ :0
[  164059ms] [WARNING] The powerPreference option is currently ignored when calling requestAdapter() on Windows. See https://crbug.com/369219127 @ :0
[  168287ms] [WARNING] The powerPreference option is currently ignored when calling requestAdapter() on Windows. See https://crbug.com/369219127 @ :0
[  185632ms] [ERROR] Permissions policy violation: compute-pressure is not allowed in this document. @ https://www.youtube.com/s/player/4fd832e7/player_embed_es6.vflset/en_GB/base.js:5401
[  192695ms] [WARNING] The powerPreference option is currently ignored when calling requestAdapter() on Windows. See https://crbug.com/369219127 @ :0
[  192904ms] [WARNING] The powerPreference option is currently ignored when calling requestAdapter() on Windows. See https://crbug.com/369219127 @ :0
[  194930ms] [WARNING] The powerPreference option is currently ignored when calling requestAdapter() on Windows. See https://crbug.com/369219127 @ :0
[  194950ms] [WARNING] The powerPreference option is currently ignored when calling requestAdapter() on Windows. See https://crbug.com/369219127 @ :0
[  194970ms] [WARNING] The powerPreference option is currently ignored when calling requestAdapter() on Windows. See https://crbug.com/369219127 @ :0
[  199608ms] [ERROR] Permissions policy violation: compute-pressure is not allowed in this document. @ https://www.youtube.com/s/player/4fd832e7/player_embed_es6.vflset/en_GB/base.js:5401
[  203021ms] [ERROR] Permissions policy violation: compute-pressure is not allowed in this document. @ https://www.youtube.com/s/player/4fd832e7/player_embed_es6.vflset/en_GB/base.js:5401
[  203037ms] [ERROR] Permissions policy violation: compute-pressure is not allowed in this document. @ https://www.youtube.com/s/player/4fd832e7/player_embed_es6.vflset/en_GB/base.js:5401
[  208545ms] [WARNING] The powerPreference option is currently ignored when calling requestAdapter() on Windows. See https://crbug.com/369219127 @ :0
[  210008ms] [WARNING] The powerPreference option is currently ignored when calling requestAdapter() on Windows. See https://crbug.com/369219127 @ :0
[  210484ms] [WARNING] The powerPreference option is currently ignored when calling requestAdapter() on Windows. See https://crbug.com/369219127 @ :0
[  210578ms] [WARNING] The powerPreference option is currently ignored when calling requestAdapter() on Windows. See https://crbug.com/369219127 @ :0
[  210602ms] [WARNING] The powerPreference option is currently ignored when calling requestAdapter() on Windows. See https://crbug.com/369219127 @ :0
[  210625ms] [WARNING] The powerPreference option is currently ignored when calling requestAdapter() on Windows. See https://crbug.com/369219127 @ :0
[  210703ms] [WARNING] The powerPreference option is currently ignored when calling requestAdapter() on Windows. See https://crbug.com/369219127 @ :0
[  236263ms] [WARNING] The powerPreference option is currently ignored when calling requestAdapter() on Windows. See https://crbug.com/369219127 @ :0
[  236508ms] [WARNING] The powerPreference option is currently ignored when calling requestAdapter() on Windows. See https://crbug.com/369219127 @ :0
[  236550ms] [WARNING] The powerPreference option is currently ignored when calling requestAdapter() on Windows. See https://crbug.com/369219127 @ :0
[  236566ms] [WARNING] The powerPreference option is currently ignored when calling requestAdapter() on Windows. See https://crbug.com/369219127 @ :0
[  236711ms] [WARNING] The powerPreference option is currently ignored when calling requestAdapter() on Windows. See https://crbug.com/369219127 @ :0
[  359732ms] [ERROR] Permissions policy violation: compute-pressure is not allowed in this document. @ https://www.youtube.com/s/player/4fd832e7/player_embed_es6.vflset/en_GB/base.js:5401
[  412240ms] [WARNING] The powerPreference option is currently ignored when calling requestAdapter() on Windows. See https://crbug.com/369219127 @ :0
[  413246ms] [WARNING] The powerPreference option is currently ignored when calling requestAdapter() on Windows. See https://crbug.com/369219127 @ :0
[  414264ms] [WARNING] The powerPreference option is currently ignored when calling requestAdapter() on Windows. See https://crbug.com/369219127 @ :0
[  418318ms] [WARNING] The powerPreference option is currently ignored when calling requestAdapter() on Windows. See https://crbug.com/369219127 @ :0
[  419346ms] [WARNING] The powerPreference option is currently ignored when calling requestAdapter() on Windows. See https://crbug.com/369219127 @ :0
[  435547ms] [WARNING] The powerPreference option is currently ignored when calling requestAdapter() on Windows. See https://crbug.com/369219127 @ :0
[  436563ms] [WARNING] The powerPreference option is currently ignored when calling requestAdapter() on Windows. See https://crbug.com/369219127 @ :0
[  436582ms] [WARNING] The powerPreference option is currently ignored when calling requestAdapter() on Windows. See https://crbug.com/369219127 @ :0
[  438576ms] [WARNING] The powerPreference option is currently ignored when calling requestAdapter() on Windows. See https://crbug.com/369219127 @ :0
[  438661ms] [WARNING] The powerPreference option is currently ignored when calling requestAdapter() on Windows. See https://crbug.com/369219127 @ :0
[  443656ms] [WARNING] The powerPreference option is currently ignored when calling requestAdapter() on Windows. See https://crbug.com/369219127 @ :0
[  443670ms] [WARNING] The powerPreference option is currently ignored when calling requestAdapter() on Windows. See https://crbug.com/369219127 @ :0
[  447473ms] [WARNING] The powerPreference option is currently ignored when calling requestAdapter() on Windows. See https://crbug.com/369219127 @ :0
[  448486ms] [WARNING] The powerPreference option is currently ignored when calling requestAdapter() on Windows. See https://crbug.com/369219127 @ :0
[   26431ms] [WARNING] The powerPreference option is currently ignored when calling requestAdapter() on Windows. See https://crbug.com/369219127 @ :0
[   27383ms] [WARNING] The powerPreference option is currently ignored when calling requestAdapter() on Windows. See https://crbug.com/369219127 @ :0
[   27582ms] [WARNING] The powerPreference option is currently ignored when calling requestAdapter() on Windows. See https://crbug.com/369219127 @ :0
[   27613ms] [WARNING] The powerPreference option is currently ignored when calling requestAdapter() on Windows. See https://crbug.com/369219127 @ :0
[   27630ms] [WARNING] The powerPreference option is currently ignored when calling requestAdapter() on Windows. See https://crbug.com/369219127 @ :0
[   27644ms] [WARNING] The powerPreference option is currently ignored when calling requestAdapter() on Windows. See https://crbug.com/369219127 @ :0
[   27660ms] [WARNING] The powerPreference option is currently ignored when calling requestAdapter() on Windows. See https://crbug.com/369219127 @ :0
[   27675ms] [WARNING] The powerPreference option is currently ignored when calling requestAdapter() on Windows. See https://crbug.com/369219127 @ :0
[   27708ms] [WARNING] The powerPreference option is currently ignored when calling requestAdapter() on Windows. See https://crbug.com/369219127 @ :0
[   27724ms] [WARNING] The powerPreference option is currently ignored when calling requestAdapter() on Windows. See https://crbug.com/369219127 @ :0
[   27767ms] [WARNING] The powerPreference option is currently ignored when calling requestAdapter() on Windows. See https://crbug.com/369219127 @ :0
[   27781ms] [WARNING] The powerPreference option is currently ignored when calling requestAdapter() on Windows. See https://crbug.com/369219127 @ :0
[   27801ms] [WARNING] The powerPreference option is currently ignored when calling requestAdapter() on Windows. See https://crbug.com/369219127 @ :0
[   27835ms] [WARNING] The powerPreference option is currently ignored when calling requestAdapter() on Windows. See https://crbug.com/369219127 @ :0
[   45570ms] [WARNING] The powerPreference option is currently ignored when calling requestAdapter() on Windows. See https://crbug.com/369219127 @ :0
[   67128ms] [WARNING] The powerPreference option is currently ignored when calling requestAdapter() on Windows. See https://crbug.com/369219127 @ :0
[   89283ms] [WARNING] The powerPreference option is currently ignored when calling requestAdapter() on Windows. See https://crbug.com/369219127 @ :0
[   91878ms] [WARNING] The powerPreference option is currently ignored when calling requestAdapter() on Windows. See https://crbug.com/369219127 @ :0
[   92870ms] [WARNING] The powerPreference option is currently ignored when calling requestAdapter() on Windows. See https://crbug.com/369219127 @ :0
[   92942ms] [WARNING] The powerPreference option is currently ignored when calling requestAdapter() on Windows. See https://crbug.com/369219127 @ :0
[   92973ms] [WARNING] The powerPreference option is currently ignored when calling requestAdapter() on Windows. See https://crbug.com/369219127 @ :0
[   93024ms] [WARNING] The powerPreference option is currently ignored when calling requestAdapter() on Windows. See https://crbug.com/369219127 @ :0
[   93044ms] [WARNING] The powerPreference option is currently ignored when calling requestAdapter() on Windows. See https://crbug.com/369219127 @ :0
[  113878ms] [WARNING] The powerPreference option is currently ignored when calling requestAdapter() on Windows. See https://crbug.com/369219127 @ :0
[  114104ms] [WARNING] The powerPreference option is currently ignored when calling requestAdapter() on Windows. See https://crbug.com/369219127 @ :0
[  114183ms] [WARNING] The powerPreference option is currently ignored when calling requestAdapter() on Windows. See https://crbug.com/369219127 @ :0
[  114203ms] [WARNING] The powerPreference option is currently ignored when calling requestAdapter() on Windows. See https://crbug.com/369219127 @ :0
[  114223ms] [WARNING] The powerPreference option is currently ignored when calling requestAdapter() on Windows. See https://crbug.com/369219127 @ :0
[  164059ms] [WARNING] The powerPreference option is currently ignored when calling requestAdapter() on Windows. See https://crbug.com/369219127 @ :0
[  168287ms] [WARNING] The powerPreference option is currently ignored when calling requestAdapter() on Windows. See https://crbug.com/369219127 @ :0
[  185632ms] [ERROR] Permissions policy violation: compute-pressure is not allowed in this document. @ https://www.youtube.com/s/player/4fd832e7/player_embed_es6.vflset/en_GB/base.js:5401
[  192695ms] [WARNING] The powerPreference option is currently ignored when calling requestAdapter() on Windows. See https://crbug.com/369219127 @ :0
[  192904ms] [WARNING] The powerPreference option is currently ignored when calling requestAdapter() on Windows. See https://crbug.com/369219127 @ :0
[  194930ms] [WARNING] The powerPreference option is currently ignored when calling requestAdapter() on Windows. See https://crbug.com/369219127 @ :0
[  194950ms] [WARNING] The powerPreference option is currently ignored when calling requestAdapter() on Windows. See https://crbug.com/369219127 @ :0
[  194970ms] [WARNING] The powerPreference option is currently ignored when calling requestAdapter() on Windows. See https://crbug.com/369219127 @ :0
[  199608ms] [ERROR] Permissions policy violation: compute-pressure is not allowed in this document. @ https://www.youtube.com/s/player/4fd832e7/player_embed_es6.vflset/en_GB/base.js:5401
[  203021ms] [ERROR] Permissions policy violation: compute-pressure is not allowed in this document. @ https://www.youtube.com/s/player/4fd832e7/player_embed_es6.vflset/en_GB/base.js:5401
[  203037ms] [ERROR] Permissions policy violation: compute-pressure is not allowed in this document. @ https://www.youtube.com/s/player/4fd832e7/player_embed_es6.vflset/en_GB/base.js:5401
[  208545ms] [WARNING] The powerPreference option is currently ignored when calling requestAdapter() on Windows. See https://crbug.com/369219127 @ :0
[  210008ms] [WARNING] The powerPreference option is currently ignored when calling requestAdapter() on Windows. See https://crbug.com/369219127 @ :0
[  210484ms] [WARNING] The powerPreference option is currently ignored when calling requestAdapter() on Windows. See https://crbug.com/369219127 @ :0
[  210578ms] [WARNING] The powerPreference option is currently ignored when calling requestAdapter() on Windows. See https://crbug.com/369219127 @ :0
[  210602ms] [WARNING] The powerPreference option is currently ignored when calling requestAdapter() on Windows. See https://crbug.com/369219127 @ :0
[  210625ms] [WARNING] The powerPreference option is currently ignored when calling requestAdapter() on Windows. See https://crbug.com/369219127 @ :0
[  210703ms] [WARNING] The powerPreference option is currently ignored when calling requestAdapter() on Windows. See https://crbug.com/369219127 @ :0
[  236263ms] [WARNING] The powerPreference option is currently ignored when calling requestAdapter() on Windows. See https://crbug.com/369219127 @ :0
[  236508ms] [WARNING] The powerPreference option is currently ignored when calling requestAdapter() on Windows. See https://crbug.com/369219127 @ :0
[  236550ms] [WARNING] The powerPreference option is currently ignored when calling requestAdapter() on Windows. See https://crbug.com/369219127 @ :0
[  236566ms] [WARNING] The powerPreference option is currently ignored when calling requestAdapter() on Windows. See https://crbug.com/369219127 @ :0
[  236711ms] [WARNING] The powerPreference option is currently ignored when calling requestAdapter() on Windows. See https://crbug.com/369219127 @ :0
[  359732ms] [ERROR] Permissions policy violation: compute-pressure is not allowed in this document. @ https://www.youtube.com/s/player/4fd832e7/player_embed_es6.vflset/en_GB/base.js:5401
[  412240ms] [WARNING] The powerPreference option is currently ignored when calling requestAdapter() on Windows. See https://crbug.com/369219127 @ :0
[  413246ms] [WARNING] The powerPreference option is currently ignored when calling requestAdapter() on Windows. See https://crbug.com/369219127 @ :0
[  414264ms] [WARNING] The powerPreference option is currently ignored when calling requestAdapter() on Windows. See https://crbug.com/369219127 @ :0
[  418318ms] [WARNING] The powerPreference option is currently ignored when calling requestAdapter() on Windows. See https://crbug.com/369219127 @ :0
[  419346ms] [WARNING] The powerPreference option is currently ignored when calling requestAdapter() on Windows. See https://crbug.com/369219127 @ :0
[  435547ms] [WARNING] The powerPreference option is currently ignored when calling requestAdapter() on Windows. See https://crbug.com/369219127 @ :0
[  436563ms] [WARNING] The powerPreference option is currently ignored when calling requestAdapter() on Windows. See https://crbug.com/369219127 @ :0
[  436582ms] [WARNING] The powerPreference option is currently ignored when calling requestAdapter() on Windows. See https://crbug.com/369219127 @ :0
[  438576ms] [WARNING] The powerPreference option is currently ignored when calling requestAdapter() on Windows. See https://crbug.com/369219127 @ :0
[  438661ms] [WARNING] The powerPreference option is currently ignored when calling requestAdapter() on Windows. See https://crbug.com/369219127 @ :0
[  443656ms] [WARNING] The powerPreference option is currently ignored when calling requestAdapter() on Windows. See https://crbug.com/369219127 @ :0
[  443670ms] [WARNING] The powerPreference option is currently ignored when calling requestAdapter() on Windows. See https://crbug.com/369219127 @ :0
[  447473ms] [WARNING] The powerPreference option is currently ignored when calling requestAdapter() on Windows. See https://crbug.com/369219127 @ :0
[  448486ms] [WARNING] The powerPreference option is currently ignored when calling requestAdapter() on Windows. See https://crbug.com/369219127 @ :0
[  464979ms] [ERROR] Permissions policy violation: compute-pressure is not allowed in this document. @ https://www.youtube.com/s/player/4fd832e7/player_embed_es6.vflset/en_GB/base.js:5401
[  469736ms] [WARNING] The powerPreference option is currently ignored when calling requestAdapter() on Windows. See https://crbug.com/369219127 @ :0
[   26431ms] [WARNING] The powerPreference option is currently ignored when calling requestAdapter() on Windows. See https://crbug.com/369219127 @ :0
[   27383ms] [WARNING] The powerPreference option is currently ignored when calling requestAdapter() on Windows. See https://crbug.com/369219127 @ :0
[   27582ms] [WARNING] The powerPreference option is currently ignored when calling requestAdapter() on Windows. See https://crbug.com/369219127 @ :0
[   27613ms] [WARNING] The powerPreference option is currently ignored when calling requestAdapter() on Windows. See https://crbug.com/369219127 @ :0
[   27630ms] [WARNING] The powerPreference option is currently ignored when calling requestAdapter() on Windows. See https://crbug.com/369219127 @ :0
[   27644ms] [WARNING] The powerPreference option is currently ignored when calling requestAdapter() on Windows. See https://crbug.com/369219127 @ :0
[   27660ms] [WARNING] The powerPreference option is currently ignored when calling requestAdapter() on Windows. See https://crbug.com/369219127 @ :0
[   27675ms] [WARNING] The powerPreference option is currently ignored when calling requestAdapter() on Windows. See https://crbug.com/369219127 @ :0
[   27708ms] [WARNING] The powerPreference option is currently ignored when calling requestAdapter() on Windows. See https://crbug.com/369219127 @ :0
[   27724ms] [WARNING] The powerPreference option is currently ignored when calling requestAdapter() on Windows. See https://crbug.com/369219127 @ :0
[   27767ms] [WARNING] The powerPreference option is currently ignored when calling requestAdapter() on Windows. See https://crbug.com/369219127 @ :0
[   27781ms] [WARNING] The powerPreference option is currently ignored when calling requestAdapter() on Windows. See https://crbug.com/369219127 @ :0
[   27801ms] [WARNING] The powerPreference option is currently ignored when calling requestAdapter() on Windows. See https://crbug.com/369219127 @ :0
[   27835ms] [WARNING] The powerPreference option is currently ignored when calling requestAdapter() on Windows. See https://crbug.com/369219127 @ :0
[   45570ms] [WARNING] The powerPreference option is currently ignored when calling requestAdapter() on Windows. See https://crbug.com/369219127 @ :0
[   67128ms] [WARNING] The powerPreference option is currently ignored when calling requestAdapter() on Windows. See https://crbug.com/369219127 @ :0
[   89283ms] [WARNING] The powerPreference option is currently ignored when calling requestAdapter() on Windows. See https://crbug.com/369219127 @ :0
[   91878ms] [WARNING] The powerPreference option is currently ignored when calling requestAdapter() on Windows. See https://crbug.com/369219127 @ :0
[   92870ms] [WARNING] The powerPreference option is currently ignored when calling requestAdapter() on Windows. See https://crbug.com/369219127 @ :0
[   92942ms] [WARNING] The powerPreference option is currently ignored when calling requestAdapter() on Windows. See https://crbug.com/369219127 @ :0
[   92973ms] [WARNING] The powerPreference option is currently ignored when calling requestAdapter() on Windows. See https://crbug.com/369219127 @ :0
[   93024ms] [WARNING] The powerPreference option is currently ignored when calling requestAdapter() on Windows. See https://crbug.com/369219127 @ :0
[   93044ms] [WARNING] The powerPreference option is currently ignored when calling requestAdapter() on Windows. See https://crbug.com/369219127 @ :0
[  113878ms] [WARNING] The powerPreference option is currently ignored when calling requestAdapter() on Windows. See https://crbug.com/369219127 @ :0
[  114104ms] [WARNING] The powerPreference option is currently ignored when calling requestAdapter() on Windows. See https://crbug.com/369219127 @ :0
[  114183ms] [WARNING] The powerPreference option is currently ignored when calling requestAdapter() on Windows. See https://crbug.com/369219127 @ :0
[  114203ms] [WARNING] The powerPreference option is currently ignored when calling requestAdapter() on Windows. See https://crbug.com/369219127 @ :0
[  114223ms] [WARNING] The powerPreference option is currently ignored when calling requestAdapter() on Windows. See https://crbug.com/369219127 @ :0
[  164059ms] [WARNING] The powerPreference option is currently ignored when calling requestAdapter() on Windows. See https://crbug.com/369219127 @ :0
[  168287ms] [WARNING] The powerPreference option is currently ignored when calling requestAdapter() on Windows. See https://crbug.com/369219127 @ :0
[  185632ms] [ERROR] Permissions policy violation: compute-pressure is not allowed in this document. @ https://www.youtube.com/s/player/4fd832e7/player_embed_es6.vflset/en_GB/base.js:5401
[  192695ms] [WARNING] The powerPreference option is currently ignored when calling requestAdapter() on Windows. See https://crbug.com/369219127 @ :0
[  192904ms] [WARNING] The powerPreference option is currently ignored when calling requestAdapter() on Windows. See https://crbug.com/369219127 @ :0
[  194930ms] [WARNING] The powerPreference option is currently ignored when calling requestAdapter() on Windows. See https://crbug.com/369219127 @ :0
[  194950ms] [WARNING] The powerPreference option is currently ignored when calling requestAdapter() on Windows. See https://crbug.com/369219127 @ :0
[  194970ms] [WARNING] The powerPreference option is currently ignored when calling requestAdapter() on Windows. See https://crbug.com/369219127 @ :0
[  199608ms] [ERROR] Permissions policy violation: compute-pressure is not allowed in this document. @ https://www.youtube.com/s/player/4fd832e7/player_embed_es6.vflset/en_GB/base.js:5401
[  203021ms] [ERROR] Permissions policy violation: compute-pressure is not allowed in this document. @ https://www.youtube.com/s/player/4fd832e7/player_embed_es6.vflset/en_GB/base.js:5401
[  203037ms] [ERROR] Permissions policy violation: compute-pressure is not allowed in this document. @ https://www.youtube.com/s/player/4fd832e7/player_embed_es6.vflset/en_GB/base.js:5401
[  208545ms] [WARNING] The powerPreference option is currently ignored when calling requestAdapter() on Windows. See https://crbug.com/369219127 @ :0
[  210008ms] [WARNING] The powerPreference option is currently ignored when calling requestAdapter() on Windows. See https://crbug.com/369219127 @ :0
[  210484ms] [WARNING] The powerPreference option is currently ignored when calling requestAdapter() on Windows. See https://crbug.com/369219127 @ :0
[  210578ms] [WARNING] The powerPreference option is currently ignored when calling requestAdapter() on Windows. See https://crbug.com/369219127 @ :0
[  210602ms] [WARNING] The powerPreference option is currently ignored when calling requestAdapter() on Windows. See https://crbug.com/369219127 @ :0
[  210625ms] [WARNING] The powerPreference option is currently ignored when calling requestAdapter() on Windows. See https://crbug.com/369219127 @ :0
[  210703ms] [WARNING] The powerPreference option is currently ignored when calling requestAdapter() on Windows. See https://crbug.com/369219127 @ :0
[  236263ms] [WARNING] The powerPreference option is currently ignored when calling requestAdapter() on Windows. See https://crbug.com/369219127 @ :0
[  236508ms] [WARNING] The powerPreference option is currently ignored when calling requestAdapter() on Windows. See https://crbug.com/369219127 @ :0
[  236550ms] [WARNING] The powerPreference option is currently ignored when calling requestAdapter() on Windows. See https://crbug.com/369219127 @ :0
[  236566ms] [WARNING] The powerPreference option is currently ignored when calling requestAdapter() on Windows. See https://crbug.com/369219127 @ :0
[  236711ms] [WARNING] The powerPreference option is currently ignored when calling requestAdapter() on Windows. See https://crbug.com/369219127 @ :0
[  359732ms] [ERROR] Permissions policy violation: compute-pressure is not allowed in this document. @ https://www.youtube.com/s/player/4fd832e7/player_embed_es6.vflset/en_GB/base.js:5401
[  412240ms] [WARNING] The powerPreference option is currently ignored when calling requestAdapter() on Windows. See https://crbug.com/369219127 @ :0
[  413246ms] [WARNING] The powerPreference option is currently ignored when calling requestAdapter() on Windows. See https://crbug.com/369219127 @ :0
[  414264ms] [WARNING] The powerPreference option is currently ignored when calling requestAdapter() on Windows. See https://crbug.com/369219127 @ :0
[  418318ms] [WARNING] The powerPreference option is currently ignored when calling requestAdapter() on Windows. See https://crbug.com/369219127 @ :0
[  419346ms] [WARNING] The powerPreference option is currently ignored when calling requestAdapter() on Windows. See https://crbug.com/369219127 @ :0
[  435547ms] [WARNING] The powerPreference option is currently ignored when calling requestAdapter() on Windows. See https://crbug.com/369219127 @ :0
[  436563ms] [WARNING] The powerPreference option is currently ignored when calling requestAdapter() on Windows. See https://crbug.com/369219127 @ :0
[  436582ms] [WARNING] The powerPreference option is currently ignored when calling requestAdapter() on Windows. See https://crbug.com/369219127 @ :0
[  438576ms] [WARNING] The powerPreference option is currently ignored when calling requestAdapter() on Windows. See https://crbug.com/369219127 @ :0
[  438661ms] [WARNING] The powerPreference option is currently ignored when calling requestAdapter() on Windows. See https://crbug.com/369219127 @ :0
[  443656ms] [WARNING] The powerPreference option is currently ignored when calling requestAdapter() on Windows. See https://crbug.com/369219127 @ :0
[  443670ms] [WARNING] The powerPreference option is currently ignored when calling requestAdapter() on Windows. See https://crbug.com/369219127 @ :0
[  447473ms] [WARNING] The powerPreference option is currently ignored when calling requestAdapter() on Windows. See https://crbug.com/369219127 @ :0
[  448486ms] [WARNING] The powerPreference option is currently ignored when calling requestAdapter() on Windows. See https://crbug.com/369219127 @ :0
[  464979ms] [ERROR] Permissions policy violation: compute-pressure is not allowed in this document. @ https://www.youtube.com/s/player/4fd832e7/player_embed_es6.vflset/en_GB/base.js:5401
[  469736ms] [WARNING] The powerPreference option is currently ignored when calling requestAdapter() on Windows. See https://crbug.com/369219127 @ :0
[  490158ms] [WARNING] The powerPreference option is currently ignored when calling requestAdapter() on Windows. See https://crbug.com/369219127 @ :0
[   26431ms] [WARNING] The powerPreference option is currently ignored when calling requestAdapter() on Windows. See https://crbug.com/369219127 @ :0
[   27383ms] [WARNING] The powerPreference option is currently ignored when calling requestAdapter() on Windows. See https://crbug.com/369219127 @ :0
[   27582ms] [WARNING] The powerPreference option is currently ignored when calling requestAdapter() on Windows. See https://crbug.com/369219127 @ :0
[   27613ms] [WARNING] The powerPreference option is currently ignored when calling requestAdapter() on Windows. See https://crbug.com/369219127 @ :0
[   27630ms] [WARNING] The powerPreference option is currently ignored when calling requestAdapter() on Windows. See https://crbug.com/369219127 @ :0
[   27644ms] [WARNING] The powerPreference option is currently ignored when calling requestAdapter() on Windows. See https://crbug.com/369219127 @ :0
[   27660ms] [WARNING] The powerPreference option is currently ignored when calling requestAdapter() on Windows. See https://crbug.com/369219127 @ :0
[   27675ms] [WARNING] The powerPreference option is currently ignored when calling requestAdapter() on Windows. See https://crbug.com/369219127 @ :0
[   27708ms] [WARNING] The powerPreference option is currently ignored when calling requestAdapter() on Windows. See https://crbug.com/369219127 @ :0
[   27724ms] [WARNING] The powerPreference option is currently ignored when calling requestAdapter() on Windows. See https://crbug.com/369219127 @ :0
[   27767ms] [WARNING] The powerPreference option is currently ignored when calling requestAdapter() on Windows. See https://crbug.com/369219127 @ :0
[   27781ms] [WARNING] The powerPreference option is currently ignored when calling requestAdapter() on Windows. See https://crbug.com/369219127 @ :0
[   27801ms] [WARNING] The powerPreference option is currently ignored when calling requestAdapter() on Windows. See https://crbug.com/369219127 @ :0
[   27835ms] [WARNING] The powerPreference option is currently ignored when calling requestAdapter() on Windows. See https://crbug.com/369219127 @ :0
[   45570ms] [WARNING] The powerPreference option is currently ignored when calling requestAdapter() on Windows. See https://crbug.com/369219127 @ :0
[   67128ms] [WARNING] The powerPreference option is currently ignored when calling requestAdapter() on Windows. See https://crbug.com/369219127 @ :0
[   89283ms] [WARNING] The powerPreference option is currently ignored when calling requestAdapter() on Windows. See https://crbug.com/369219127 @ :0
[   91878ms] [WARNING] The powerPreference option is currently ignored when calling requestAdapter() on Windows. See https://crbug.com/369219127 @ :0
[   92870ms] [WARNING] The powerPreference option is currently ignored when calling requestAdapter() on Windows. See https://crbug.com/369219127 @ :0
[   92942ms] [WARNING] The powerPreference option is currently ignored when calling requestAdapter() on Windows. See https://crbug.com/369219127 @ :0
[   92973ms] [WARNING] The powerPreference option is currently ignored when calling requestAdapter() on Windows. See https://crbug.com/369219127 @ :0
[   93024ms] [WARNING] The powerPreference option is currently ignored when calling requestAdapter() on Windows. See https://crbug.com/369219127 @ :0
[   93044ms] [WARNING] The powerPreference option is currently ignored when calling requestAdapter() on Windows. See https://crbug.com/369219127 @ :0
[  113878ms] [WARNING] The powerPreference option is currently ignored when calling requestAdapter() on Windows. See https://crbug.com/369219127 @ :0
[  114104ms] [WARNING] The powerPreference option is currently ignored when calling requestAdapter() on Windows. See https://crbug.com/369219127 @ :0
[  114183ms] [WARNING] The powerPreference option is currently ignored when calling requestAdapter() on Windows. See https://crbug.com/369219127 @ :0
[  114203ms] [WARNING] The powerPreference option is currently ignored when calling requestAdapter() on Windows. See https://crbug.com/369219127 @ :0
[  114223ms] [WARNING] The powerPreference option is currently ignored when calling requestAdapter() on Windows. See https://crbug.com/369219127 @ :0
[  164059ms] [WARNING] The powerPreference option is currently ignored when calling requestAdapter() on Windows. See https://crbug.com/369219127 @ :0
[  168287ms] [WARNING] The powerPreference option is currently ignored when calling requestAdapter() on Windows. See https://crbug.com/369219127 @ :0
[  185632ms] [ERROR] Permissions policy violation: compute-pressure is not allowed in this document. @ https://www.youtube.com/s/player/4fd832e7/player_embed_es6.vflset/en_GB/base.js:5401
[  192695ms] [WARNING] The powerPreference option is currently ignored when calling requestAdapter() on Windows. See https://crbug.com/369219127 @ :0
[  192904ms] [WARNING] The powerPreference option is currently ignored when calling requestAdapter() on Windows. See https://crbug.com/369219127 @ :0
[  194930ms] [WARNING] The powerPreference option is currently ignored when calling requestAdapter() on Windows. See https://crbug.com/369219127 @ :0
[  194950ms] [WARNING] The powerPreference option is currently ignored when calling requestAdapter() on Windows. See https://crbug.com/369219127 @ :0
[  194970ms] [WARNING] The powerPreference option is currently ignored when calling requestAdapter() on Windows. See https://crbug.com/369219127 @ :0
[  199608ms] [ERROR] Permissions policy violation: compute-pressure is not allowed in this document. @ https://www.youtube.com/s/player/4fd832e7/player_embed_es6.vflset/en_GB/base.js:5401
[  203021ms] [ERROR] Permissions policy violation: compute-pressure is not allowed in this document. @ https://www.youtube.com/s/player/4fd832e7/player_embed_es6.vflset/en_GB/base.js:5401
[  203037ms] [ERROR] Permissions policy violation: compute-pressure is not allowed in this document. @ https://www.youtube.com/s/player/4fd832e7/player_embed_es6.vflset/en_GB/base.js:5401
[  208545ms] [WARNING] The powerPreference option is currently ignored when calling requestAdapter() on Windows. See https://crbug.com/369219127 @ :0
[  210008ms] [WARNING] The powerPreference option is currently ignored when calling requestAdapter() on Windows. See https://crbug.com/369219127 @ :0
[  210484ms] [WARNING] The powerPreference option is currently ignored when calling requestAdapter() on Windows. See https://crbug.com/369219127 @ :0
[  210578ms] [WARNING] The powerPreference option is currently ignored when calling requestAdapter() on Windows. See https://crbug.com/369219127 @ :0
[  210602ms] [WARNING] The powerPreference option is currently ignored when calling requestAdapter() on Windows. See https://crbug.com/369219127 @ :0
[  210625ms] [WARNING] The powerPreference option is currently ignored when calling requestAdapter() on Windows. See https://crbug.com/369219127 @ :0
[  210703ms] [WARNING] The powerPreference option is currently ignored when calling requestAdapter() on Windows. See https://crbug.com/369219127 @ :0
[  236263ms] [WARNING] The powerPreference option is currently ignored when calling requestAdapter() on Windows. See https://crbug.com/369219127 @ :0
[  236508ms] [WARNING] The powerPreference option is currently ignored when calling requestAdapter() on Windows. See https://crbug.com/369219127 @ :0
[  236550ms] [WARNING] The powerPreference option is currently ignored when calling requestAdapter() on Windows. See https://crbug.com/369219127 @ :0
[  236566ms] [WARNING] The powerPreference option is currently ignored when calling requestAdapter() on Windows. See https://crbug.com/369219127 @ :0
[  236711ms] [WARNING] The powerPreference option is currently ignored when calling requestAdapter() on Windows. See https://crbug.com/369219127 @ :0
[  359732ms] [ERROR] Permissions policy violation: compute-pressure is not allowed in this document. @ https://www.youtube.com/s/player/4fd832e7/player_embed_es6.vflset/en_GB/base.js:5401
[  412240ms] [WARNING] The powerPreference option is currently ignored when calling requestAdapter() on Windows. See https://crbug.com/369219127 @ :0
[  413246ms] [WARNING] The powerPreference option is currently ignored when calling requestAdapter() on Windows. See https://crbug.com/369219127 @ :0
[  414264ms] [WARNING] The powerPreference option is currently ignored when calling requestAdapter() on Windows. See https://crbug.com/369219127 @ :0
[  418318ms] [WARNING] The powerPreference option is currently ignored when calling requestAdapter() on Windows. See https://crbug.com/369219127 @ :0
[  419346ms] [WARNING] The powerPreference option is currently ignored when calling requestAdapter() on Windows. See https://crbug.com/369219127 @ :0
[  435547ms] [WARNING] The powerPreference option is currently ignored when calling requestAdapter() on Windows. See https://crbug.com/369219127 @ :0
[  436563ms] [WARNING] The powerPreference option is currently ignored when calling requestAdapter() on Windows. See https://crbug.com/369219127 @ :0
[  436582ms] [WARNING] The powerPreference option is currently ignored when calling requestAdapter() on Windows. See https://crbug.com/369219127 @ :0
[  438576ms] [WARNING] The powerPreference option is currently ignored when calling requestAdapter() on Windows. See https://crbug.com/369219127 @ :0
[  438661ms] [WARNING] The powerPreference option is currently ignored when calling requestAdapter() on Windows. See https://crbug.com/369219127 @ :0
[  443656ms] [WARNING] The powerPreference option is currently ignored when calling requestAdapter() on Windows. See https://crbug.com/369219127 @ :0
[  443670ms] [WARNING] The powerPreference option is currently ignored when calling requestAdapter() on Windows. See https://crbug.com/369219127 @ :0
[  447473ms] [WARNING] The powerPreference option is currently ignored when calling requestAdapter() on Windows. See https://crbug.com/369219127 @ :0
[  448486ms] [WARNING] The powerPreference option is currently ignored when calling requestAdapter() on Windows. See https://crbug.com/369219127 @ :0
[  464979ms] [ERROR] Permissions policy violation: compute-pressure is not allowed in this document. @ https://www.youtube.com/s/player/4fd832e7/player_embed_es6.vflset/en_GB/base.js:5401
[  469736ms] [WARNING] The powerPreference option is currently ignored when calling requestAdapter() on Windows. See https://crbug.com/369219127 @ :0
[  490158ms] [WARNING] The powerPreference option is currently ignored when calling requestAdapter() on Windows. See https://crbug.com/369219127 @ :0
[  509308ms] [WARNING] The powerPreference option is currently ignored when calling requestAdapter() on Windows. See https://crbug.com/369219127 @ :0
[   26431ms] [WARNING] The powerPreference option is currently ignored when calling requestAdapter() on Windows. See https://crbug.com/369219127 @ :0
[   27383ms] [WARNING] The powerPreference option is currently ignored when calling requestAdapter() on Windows. See https://crbug.com/369219127 @ :0
[   27582ms] [WARNING] The powerPreference option is currently ignored when calling requestAdapter() on Windows. See https://crbug.com/369219127 @ :0
[   27613ms] [WARNING] The powerPreference option is currently ignored when calling requestAdapter() on Windows. See https://crbug.com/369219127 @ :0
[   27630ms] [WARNING] The powerPreference option is currently ignored when calling requestAdapter() on Windows. See https://crbug.com/369219127 @ :0
[   27644ms] [WARNING] The powerPreference option is currently ignored when calling requestAdapter() on Windows. See https://crbug.com/369219127 @ :0
[   27660ms] [WARNING] The powerPreference option is currently ignored when calling requestAdapter() on Windows. See https://crbug.com/369219127 @ :0
[   27675ms] [WARNING] The powerPreference option is currently ignored when calling requestAdapter() on Windows. See https://crbug.com/369219127 @ :0
[   27708ms] [WARNING] The powerPreference option is currently ignored when calling requestAdapter() on Windows. See https://crbug.com/369219127 @ :0
[   27724ms] [WARNING] The powerPreference option is currently ignored when calling requestAdapter() on Windows. See https://crbug.com/369219127 @ :0
[   27767ms] [WARNING] The powerPreference option is currently ignored when calling requestAdapter() on Windows. See https://crbug.com/369219127 @ :0
[   27781ms] [WARNING] The powerPreference option is currently ignored when calling requestAdapter() on Windows. See https://crbug.com/369219127 @ :0
[   27801ms] [WARNING] The powerPreference option is currently ignored when calling requestAdapter() on Windows. See https://crbug.com/369219127 @ :0
[   27835ms] [WARNING] The powerPreference option is currently ignored when calling requestAdapter() on Windows. See https://crbug.com/369219127 @ :0
[   45570ms] [WARNING] The powerPreference option is currently ignored when calling requestAdapter() on Windows. See https://crbug.com/369219127 @ :0
[   67128ms] [WARNING] The powerPreference option is currently ignored when calling requestAdapter() on Windows. See https://crbug.com/369219127 @ :0
[   89283ms] [WARNING] The powerPreference option is currently ignored when calling requestAdapter() on Windows. See https://crbug.com/369219127 @ :0
[   91878ms] [WARNING] The powerPreference option is currently ignored when calling requestAdapter() on Windows. See https://crbug.com/369219127 @ :0
[   92870ms] [WARNING] The powerPreference option is currently ignored when calling requestAdapter() on Windows. See https://crbug.com/369219127 @ :0
[   92942ms] [WARNING] The powerPreference option is currently ignored when calling requestAdapter() on Windows. See https://crbug.com/369219127 @ :0
[   92973ms] [WARNING] The powerPreference option is currently ignored when calling requestAdapter() on Windows. See https://crbug.com/369219127 @ :0
[   93024ms] [WARNING] The powerPreference option is currently ignored when calling requestAdapter() on Windows. See https://crbug.com/369219127 @ :0
[   93044ms] [WARNING] The powerPreference option is currently ignored when calling requestAdapter() on Windows. See https://crbug.com/369219127 @ :0
[  113878ms] [WARNING] The powerPreference option is currently ignored when calling requestAdapter() on Windows. See https://crbug.com/369219127 @ :0
[  114104ms] [WARNING] The powerPreference option is currently ignored when calling requestAdapter() on Windows. See https://crbug.com/369219127 @ :0
[  114183ms] [WARNING] The powerPreference option is currently ignored when calling requestAdapter() on Windows. See https://crbug.com/369219127 @ :0
[  114203ms] [WARNING] The powerPreference option is currently ignored when calling requestAdapter() on Windows. See https://crbug.com/369219127 @ :0
[  114223ms] [WARNING] The powerPreference option is currently ignored when calling requestAdapter() on Windows. See https://crbug.com/369219127 @ :0
[  164059ms] [WARNING] The powerPreference option is currently ignored when calling requestAdapter() on Windows. See https://crbug.com/369219127 @ :0
[  168287ms] [WARNING] The powerPreference option is currently ignored when calling requestAdapter() on Windows. See https://crbug.com/369219127 @ :0
[  185632ms] [ERROR] Permissions policy violation: compute-pressure is not allowed in this document. @ https://www.youtube.com/s/player/4fd832e7/player_embed_es6.vflset/en_GB/base.js:5401
[  192695ms] [WARNING] The powerPreference option is currently ignored when calling requestAdapter() on Windows. See https://crbug.com/369219127 @ :0
[  192904ms] [WARNING] The powerPreference option is currently ignored when calling requestAdapter() on Windows. See https://crbug.com/369219127 @ :0
[  194930ms] [WARNING] The powerPreference option is currently ignored when calling requestAdapter() on Windows. See https://crbug.com/369219127 @ :0
[  194950ms] [WARNING] The powerPreference option is currently ignored when calling requestAdapter() on Windows. See https://crbug.com/369219127 @ :0
[  194970ms] [WARNING] The powerPreference option is currently ignored when calling requestAdapter() on Windows. See https://crbug.com/369219127 @ :0
[  199608ms] [ERROR] Permissions policy violation: compute-pressure is not allowed in this document. @ https://www.youtube.com/s/player/4fd832e7/player_embed_es6.vflset/en_GB/base.js:5401
[  203021ms] [ERROR] Permissions policy violation: compute-pressure is not allowed in this document. @ https://www.youtube.com/s/player/4fd832e7/player_embed_es6.vflset/en_GB/base.js:5401
[  203037ms] [ERROR] Permissions policy violation: compute-pressure is not allowed in this document. @ https://www.youtube.com/s/player/4fd832e7/player_embed_es6.vflset/en_GB/base.js:5401
[  208545ms] [WARNING] The powerPreference option is currently ignored when calling requestAdapter() on Windows. See https://crbug.com/369219127 @ :0
[  210008ms] [WARNING] The powerPreference option is currently ignored when calling requestAdapter() on Windows. See https://crbug.com/369219127 @ :0
[  210484ms] [WARNING] The powerPreference option is currently ignored when calling requestAdapter() on Windows. See https://crbug.com/369219127 @ :0
[  210578ms] [WARNING] The powerPreference option is currently ignored when calling requestAdapter() on Windows. See https://crbug.com/369219127 @ :0
[  210602ms] [WARNING] The powerPreference option is currently ignored when calling requestAdapter() on Windows. See https://crbug.com/369219127 @ :0
[  210625ms] [WARNING] The powerPreference option is currently ignored when calling requestAdapter() on Windows. See https://crbug.com/369219127 @ :0
[  210703ms] [WARNING] The powerPreference option is currently ignored when calling requestAdapter() on Windows. See https://crbug.com/369219127 @ :0
[  236263ms] [WARNING] The powerPreference option is currently ignored when calling requestAdapter() on Windows. See https://crbug.com/369219127 @ :0
[  236508ms] [WARNING] The powerPreference option is currently ignored when calling requestAdapter() on Windows. See https://crbug.com/369219127 @ :0
[  236550ms] [WARNING] The powerPreference option is currently ignored when calling requestAdapter() on Windows. See https://crbug.com/369219127 @ :0
[  236566ms] [WARNING] The powerPreference option is currently ignored when calling requestAdapter() on Windows. See https://crbug.com/369219127 @ :0
[  236711ms] [WARNING] The powerPreference option is currently ignored when calling requestAdapter() on Windows. See https://crbug.com/369219127 @ :0
[  359732ms] [ERROR] Permissions policy violation: compute-pressure is not allowed in this document. @ https://www.youtube.com/s/player/4fd832e7/player_embed_es6.vflset/en_GB/base.js:5401
[  412240ms] [WARNING] The powerPreference option is currently ignored when calling requestAdapter() on Windows. See https://crbug.com/369219127 @ :0
[  413246ms] [WARNING] The powerPreference option is currently ignored when calling requestAdapter() on Windows. See https://crbug.com/369219127 @ :0
[  414264ms] [WARNING] The powerPreference option is currently ignored when calling requestAdapter() on Windows. See https://crbug.com/369219127 @ :0
[  418318ms] [WARNING] The powerPreference option is currently ignored when calling requestAdapter() on Windows. See https://crbug.com/369219127 @ :0
[  419346ms] [WARNING] The powerPreference option is currently ignored when calling requestAdapter() on Windows. See https://crbug.com/369219127 @ :0
[  435547ms] [WARNING] The powerPreference option is currently ignored when calling requestAdapter() on Windows. See https://crbug.com/369219127 @ :0
[  436563ms] [WARNING] The powerPreference option is currently ignored when calling requestAdapter() on Windows. See https://crbug.com/369219127 @ :0
[  436582ms] [WARNING] The powerPreference option is currently ignored when calling requestAdapter() on Windows. See https://crbug.com/369219127 @ :0
[  438576ms] [WARNING] The powerPreference option is currently ignored when calling requestAdapter() on Windows. See https://crbug.com/369219127 @ :0
[  438661ms] [WARNING] The powerPreference option is currently ignored when calling requestAdapter() on Windows. See https://crbug.com/369219127 @ :0
[  443656ms] [WARNING] The powerPreference option is currently ignored when calling requestAdapter() on Windows. See https://crbug.com/369219127 @ :0
[  443670ms] [WARNING] The powerPreference option is currently ignored when calling requestAdapter() on Windows. See https://crbug.com/369219127 @ :0
[  447473ms] [WARNING] The powerPreference option is currently ignored when calling requestAdapter() on Windows. See https://crbug.com/369219127 @ :0
[  448486ms] [WARNING] The powerPreference option is currently ignored when calling requestAdapter() on Windows. See https://crbug.com/369219127 @ :0
[  464979ms] [ERROR] Permissions policy violation: compute-pressure is not allowed in this document. @ https://www.youtube.com/s/player/4fd832e7/player_embed_es6.vflset/en_GB/base.js:5401
[  469736ms] [WARNING] The powerPreference option is currently ignored when calling requestAdapter() on Windows. See https://crbug.com/369219127 @ :0
[  490158ms] [WARNING] The powerPreference option is currently ignored when calling requestAdapter() on Windows. See https://crbug.com/369219127 @ :0
[  509308ms] [WARNING] The powerPreference option is currently ignored when calling requestAdapter() on Windows. See https://crbug.com/369219127 @ :0
[  532109ms] [ERROR] Permissions policy violation: compute-pressure is not allowed in this document. @ https://www.youtube.com/s/player/4fd832e7/player_embed_es6.vflset/en_GB/base.js:5401
[  544170ms] [WARNING] The powerPreference option is currently ignored when calling requestAdapter() on Windows. See https://crbug.com/369219127 @ :0
[   26431ms] [WARNING] The powerPreference option is currently ignored when calling requestAdapter() on Windows. See https://crbug.com/369219127 @ :0
[   27383ms] [WARNING] The powerPreference option is currently ignored when calling requestAdapter() on Windows. See https://crbug.com/369219127 @ :0
[   27582ms] [WARNING] The powerPreference option is currently ignored when calling requestAdapter() on Windows. See https://crbug.com/369219127 @ :0
[   27613ms] [WARNING] The powerPreference option is currently ignored when calling requestAdapter() on Windows. See https://crbug.com/369219127 @ :0
[   27630ms] [WARNING] The powerPreference option is currently ignored when calling requestAdapter() on Windows. See https://crbug.com/369219127 @ :0
[   27644ms] [WARNING] The powerPreference option is currently ignored when calling requestAdapter() on Windows. See https://crbug.com/369219127 @ :0
[   27660ms] [WARNING] The powerPreference option is currently ignored when calling requestAdapter() on Windows. See https://crbug.com/369219127 @ :0
[   27675ms] [WARNING] The powerPreference option is currently ignored when calling requestAdapter() on Windows. See https://crbug.com/369219127 @ :0
[   27708ms] [WARNING] The powerPreference option is currently ignored when calling requestAdapter() on Windows. See https://crbug.com/369219127 @ :0
[   27724ms] [WARNING] The powerPreference option is currently ignored when calling requestAdapter() on Windows. See https://crbug.com/369219127 @ :0
[   27767ms] [WARNING] The powerPreference option is currently ignored when calling requestAdapter() on Windows. See https://crbug.com/369219127 @ :0
[   27781ms] [WARNING] The powerPreference option is currently ignored when calling requestAdapter() on Windows. See https://crbug.com/369219127 @ :0
[   27801ms] [WARNING] The powerPreference option is currently ignored when calling requestAdapter() on Windows. See https://crbug.com/369219127 @ :0
[   27835ms] [WARNING] The powerPreference option is currently ignored when calling requestAdapter() on Windows. See https://crbug.com/369219127 @ :0
[   45570ms] [WARNING] The powerPreference option is currently ignored when calling requestAdapter() on Windows. See https://crbug.com/369219127 @ :0
[   67128ms] [WARNING] The powerPreference option is currently ignored when calling requestAdapter() on Windows. See https://crbug.com/369219127 @ :0
[   89283ms] [WARNING] The powerPreference option is currently ignored when calling requestAdapter() on Windows. See https://crbug.com/369219127 @ :0
[   91878ms] [WARNING] The powerPreference option is currently ignored when calling requestAdapter() on Windows. See https://crbug.com/369219127 @ :0
[   92870ms] [WARNING] The powerPreference option is currently ignored when calling requestAdapter() on Windows. See https://crbug.com/369219127 @ :0
[   92942ms] [WARNING] The powerPreference option is currently ignored when calling requestAdapter() on Windows. See https://crbug.com/369219127 @ :0
[   92973ms] [WARNING] The powerPreference option is currently ignored when calling requestAdapter() on Windows. See https://crbug.com/369219127 @ :0
[   93024ms] [WARNING] The powerPreference option is currently ignored when calling requestAdapter() on Windows. See https://crbug.com/369219127 @ :0
[   93044ms] [WARNING] The powerPreference option is currently ignored when calling requestAdapter() on Windows. See https://crbug.com/369219127 @ :0
[  113878ms] [WARNING] The powerPreference option is currently ignored when calling requestAdapter() on Windows. See https://crbug.com/369219127 @ :0
[  114104ms] [WARNING] The powerPreference option is currently ignored when calling requestAdapter() on Windows. See https://crbug.com/369219127 @ :0
[  114183ms] [WARNING] The powerPreference option is currently ignored when calling requestAdapter() on Windows. See https://crbug.com/369219127 @ :0
[  114203ms] [WARNING] The powerPreference option is currently ignored when calling requestAdapter() on Windows. See https://crbug.com/369219127 @ :0
[  114223ms] [WARNING] The powerPreference option is currently ignored when calling requestAdapter() on Windows. See https://crbug.com/369219127 @ :0
[  164059ms] [WARNING] The powerPreference option is currently ignored when calling requestAdapter() on Windows. See https://crbug.com/369219127 @ :0
[  168287ms] [WARNING] The powerPreference option is currently ignored when calling requestAdapter() on Windows. See https://crbug.com/369219127 @ :0
[  185632ms] [ERROR] Permissions policy violation: compute-pressure is not allowed in this document. @ https://www.youtube.com/s/player/4fd832e7/player_embed_es6.vflset/en_GB/base.js:5401
[  192695ms] [WARNING] The powerPreference option is currently ignored when calling requestAdapter() on Windows. See https://crbug.com/369219127 @ :0
[  192904ms] [WARNING] The powerPreference option is currently ignored when calling requestAdapter() on Windows. See https://crbug.com/369219127 @ :0
[  194930ms] [WARNING] The powerPreference option is currently ignored when calling requestAdapter() on Windows. See https://crbug.com/369219127 @ :0
[  194950ms] [WARNING] The powerPreference option is currently ignored when calling requestAdapter() on Windows. See https://crbug.com/369219127 @ :0
[  194970ms] [WARNING] The powerPreference option is currently ignored when calling requestAdapter() on Windows. See https://crbug.com/369219127 @ :0
[  199608ms] [ERROR] Permissions policy violation: compute-pressure is not allowed in this document. @ https://www.youtube.com/s/player/4fd832e7/player_embed_es6.vflset/en_GB/base.js:5401
[  203021ms] [ERROR] Permissions policy violation: compute-pressure is not allowed in this document. @ https://www.youtube.com/s/player/4fd832e7/player_embed_es6.vflset/en_GB/base.js:5401
[  203037ms] [ERROR] Permissions policy violation: compute-pressure is not allowed in this document. @ https://www.youtube.com/s/player/4fd832e7/player_embed_es6.vflset/en_GB/base.js:5401
[  208545ms] [WARNING] The powerPreference option is currently ignored when calling requestAdapter() on Windows. See https://crbug.com/369219127 @ :0
[  210008ms] [WARNING] The powerPreference option is currently ignored when calling requestAdapter() on Windows. See https://crbug.com/369219127 @ :0
[  210484ms] [WARNING] The powerPreference option is currently ignored when calling requestAdapter() on Windows. See https://crbug.com/369219127 @ :0
[  210578ms] [WARNING] The powerPreference option is currently ignored when calling requestAdapter() on Windows. See https://crbug.com/369219127 @ :0
[  210602ms] [WARNING] The powerPreference option is currently ignored when calling requestAdapter() on Windows. See https://crbug.com/369219127 @ :0
[  210625ms] [WARNING] The powerPreference option is currently ignored when calling requestAdapter() on Windows. See https://crbug.com/369219127 @ :0
[  210703ms] [WARNING] The powerPreference option is currently ignored when calling requestAdapter() on Windows. See https://crbug.com/369219127 @ :0
[  236263ms] [WARNING] The powerPreference option is currently ignored when calling requestAdapter() on Windows. See https://crbug.com/369219127 @ :0
[  236508ms] [WARNING] The powerPreference option is currently ignored when calling requestAdapter() on Windows. See https://crbug.com/369219127 @ :0
[  236550ms] [WARNING] The powerPreference option is currently ignored when calling requestAdapter() on Windows. See https://crbug.com/369219127 @ :0
[  236566ms] [WARNING] The powerPreference option is currently ignored when calling requestAdapter() on Windows. See https://crbug.com/369219127 @ :0
[  236711ms] [WARNING] The powerPreference option is currently ignored when calling requestAdapter() on Windows. See https://crbug.com/369219127 @ :0
[  359732ms] [ERROR] Permissions policy violation: compute-pressure is not allowed in this document. @ https://www.youtube.com/s/player/4fd832e7/player_embed_es6.vflset/en_GB/base.js:5401
[  412240ms] [WARNING] The powerPreference option is currently ignored when calling requestAdapter() on Windows. See https://crbug.com/369219127 @ :0
[  413246ms] [WARNING] The powerPreference option is currently ignored when calling requestAdapter() on Windows. See https://crbug.com/369219127 @ :0
[  414264ms] [WARNING] The powerPreference option is currently ignored when calling requestAdapter() on Windows. See https://crbug.com/369219127 @ :0
[  418318ms] [WARNING] The powerPreference option is currently ignored when calling requestAdapter() on Windows. See https://crbug.com/369219127 @ :0
[  419346ms] [WARNING] The powerPreference option is currently ignored when calling requestAdapter() on Windows. See https://crbug.com/369219127 @ :0
[  435547ms] [WARNING] The powerPreference option is currently ignored when calling requestAdapter() on Windows. See https://crbug.com/369219127 @ :0
[  436563ms] [WARNING] The powerPreference option is currently ignored when calling requestAdapter() on Windows. See https://crbug.com/369219127 @ :0
[  436582ms] [WARNING] The powerPreference option is currently ignored when calling requestAdapter() on Windows. See https://crbug.com/369219127 @ :0
[  438576ms] [WARNING] The powerPreference option is currently ignored when calling requestAdapter() on Windows. See https://crbug.com/369219127 @ :0
[  438661ms] [WARNING] The powerPreference option is currently ignored when calling requestAdapter() on Windows. See https://crbug.com/369219127 @ :0
[  443656ms] [WARNING] The powerPreference option is currently ignored when calling requestAdapter() on Windows. See https://crbug.com/369219127 @ :0
[  443670ms] [WARNING] The powerPreference option is currently ignored when calling requestAdapter() on Windows. See https://crbug.com/369219127 @ :0
[  447473ms] [WARNING] The powerPreference option is currently ignored when calling requestAdapter() on Windows. See https://crbug.com/369219127 @ :0
[  448486ms] [WARNING] The powerPreference option is currently ignored when calling requestAdapter() on Windows. See https://crbug.com/369219127 @ :0
[  464979ms] [ERROR] Permissions policy violation: compute-pressure is not allowed in this document. @ https://www.youtube.com/s/player/4fd832e7/player_embed_es6.vflset/en_GB/base.js:5401
[  469736ms] [WARNING] The powerPreference option is currently ignored when calling requestAdapter() on Windows. See https://crbug.com/369219127 @ :0
[  490158ms] [WARNING] The powerPreference option is currently ignored when calling requestAdapter() on Windows. See https://crbug.com/369219127 @ :0
[  509308ms] [WARNING] The powerPreference option is currently ignored when calling requestAdapter() on Windows. See https://crbug.com/369219127 @ :0
[  532109ms] [ERROR] Permissions policy violation: compute-pressure is not allowed in this document. @ https://www.youtube.com/s/player/4fd832e7/player_embed_es6.vflset/en_GB/base.js:5401
[  544170ms] [WARNING] The powerPreference option is currently ignored when calling requestAdapter() on Windows. See https://crbug.com/369219127 @ :0
[  547271ms] [WARNING] The powerPreference option is currently ignored when calling requestAdapter() on Windows. See https://crbug.com/369219127 @ :0
[   26431ms] [WARNING] The powerPreference option is currently ignored when calling requestAdapter() on Windows. See https://crbug.com/369219127 @ :0
[   27383ms] [WARNING] The powerPreference option is currently ignored when calling requestAdapter() on Windows. See https://crbug.com/369219127 @ :0
[   27582ms] [WARNING] The powerPreference option is currently ignored when calling requestAdapter() on Windows. See https://crbug.com/369219127 @ :0
[   27613ms] [WARNING] The powerPreference option is currently ignored when calling requestAdapter() on Windows. See https://crbug.com/369219127 @ :0
[   27630ms] [WARNING] The powerPreference option is currently ignored when calling requestAdapter() on Windows. See https://crbug.com/369219127 @ :0
[   27644ms] [WARNING] The powerPreference option is currently ignored when calling requestAdapter() on Windows. See https://crbug.com/369219127 @ :0
[   27660ms] [WARNING] The powerPreference option is currently ignored when calling requestAdapter() on Windows. See https://crbug.com/369219127 @ :0
[   27675ms] [WARNING] The powerPreference option is currently ignored when calling requestAdapter() on Windows. See https://crbug.com/369219127 @ :0
[   27708ms] [WARNING] The powerPreference option is currently ignored when calling requestAdapter() on Windows. See https://crbug.com/369219127 @ :0
[   27724ms] [WARNING] The powerPreference option is currently ignored when calling requestAdapter() on Windows. See https://crbug.com/369219127 @ :0
[   27767ms] [WARNING] The powerPreference option is currently ignored when calling requestAdapter() on Windows. See https://crbug.com/369219127 @ :0
[   27781ms] [WARNING] The powerPreference option is currently ignored when calling requestAdapter() on Windows. See https://crbug.com/369219127 @ :0
[   27801ms] [WARNING] The powerPreference option is currently ignored when calling requestAdapter() on Windows. See https://crbug.com/369219127 @ :0
[   27835ms] [WARNING] The powerPreference option is currently ignored when calling requestAdapter() on Windows. See https://crbug.com/369219127 @ :0
[   45570ms] [WARNING] The powerPreference option is currently ignored when calling requestAdapter() on Windows. See https://crbug.com/369219127 @ :0
[   67128ms] [WARNING] The powerPreference option is currently ignored when calling requestAdapter() on Windows. See https://crbug.com/369219127 @ :0
[   89283ms] [WARNING] The powerPreference option is currently ignored when calling requestAdapter() on Windows. See https://crbug.com/369219127 @ :0
[   91878ms] [WARNING] The powerPreference option is currently ignored when calling requestAdapter() on Windows. See https://crbug.com/369219127 @ :0
[   92870ms] [WARNING] The powerPreference option is currently ignored when calling requestAdapter() on Windows. See https://crbug.com/369219127 @ :0
[   92942ms] [WARNING] The powerPreference option is currently ignored when calling requestAdapter() on Windows. See https://crbug.com/369219127 @ :0
[   92973ms] [WARNING] The powerPreference option is currently ignored when calling requestAdapter() on Windows. See https://crbug.com/369219127 @ :0
[   93024ms] [WARNING] The powerPreference option is currently ignored when calling requestAdapter() on Windows. See https://crbug.com/369219127 @ :0
[   93044ms] [WARNING] The powerPreference option is currently ignored when calling requestAdapter() on Windows. See https://crbug.com/369219127 @ :0
[  113878ms] [WARNING] The powerPreference option is currently ignored when calling requestAdapter() on Windows. See https://crbug.com/369219127 @ :0
[  114104ms] [WARNING] The powerPreference option is currently ignored when calling requestAdapter() on Windows. See https://crbug.com/369219127 @ :0
[  114183ms] [WARNING] The powerPreference option is currently ignored when calling requestAdapter() on Windows. See https://crbug.com/369219127 @ :0
[  114203ms] [WARNING] The powerPreference option is currently ignored when calling requestAdapter() on Windows. See https://crbug.com/369219127 @ :0
[  114223ms] [WARNING] The powerPreference option is currently ignored when calling requestAdapter() on Windows. See https://crbug.com/369219127 @ :0
[  164059ms] [WARNING] The powerPreference option is currently ignored when calling requestAdapter() on Windows. See https://crbug.com/369219127 @ :0
[  168287ms] [WARNING] The powerPreference option is currently ignored when calling requestAdapter() on Windows. See https://crbug.com/369219127 @ :0
[  185632ms] [ERROR] Permissions policy violation: compute-pressure is not allowed in this document. @ https://www.youtube.com/s/player/4fd832e7/player_embed_es6.vflset/en_GB/base.js:5401
[  192695ms] [WARNING] The powerPreference option is currently ignored when calling requestAdapter() on Windows. See https://crbug.com/369219127 @ :0
[  192904ms] [WARNING] The powerPreference option is currently ignored when calling requestAdapter() on Windows. See https://crbug.com/369219127 @ :0
[  194930ms] [WARNING] The powerPreference option is currently ignored when calling requestAdapter() on Windows. See https://crbug.com/369219127 @ :0
[  194950ms] [WARNING] The powerPreference option is currently ignored when calling requestAdapter() on Windows. See https://crbug.com/369219127 @ :0
[  194970ms] [WARNING] The powerPreference option is currently ignored when calling requestAdapter() on Windows. See https://crbug.com/369219127 @ :0
[  199608ms] [ERROR] Permissions policy violation: compute-pressure is not allowed in this document. @ https://www.youtube.com/s/player/4fd832e7/player_embed_es6.vflset/en_GB/base.js:5401
[  203021ms] [ERROR] Permissions policy violation: compute-pressure is not allowed in this document. @ https://www.youtube.com/s/player/4fd832e7/player_embed_es6.vflset/en_GB/base.js:5401
[  203037ms] [ERROR] Permissions policy violation: compute-pressure is not allowed in this document. @ https://www.youtube.com/s/player/4fd832e7/player_embed_es6.vflset/en_GB/base.js:5401
[  208545ms] [WARNING] The powerPreference option is currently ignored when calling requestAdapter() on Windows. See https://crbug.com/369219127 @ :0
[  210008ms] [WARNING] The powerPreference option is currently ignored when calling requestAdapter() on Windows. See https://crbug.com/369219127 @ :0
[  210484ms] [WARNING] The powerPreference option is currently ignored when calling requestAdapter() on Windows. See https://crbug.com/369219127 @ :0
[  210578ms] [WARNING] The powerPreference option is currently ignored when calling requestAdapter() on Windows. See https://crbug.com/369219127 @ :0
[  210602ms] [WARNING] The powerPreference option is currently ignored when calling requestAdapter() on Windows. See https://crbug.com/369219127 @ :0
[  210625ms] [WARNING] The powerPreference option is currently ignored when calling requestAdapter() on Windows. See https://crbug.com/369219127 @ :0
[  210703ms] [WARNING] The powerPreference option is currently ignored when calling requestAdapter() on Windows. See https://crbug.com/369219127 @ :0
[  236263ms] [WARNING] The powerPreference option is currently ignored when calling requestAdapter() on Windows. See https://crbug.com/369219127 @ :0
[  236508ms] [WARNING] The powerPreference option is currently ignored when calling requestAdapter() on Windows. See https://crbug.com/369219127 @ :0
[  236550ms] [WARNING] The powerPreference option is currently ignored when calling requestAdapter() on Windows. See https://crbug.com/369219127 @ :0
[  236566ms] [WARNING] The powerPreference option is currently ignored when calling requestAdapter() on Windows. See https://crbug.com/369219127 @ :0
[  236711ms] [WARNING] The powerPreference option is currently ignored when calling requestAdapter() on Windows. See https://crbug.com/369219127 @ :0
[  359732ms] [ERROR] Permissions policy violation: compute-pressure is not allowed in this document. @ https://www.youtube.com/s/player/4fd832e7/player_embed_es6.vflset/en_GB/base.js:5401
[  412240ms] [WARNING] The powerPreference option is currently ignored when calling requestAdapter() on Windows. See https://crbug.com/369219127 @ :0
[  413246ms] [WARNING] The powerPreference option is currently ignored when calling requestAdapter() on Windows. See https://crbug.com/369219127 @ :0
[  414264ms] [WARNING] The powerPreference option is currently ignored when calling requestAdapter() on Windows. See https://crbug.com/369219127 @ :0
[  418318ms] [WARNING] The powerPreference option is currently ignored when calling requestAdapter() on Windows. See https://crbug.com/369219127 @ :0
[  419346ms] [WARNING] The powerPreference option is currently ignored when calling requestAdapter() on Windows. See https://crbug.com/369219127 @ :0
[  435547ms] [WARNING] The powerPreference option is currently ignored when calling requestAdapter() on Windows. See https://crbug.com/369219127 @ :0
[  436563ms] [WARNING] The powerPreference option is currently ignored when calling requestAdapter() on Windows. See https://crbug.com/369219127 @ :0
[  436582ms] [WARNING] The powerPreference option is currently ignored when calling requestAdapter() on Windows. See https://crbug.com/369219127 @ :0
[  438576ms] [WARNING] The powerPreference option is currently ignored when calling requestAdapter() on Windows. See https://crbug.com/369219127 @ :0
[  438661ms] [WARNING] The powerPreference option is currently ignored when calling requestAdapter() on Windows. See https://crbug.com/369219127 @ :0
[  443656ms] [WARNING] The powerPreference option is currently ignored when calling requestAdapter() on Windows. See https://crbug.com/369219127 @ :0
[  443670ms] [WARNING] The powerPreference option is currently ignored when calling requestAdapter() on Windows. See https://crbug.com/369219127 @ :0
[  447473ms] [WARNING] The powerPreference option is currently ignored when calling requestAdapter() on Windows. See https://crbug.com/369219127 @ :0
[  448486ms] [WARNING] The powerPreference option is currently ignored when calling requestAdapter() on Windows. See https://crbug.com/369219127 @ :0
[  464979ms] [ERROR] Permissions policy violation: compute-pressure is not allowed in this document. @ https://www.youtube.com/s/player/4fd832e7/player_embed_es6.vflset/en_GB/base.js:5401
[  469736ms] [WARNING] The powerPreference option is currently ignored when calling requestAdapter() on Windows. See https://crbug.com/369219127 @ :0
[  490158ms] [WARNING] The powerPreference option is currently ignored when calling requestAdapter() on Windows. See https://crbug.com/369219127 @ :0
[  509308ms] [WARNING] The powerPreference option is currently ignored when calling requestAdapter() on Windows. See https://crbug.com/369219127 @ :0
[  532109ms] [ERROR] Permissions policy violation: compute-pressure is not allowed in this document. @ https://www.youtube.com/s/player/4fd832e7/player_embed_es6.vflset/en_GB/base.js:5401
[  544170ms] [WARNING] The powerPreference option is currently ignored when calling requestAdapter() on Windows. See https://crbug.com/369219127 @ :0
[  547271ms] [WARNING] The powerPreference option is currently ignored when calling requestAdapter() on Windows. See https://crbug.com/369219127 @ :0
[  565285ms] [WARNING] The powerPreference option is currently ignored when calling requestAdapter() on Windows. See https://crbug.com/369219127 @ :0
[   26431ms] [WARNING] The powerPreference option is currently ignored when calling requestAdapter() on Windows. See https://crbug.com/369219127 @ :0
[   27383ms] [WARNING] The powerPreference option is currently ignored when calling requestAdapter() on Windows. See https://crbug.com/369219127 @ :0
[   27582ms] [WARNING] The powerPreference option is currently ignored when calling requestAdapter() on Windows. See https://crbug.com/369219127 @ :0
[   27613ms] [WARNING] The powerPreference option is currently ignored when calling requestAdapter() on Windows. See https://crbug.com/369219127 @ :0
[   27630ms] [WARNING] The powerPreference option is currently ignored when calling requestAdapter() on Windows. See https://crbug.com/369219127 @ :0
[   27644ms] [WARNING] The powerPreference option is currently ignored when calling requestAdapter() on Windows. See https://crbug.com/369219127 @ :0
[   27660ms] [WARNING] The powerPreference option is currently ignored when calling requestAdapter() on Windows. See https://crbug.com/369219127 @ :0
[   27675ms] [WARNING] The powerPreference option is currently ignored when calling requestAdapter() on Windows. See https://crbug.com/369219127 @ :0
[   27708ms] [WARNING] The powerPreference option is currently ignored when calling requestAdapter() on Windows. See https://crbug.com/369219127 @ :0
[   27724ms] [WARNING] The powerPreference option is currently ignored when calling requestAdapter() on Windows. See https://crbug.com/369219127 @ :0
[   27767ms] [WARNING] The powerPreference option is currently ignored when calling requestAdapter() on Windows. See https://crbug.com/369219127 @ :0
[   27781ms] [WARNING] The powerPreference option is currently ignored when calling requestAdapter() on Windows. See https://crbug.com/369219127 @ :0
[   27801ms] [WARNING] The powerPreference option is currently ignored when calling requestAdapter() on Windows. See https://crbug.com/369219127 @ :0
[   27835ms] [WARNING] The powerPreference option is currently ignored when calling requestAdapter() on Windows. See https://crbug.com/369219127 @ :0
[   45570ms] [WARNING] The powerPreference option is currently ignored when calling requestAdapter() on Windows. See https://crbug.com/369219127 @ :0
[   67128ms] [WARNING] The powerPreference option is currently ignored when calling requestAdapter() on Windows. See https://crbug.com/369219127 @ :0
[   89283ms] [WARNING] The powerPreference option is currently ignored when calling requestAdapter() on Windows. See https://crbug.com/369219127 @ :0
[   91878ms] [WARNING] The powerPreference option is currently ignored when calling requestAdapter() on Windows. See https://crbug.com/369219127 @ :0
[   92870ms] [WARNING] The powerPreference option is currently ignored when calling requestAdapter() on Windows. See https://crbug.com/369219127 @ :0
[   92942ms] [WARNING] The powerPreference option is currently ignored when calling requestAdapter() on Windows. See https://crbug.com/369219127 @ :0
[   92973ms] [WARNING] The powerPreference option is currently ignored when calling requestAdapter() on Windows. See https://crbug.com/369219127 @ :0
[   93024ms] [WARNING] The powerPreference option is currently ignored when calling requestAdapter() on Windows. See https://crbug.com/369219127 @ :0
[   93044ms] [WARNING] The powerPreference option is currently ignored when calling requestAdapter() on Windows. See https://crbug.com/369219127 @ :0
[  113878ms] [WARNING] The powerPreference option is currently ignored when calling requestAdapter() on Windows. See https://crbug.com/369219127 @ :0
[  114104ms] [WARNING] The powerPreference option is currently ignored when calling requestAdapter() on Windows. See https://crbug.com/369219127 @ :0
[  114183ms] [WARNING] The powerPreference option is currently ignored when calling requestAdapter() on Windows. See https://crbug.com/369219127 @ :0
[  114203ms] [WARNING] The powerPreference option is currently ignored when calling requestAdapter() on Windows. See https://crbug.com/369219127 @ :0
[  114223ms] [WARNING] The powerPreference option is currently ignored when calling requestAdapter() on Windows. See https://crbug.com/369219127 @ :0
[  164059ms] [WARNING] The powerPreference option is currently ignored when calling requestAdapter() on Windows. See https://crbug.com/369219127 @ :0
[  168287ms] [WARNING] The powerPreference option is currently ignored when calling requestAdapter() on Windows. See https://crbug.com/369219127 @ :0
[  185632ms] [ERROR] Permissions policy violation: compute-pressure is not allowed in this document. @ https://www.youtube.com/s/player/4fd832e7/player_embed_es6.vflset/en_GB/base.js:5401
[  192695ms] [WARNING] The powerPreference option is currently ignored when calling requestAdapter() on Windows. See https://crbug.com/369219127 @ :0
[  192904ms] [WARNING] The powerPreference option is currently ignored when calling requestAdapter() on Windows. See https://crbug.com/369219127 @ :0
[  194930ms] [WARNING] The powerPreference option is currently ignored when calling requestAdapter() on Windows. See https://crbug.com/369219127 @ :0
[  194950ms] [WARNING] The powerPreference option is currently ignored when calling requestAdapter() on Windows. See https://crbug.com/369219127 @ :0
[  194970ms] [WARNING] The powerPreference option is currently ignored when calling requestAdapter() on Windows. See https://crbug.com/369219127 @ :0
[  199608ms] [ERROR] Permissions policy violation: compute-pressure is not allowed in this document. @ https://www.youtube.com/s/player/4fd832e7/player_embed_es6.vflset/en_GB/base.js:5401
[  203021ms] [ERROR] Permissions policy violation: compute-pressure is not allowed in this document. @ https://www.youtube.com/s/player/4fd832e7/player_embed_es6.vflset/en_GB/base.js:5401
[  203037ms] [ERROR] Permissions policy violation: compute-pressure is not allowed in this document. @ https://www.youtube.com/s/player/4fd832e7/player_embed_es6.vflset/en_GB/base.js:5401
[  208545ms] [WARNING] The powerPreference option is currently ignored when calling requestAdapter() on Windows. See https://crbug.com/369219127 @ :0
[  210008ms] [WARNING] The powerPreference option is currently ignored when calling requestAdapter() on Windows. See https://crbug.com/369219127 @ :0
[  210484ms] [WARNING] The powerPreference option is currently ignored when calling requestAdapter() on Windows. See https://crbug.com/369219127 @ :0
[  210578ms] [WARNING] The powerPreference option is currently ignored when calling requestAdapter() on Windows. See https://crbug.com/369219127 @ :0
[  210602ms] [WARNING] The powerPreference option is currently ignored when calling requestAdapter() on Windows. See https://crbug.com/369219127 @ :0
[  210625ms] [WARNING] The powerPreference option is currently ignored when calling requestAdapter() on Windows. See https://crbug.com/369219127 @ :0
[  210703ms] [WARNING] The powerPreference option is currently ignored when calling requestAdapter() on Windows. See https://crbug.com/369219127 @ :0
[  236263ms] [WARNING] The powerPreference option is currently ignored when calling requestAdapter() on Windows. See https://crbug.com/369219127 @ :0
[  236508ms] [WARNING] The powerPreference option is currently ignored when calling requestAdapter() on Windows. See https://crbug.com/369219127 @ :0
[  236550ms] [WARNING] The powerPreference option is currently ignored when calling requestAdapter() on Windows. See https://crbug.com/369219127 @ :0
[  236566ms] [WARNING] The powerPreference option is currently ignored when calling requestAdapter() on Windows. See https://crbug.com/369219127 @ :0
[  236711ms] [WARNING] The powerPreference option is currently ignored when calling requestAdapter() on Windows. See https://crbug.com/369219127 @ :0
[  359732ms] [ERROR] Permissions policy violation: compute-pressure is not allowed in this document. @ https://www.youtube.com/s/player/4fd832e7/player_embed_es6.vflset/en_GB/base.js:5401
[  412240ms] [WARNING] The powerPreference option is currently ignored when calling requestAdapter() on Windows. See https://crbug.com/369219127 @ :0
[  413246ms] [WARNING] The powerPreference option is currently ignored when calling requestAdapter() on Windows. See https://crbug.com/369219127 @ :0
[  414264ms] [WARNING] The powerPreference option is currently ignored when calling requestAdapter() on Windows. See https://crbug.com/369219127 @ :0
[  418318ms] [WARNING] The powerPreference option is currently ignored when calling requestAdapter() on Windows. See https://crbug.com/369219127 @ :0
[  419346ms] [WARNING] The powerPreference option is currently ignored when calling requestAdapter() on Windows. See https://crbug.com/369219127 @ :0
[  435547ms] [WARNING] The powerPreference option is currently ignored when calling requestAdapter() on Windows. See https://crbug.com/369219127 @ :0
[  436563ms] [WARNING] The powerPreference option is currently ignored when calling requestAdapter() on Windows. See https://crbug.com/369219127 @ :0
[  436582ms] [WARNING] The powerPreference option is currently ignored when calling requestAdapter() on Windows. See https://crbug.com/369219127 @ :0
[  438576ms] [WARNING] The powerPreference option is currently ignored when calling requestAdapter() on Windows. See https://crbug.com/369219127 @ :0
[  438661ms] [WARNING] The powerPreference option is currently ignored when calling requestAdapter() on Windows. See https://crbug.com/369219127 @ :0
[  443656ms] [WARNING] The powerPreference option is currently ignored when calling requestAdapter() on Windows. See https://crbug.com/369219127 @ :0
[  443670ms] [WARNING] The powerPreference option is currently ignored when calling requestAdapter() on Windows. See https://crbug.com/369219127 @ :0
[  447473ms] [WARNING] The powerPreference option is currently ignored when calling requestAdapter() on Windows. See https://crbug.com/369219127 @ :0
[  448486ms] [WARNING] The powerPreference option is currently ignored when calling requestAdapter() on Windows. See https://crbug.com/369219127 @ :0
[  464979ms] [ERROR] Permissions policy violation: compute-pressure is not allowed in this document. @ https://www.youtube.com/s/player/4fd832e7/player_embed_es6.vflset/en_GB/base.js:5401
[  469736ms] [WARNING] The powerPreference option is currently ignored when calling requestAdapter() on Windows. See https://crbug.com/369219127 @ :0
[  490158ms] [WARNING] The powerPreference option is currently ignored when calling requestAdapter() on Windows. See https://crbug.com/369219127 @ :0
[  509308ms] [WARNING] The powerPreference option is currently ignored when calling requestAdapter() on Windows. See https://crbug.com/369219127 @ :0
[  532109ms] [ERROR] Permissions policy violation: compute-pressure is not allowed in this document. @ https://www.youtube.com/s/player/4fd832e7/player_embed_es6.vflset/en_GB/base.js:5401
[  544170ms] [WARNING] The powerPreference option is currently ignored when calling requestAdapter() on Windows. See https://crbug.com/369219127 @ :0
[  547271ms] [WARNING] The powerPreference option is currently ignored when calling requestAdapter() on Windows. See https://crbug.com/369219127 @ :0
[  565285ms] [WARNING] The powerPreference option is currently ignored when calling requestAdapter() on Windows. See https://crbug.com/369219127 @ :0
[  594163ms] [WARNING] The powerPreference option is currently ignored when calling requestAdapter() on Windows. See https://crbug.com/369219127 @ :0
[   26431ms] [WARNING] The powerPreference option is currently ignored when calling requestAdapter() on Windows. See https://crbug.com/369219127 @ :0
[   27383ms] [WARNING] The powerPreference option is currently ignored when calling requestAdapter() on Windows. See https://crbug.com/369219127 @ :0
[   27582ms] [WARNING] The powerPreference option is currently ignored when calling requestAdapter() on Windows. See https://crbug.com/369219127 @ :0
[   27613ms] [WARNING] The powerPreference option is currently ignored when calling requestAdapter() on Windows. See https://crbug.com/369219127 @ :0
[   27630ms] [WARNING] The powerPreference option is currently ignored when calling requestAdapter() on Windows. See https://crbug.com/369219127 @ :0
[   27644ms] [WARNING] The powerPreference option is currently ignored when calling requestAdapter() on Windows. See https://crbug.com/369219127 @ :0
[   27660ms] [WARNING] The powerPreference option is currently ignored when calling requestAdapter() on Windows. See https://crbug.com/369219127 @ :0
[   27675ms] [WARNING] The powerPreference option is currently ignored when calling requestAdapter() on Windows. See https://crbug.com/369219127 @ :0
[   27708ms] [WARNING] The powerPreference option is currently ignored when calling requestAdapter() on Windows. See https://crbug.com/369219127 @ :0
[   27724ms] [WARNING] The powerPreference option is currently ignored when calling requestAdapter() on Windows. See https://crbug.com/369219127 @ :0
[   27767ms] [WARNING] The powerPreference option is currently ignored when calling requestAdapter() on Windows. See https://crbug.com/369219127 @ :0
[   27781ms] [WARNING] The powerPreference option is currently ignored when calling requestAdapter() on Windows. See https://crbug.com/369219127 @ :0
[   27801ms] [WARNING] The powerPreference option is currently ignored when calling requestAdapter() on Windows. See https://crbug.com/369219127 @ :0
[   27835ms] [WARNING] The powerPreference option is currently ignored when calling requestAdapter() on Windows. See https://crbug.com/369219127 @ :0
[   45570ms] [WARNING] The powerPreference option is currently ignored when calling requestAdapter() on Windows. See https://crbug.com/369219127 @ :0
[   67128ms] [WARNING] The powerPreference option is currently ignored when calling requestAdapter() on Windows. See https://crbug.com/369219127 @ :0
[   89283ms] [WARNING] The powerPreference option is currently ignored when calling requestAdapter() on Windows. See https://crbug.com/369219127 @ :0
[   91878ms] [WARNING] The powerPreference option is currently ignored when calling requestAdapter() on Windows. See https://crbug.com/369219127 @ :0
[   92870ms] [WARNING] The powerPreference option is currently ignored when calling requestAdapter() on Windows. See https://crbug.com/369219127 @ :0
[   92942ms] [WARNING] The powerPreference option is currently ignored when calling requestAdapter() on Windows. See https://crbug.com/369219127 @ :0
[   92973ms] [WARNING] The powerPreference option is currently ignored when calling requestAdapter() on Windows. See https://crbug.com/369219127 @ :0
[   93024ms] [WARNING] The powerPreference option is currently ignored when calling requestAdapter() on Windows. See https://crbug.com/369219127 @ :0
[   93044ms] [WARNING] The powerPreference option is currently ignored when calling requestAdapter() on Windows. See https://crbug.com/369219127 @ :0
[  113878ms] [WARNING] The powerPreference option is currently ignored when calling requestAdapter() on Windows. See https://crbug.com/369219127 @ :0
[  114104ms] [WARNING] The powerPreference option is currently ignored when calling requestAdapter() on Windows. See https://crbug.com/369219127 @ :0
[  114183ms] [WARNING] The powerPreference option is currently ignored when calling requestAdapter() on Windows. See https://crbug.com/369219127 @ :0
[  114203ms] [WARNING] The powerPreference option is currently ignored when calling requestAdapter() on Windows. See https://crbug.com/369219127 @ :0
[  114223ms] [WARNING] The powerPreference option is currently ignored when calling requestAdapter() on Windows. See https://crbug.com/369219127 @ :0
[  164059ms] [WARNING] The powerPreference option is currently ignored when calling requestAdapter() on Windows. See https://crbug.com/369219127 @ :0
[  168287ms] [WARNING] The powerPreference option is currently ignored when calling requestAdapter() on Windows. See https://crbug.com/369219127 @ :0
[  185632ms] [ERROR] Permissions policy violation: compute-pressure is not allowed in this document. @ https://www.youtube.com/s/player/4fd832e7/player_embed_es6.vflset/en_GB/base.js:5401
[  192695ms] [WARNING] The powerPreference option is currently ignored when calling requestAdapter() on Windows. See https://crbug.com/369219127 @ :0
[  192904ms] [WARNING] The powerPreference option is currently ignored when calling requestAdapter() on Windows. See https://crbug.com/369219127 @ :0
[  194930ms] [WARNING] The powerPreference option is currently ignored when calling requestAdapter() on Windows. See https://crbug.com/369219127 @ :0
[  194950ms] [WARNING] The powerPreference option is currently ignored when calling requestAdapter() on Windows. See https://crbug.com/369219127 @ :0
[  194970ms] [WARNING] The powerPreference option is currently ignored when calling requestAdapter() on Windows. See https://crbug.com/369219127 @ :0
[  199608ms] [ERROR] Permissions policy violation: compute-pressure is not allowed in this document. @ https://www.youtube.com/s/player/4fd832e7/player_embed_es6.vflset/en_GB/base.js:5401
[  203021ms] [ERROR] Permissions policy violation: compute-pressure is not allowed in this document. @ https://www.youtube.com/s/player/4fd832e7/player_embed_es6.vflset/en_GB/base.js:5401
[  203037ms] [ERROR] Permissions policy violation: compute-pressure is not allowed in this document. @ https://www.youtube.com/s/player/4fd832e7/player_embed_es6.vflset/en_GB/base.js:5401
[  208545ms] [WARNING] The powerPreference option is currently ignored when calling requestAdapter() on Windows. See https://crbug.com/369219127 @ :0
[  210008ms] [WARNING] The powerPreference option is currently ignored when calling requestAdapter() on Windows. See https://crbug.com/369219127 @ :0
[  210484ms] [WARNING] The powerPreference option is currently ignored when calling requestAdapter() on Windows. See https://crbug.com/369219127 @ :0
[  210578ms] [WARNING] The powerPreference option is currently ignored when calling requestAdapter() on Windows. See https://crbug.com/369219127 @ :0
[  210602ms] [WARNING] The powerPreference option is currently ignored when calling requestAdapter() on Windows. See https://crbug.com/369219127 @ :0
[  210625ms] [WARNING] The powerPreference option is currently ignored when calling requestAdapter() on Windows. See https://crbug.com/369219127 @ :0
[  210703ms] [WARNING] The powerPreference option is currently ignored when calling requestAdapter() on Windows. See https://crbug.com/369219127 @ :0
[  236263ms] [WARNING] The powerPreference option is currently ignored when calling requestAdapter() on Windows. See https://crbug.com/369219127 @ :0
[  236508ms] [WARNING] The powerPreference option is currently ignored when calling requestAdapter() on Windows. See https://crbug.com/369219127 @ :0
[  236550ms] [WARNING] The powerPreference option is currently ignored when calling requestAdapter() on Windows. See https://crbug.com/369219127 @ :0
[  236566ms] [WARNING] The powerPreference option is currently ignored when calling requestAdapter() on Windows. See https://crbug.com/369219127 @ :0
[  236711ms] [WARNING] The powerPreference option is currently ignored when calling requestAdapter() on Windows. See https://crbug.com/369219127 @ :0
[  359732ms] [ERROR] Permissions policy violation: compute-pressure is not allowed in this document. @ https://www.youtube.com/s/player/4fd832e7/player_embed_es6.vflset/en_GB/base.js:5401
[  412240ms] [WARNING] The powerPreference option is currently ignored when calling requestAdapter() on Windows. See https://crbug.com/369219127 @ :0
[  413246ms] [WARNING] The powerPreference option is currently ignored when calling requestAdapter() on Windows. See https://crbug.com/369219127 @ :0
[  414264ms] [WARNING] The powerPreference option is currently ignored when calling requestAdapter() on Windows. See https://crbug.com/369219127 @ :0
[  418318ms] [WARNING] The powerPreference option is currently ignored when calling requestAdapter() on Windows. See https://crbug.com/369219127 @ :0
[  419346ms] [WARNING] The powerPreference option is currently ignored when calling requestAdapter() on Windows. See https://crbug.com/369219127 @ :0
[  435547ms] [WARNING] The powerPreference option is currently ignored when calling requestAdapter() on Windows. See https://crbug.com/369219127 @ :0
[  436563ms] [WARNING] The powerPreference option is currently ignored when calling requestAdapter() on Windows. See https://crbug.com/369219127 @ :0
[  436582ms] [WARNING] The powerPreference option is currently ignored when calling requestAdapter() on Windows. See https://crbug.com/369219127 @ :0
[  438576ms] [WARNING] The powerPreference option is currently ignored when calling requestAdapter() on Windows. See https://crbug.com/369219127 @ :0
[  438661ms] [WARNING] The powerPreference option is currently ignored when calling requestAdapter() on Windows. See https://crbug.com/369219127 @ :0
[  443656ms] [WARNING] The powerPreference option is currently ignored when calling requestAdapter() on Windows. See https://crbug.com/369219127 @ :0
[  443670ms] [WARNING] The powerPreference option is currently ignored when calling requestAdapter() on Windows. See https://crbug.com/369219127 @ :0
[  447473ms] [WARNING] The powerPreference option is currently ignored when calling requestAdapter() on Windows. See https://crbug.com/369219127 @ :0
[  448486ms] [WARNING] The powerPreference option is currently ignored when calling requestAdapter() on Windows. See https://crbug.com/369219127 @ :0
[  464979ms] [ERROR] Permissions policy violation: compute-pressure is not allowed in this document. @ https://www.youtube.com/s/player/4fd832e7/player_embed_es6.vflset/en_GB/base.js:5401
[  469736ms] [WARNING] The powerPreference option is currently ignored when calling requestAdapter() on Windows. See https://crbug.com/369219127 @ :0
[  490158ms] [WARNING] The powerPreference option is currently ignored when calling requestAdapter() on Windows. See https://crbug.com/369219127 @ :0
[  509308ms] [WARNING] The powerPreference option is currently ignored when calling requestAdapter() on Windows. See https://crbug.com/369219127 @ :0
[  532109ms] [ERROR] Permissions policy violation: compute-pressure is not allowed in this document. @ https://www.youtube.com/s/player/4fd832e7/player_embed_es6.vflset/en_GB/base.js:5401
[  544170ms] [WARNING] The powerPreference option is currently ignored when calling requestAdapter() on Windows. See https://crbug.com/369219127 @ :0
[  547271ms] [WARNING] The powerPreference option is currently ignored when calling requestAdapter() on Windows. See https://crbug.com/369219127 @ :0
[  565285ms] [WARNING] The powerPreference option is currently ignored when calling requestAdapter() on Windows. See https://crbug.com/369219127 @ :0
[  594163ms] [WARNING] The powerPreference option is currently ignored when calling requestAdapter() on Windows. See https://crbug.com/369219127 @ :0
[  607294ms] [WARNING] The powerPreference option is currently ignored when calling requestAdapter() on Windows. See https://crbug.com/369219127 @ :0
[   26431ms] [WARNING] The powerPreference option is currently ignored when calling requestAdapter() on Windows. See https://crbug.com/369219127 @ :0
[   27383ms] [WARNING] The powerPreference option is currently ignored when calling requestAdapter() on Windows. See https://crbug.com/369219127 @ :0
[   27582ms] [WARNING] The powerPreference option is currently ignored when calling requestAdapter() on Windows. See https://crbug.com/369219127 @ :0
[   27613ms] [WARNING] The powerPreference option is currently ignored when calling requestAdapter() on Windows. See https://crbug.com/369219127 @ :0
[   27630ms] [WARNING] The powerPreference option is currently ignored when calling requestAdapter() on Windows. See https://crbug.com/369219127 @ :0
[   27644ms] [WARNING] The powerPreference option is currently ignored when calling requestAdapter() on Windows. See https://crbug.com/369219127 @ :0
[   27660ms] [WARNING] The powerPreference option is currently ignored when calling requestAdapter() on Windows. See https://crbug.com/369219127 @ :0
[   27675ms] [WARNING] The powerPreference option is currently ignored when calling requestAdapter() on Windows. See https://crbug.com/369219127 @ :0
[   27708ms] [WARNING] The powerPreference option is currently ignored when calling requestAdapter() on Windows. See https://crbug.com/369219127 @ :0
[   27724ms] [WARNING] The powerPreference option is currently ignored when calling requestAdapter() on Windows. See https://crbug.com/369219127 @ :0
[   27767ms] [WARNING] The powerPreference option is currently ignored when calling requestAdapter() on Windows. See https://crbug.com/369219127 @ :0
[   27781ms] [WARNING] The powerPreference option is currently ignored when calling requestAdapter() on Windows. See https://crbug.com/369219127 @ :0
[   27801ms] [WARNING] The powerPreference option is currently ignored when calling requestAdapter() on Windows. See https://crbug.com/369219127 @ :0
[   27835ms] [WARNING] The powerPreference option is currently ignored when calling requestAdapter() on Windows. See https://crbug.com/369219127 @ :0
[   45570ms] [WARNING] The powerPreference option is currently ignored when calling requestAdapter() on Windows. See https://crbug.com/369219127 @ :0
[   67128ms] [WARNING] The powerPreference option is currently ignored when calling requestAdapter() on Windows. See https://crbug.com/369219127 @ :0
[   89283ms] [WARNING] The powerPreference option is currently ignored when calling requestAdapter() on Windows. See https://crbug.com/369219127 @ :0
[   91878ms] [WARNING] The powerPreference option is currently ignored when calling requestAdapter() on Windows. See https://crbug.com/369219127 @ :0
[   92870ms] [WARNING] The powerPreference option is currently ignored when calling requestAdapter() on Windows. See https://crbug.com/369219127 @ :0
[   92942ms] [WARNING] The powerPreference option is currently ignored when calling requestAdapter() on Windows. See https://crbug.com/369219127 @ :0
[   92973ms] [WARNING] The powerPreference option is currently ignored when calling requestAdapter() on Windows. See https://crbug.com/369219127 @ :0
[   93024ms] [WARNING] The powerPreference option is currently ignored when calling requestAdapter() on Windows. See https://crbug.com/369219127 @ :0
[   93044ms] [WARNING] The powerPreference option is currently ignored when calling requestAdapter() on Windows. See https://crbug.com/369219127 @ :0
[  113878ms] [WARNING] The powerPreference option is currently ignored when calling requestAdapter() on Windows. See https://crbug.com/369219127 @ :0
[  114104ms] [WARNING] The powerPreference option is currently ignored when calling requestAdapter() on Windows. See https://crbug.com/369219127 @ :0
[  114183ms] [WARNING] The powerPreference option is currently ignored when calling requestAdapter() on Windows. See https://crbug.com/369219127 @ :0
[  114203ms] [WARNING] The powerPreference option is currently ignored when calling requestAdapter() on Windows. See https://crbug.com/369219127 @ :0
[  114223ms] [WARNING] The powerPreference option is currently ignored when calling requestAdapter() on Windows. See https://crbug.com/369219127 @ :0
[  164059ms] [WARNING] The powerPreference option is currently ignored when calling requestAdapter() on Windows. See https://crbug.com/369219127 @ :0
[  168287ms] [WARNING] The powerPreference option is currently ignored when calling requestAdapter() on Windows. See https://crbug.com/369219127 @ :0
[  185632ms] [ERROR] Permissions policy violation: compute-pressure is not allowed in this document. @ https://www.youtube.com/s/player/4fd832e7/player_embed_es6.vflset/en_GB/base.js:5401
[  192695ms] [WARNING] The powerPreference option is currently ignored when calling requestAdapter() on Windows. See https://crbug.com/369219127 @ :0
[  192904ms] [WARNING] The powerPreference option is currently ignored when calling requestAdapter() on Windows. See https://crbug.com/369219127 @ :0
[  194930ms] [WARNING] The powerPreference option is currently ignored when calling requestAdapter() on Windows. See https://crbug.com/369219127 @ :0
[  194950ms] [WARNING] The powerPreference option is currently ignored when calling requestAdapter() on Windows. See https://crbug.com/369219127 @ :0
[  194970ms] [WARNING] The powerPreference option is currently ignored when calling requestAdapter() on Windows. See https://crbug.com/369219127 @ :0
[  199608ms] [ERROR] Permissions policy violation: compute-pressure is not allowed in this document. @ https://www.youtube.com/s/player/4fd832e7/player_embed_es6.vflset/en_GB/base.js:5401
[  203021ms] [ERROR] Permissions policy violation: compute-pressure is not allowed in this document. @ https://www.youtube.com/s/player/4fd832e7/player_embed_es6.vflset/en_GB/base.js:5401
[  203037ms] [ERROR] Permissions policy violation: compute-pressure is not allowed in this document. @ https://www.youtube.com/s/player/4fd832e7/player_embed_es6.vflset/en_GB/base.js:5401
[  208545ms] [WARNING] The powerPreference option is currently ignored when calling requestAdapter() on Windows. See https://crbug.com/369219127 @ :0
[  210008ms] [WARNING] The powerPreference option is currently ignored when calling requestAdapter() on Windows. See https://crbug.com/369219127 @ :0
[  210484ms] [WARNING] The powerPreference option is currently ignored when calling requestAdapter() on Windows. See https://crbug.com/369219127 @ :0
[  210578ms] [WARNING] The powerPreference option is currently ignored when calling requestAdapter() on Windows. See https://crbug.com/369219127 @ :0
[  210602ms] [WARNING] The powerPreference option is currently ignored when calling requestAdapter() on Windows. See https://crbug.com/369219127 @ :0
[  210625ms] [WARNING] The powerPreference option is currently ignored when calling requestAdapter() on Windows. See https://crbug.com/369219127 @ :0
[  210703ms] [WARNING] The powerPreference option is currently ignored when calling requestAdapter() on Windows. See https://crbug.com/369219127 @ :0
[  236263ms] [WARNING] The powerPreference option is currently ignored when calling requestAdapter() on Windows. See https://crbug.com/369219127 @ :0
[  236508ms] [WARNING] The powerPreference option is currently ignored when calling requestAdapter() on Windows. See https://crbug.com/369219127 @ :0
[  236550ms] [WARNING] The powerPreference option is currently ignored when calling requestAdapter() on Windows. See https://crbug.com/369219127 @ :0
[  236566ms] [WARNING] The powerPreference option is currently ignored when calling requestAdapter() on Windows. See https://crbug.com/369219127 @ :0
[  236711ms] [WARNING] The powerPreference option is currently ignored when calling requestAdapter() on Windows. See https://crbug.com/369219127 @ :0
[  359732ms] [ERROR] Permissions policy violation: compute-pressure is not allowed in this document. @ https://www.youtube.com/s/player/4fd832e7/player_embed_es6.vflset/en_GB/base.js:5401
[  412240ms] [WARNING] The powerPreference option is currently ignored when calling requestAdapter() on Windows. See https://crbug.com/369219127 @ :0
[  413246ms] [WARNING] The powerPreference option is currently ignored when calling requestAdapter() on Windows. See https://crbug.com/369219127 @ :0
[  414264ms] [WARNING] The powerPreference option is currently ignored when calling requestAdapter() on Windows. See https://crbug.com/369219127 @ :0
[  418318ms] [WARNING] The powerPreference option is currently ignored when calling requestAdapter() on Windows. See https://crbug.com/369219127 @ :0
[  419346ms] [WARNING] The powerPreference option is currently ignored when calling requestAdapter() on Windows. See https://crbug.com/369219127 @ :0
[  435547ms] [WARNING] The powerPreference option is currently ignored when calling requestAdapter() on Windows. See https://crbug.com/369219127 @ :0
[  436563ms] [WARNING] The powerPreference option is currently ignored when calling requestAdapter() on Windows. See https://crbug.com/369219127 @ :0
[  436582ms] [WARNING] The powerPreference option is currently ignored when calling requestAdapter() on Windows. See https://crbug.com/369219127 @ :0
[  438576ms] [WARNING] The powerPreference option is currently ignored when calling requestAdapter() on Windows. See https://crbug.com/369219127 @ :0
[  438661ms] [WARNING] The powerPreference option is currently ignored when calling requestAdapter() on Windows. See https://crbug.com/369219127 @ :0
[  443656ms] [WARNING] The powerPreference option is currently ignored when calling requestAdapter() on Windows. See https://crbug.com/369219127 @ :0
[  443670ms] [WARNING] The powerPreference option is currently ignored when calling requestAdapter() on Windows. See https://crbug.com/369219127 @ :0
[  447473ms] [WARNING] The powerPreference option is currently ignored when calling requestAdapter() on Windows. See https://crbug.com/369219127 @ :0
[  448486ms] [WARNING] The powerPreference option is currently ignored when calling requestAdapter() on Windows. See https://crbug.com/369219127 @ :0
[  464979ms] [ERROR] Permissions policy violation: compute-pressure is not allowed in this document. @ https://www.youtube.com/s/player/4fd832e7/player_embed_es6.vflset/en_GB/base.js:5401
[  469736ms] [WARNING] The powerPreference option is currently ignored when calling requestAdapter() on Windows. See https://crbug.com/369219127 @ :0
[  490158ms] [WARNING] The powerPreference option is currently ignored when calling requestAdapter() on Windows. See https://crbug.com/369219127 @ :0
[  509308ms] [WARNING] The powerPreference option is currently ignored when calling requestAdapter() on Windows. See https://crbug.com/369219127 @ :0
[  532109ms] [ERROR] Permissions policy violation: compute-pressure is not allowed in this document. @ https://www.youtube.com/s/player/4fd832e7/player_embed_es6.vflset/en_GB/base.js:5401
[  544170ms] [WARNING] The powerPreference option is currently ignored when calling requestAdapter() on Windows. See https://crbug.com/369219127 @ :0
[  547271ms] [WARNING] The powerPreference option is currently ignored when calling requestAdapter() on Windows. See https://crbug.com/369219127 @ :0
[  565285ms] [WARNING] The powerPreference option is currently ignored when calling requestAdapter() on Windows. See https://crbug.com/369219127 @ :0
[  594163ms] [WARNING] The powerPreference option is currently ignored when calling requestAdapter() on Windows. See https://crbug.com/369219127 @ :0
[  607294ms] [WARNING] The powerPreference option is currently ignored when calling requestAdapter() on Windows. See https://crbug.com/369219127 @ :0
[  627278ms] [WARNING] The powerPreference option is currently ignored when calling requestAdapter() on Windows. See https://crbug.com/369219127 @ :0
[   26431ms] [WARNING] The powerPreference option is currently ignored when calling requestAdapter() on Windows. See https://crbug.com/369219127 @ :0
[   27383ms] [WARNING] The powerPreference option is currently ignored when calling requestAdapter() on Windows. See https://crbug.com/369219127 @ :0
[   27582ms] [WARNING] The powerPreference option is currently ignored when calling requestAdapter() on Windows. See https://crbug.com/369219127 @ :0
[   27613ms] [WARNING] The powerPreference option is currently ignored when calling requestAdapter() on Windows. See https://crbug.com/369219127 @ :0
[   27630ms] [WARNING] The powerPreference option is currently ignored when calling requestAdapter() on Windows. See https://crbug.com/369219127 @ :0
[   27644ms] [WARNING] The powerPreference option is currently ignored when calling requestAdapter() on Windows. See https://crbug.com/369219127 @ :0
[   27660ms] [WARNING] The powerPreference option is currently ignored when calling requestAdapter() on Windows. See https://crbug.com/369219127 @ :0
[   27675ms] [WARNING] The powerPreference option is currently ignored when calling requestAdapter() on Windows. See https://crbug.com/369219127 @ :0
[   27708ms] [WARNING] The powerPreference option is currently ignored when calling requestAdapter() on Windows. See https://crbug.com/369219127 @ :0
[   27724ms] [WARNING] The powerPreference option is currently ignored when calling requestAdapter() on Windows. See https://crbug.com/369219127 @ :0
[   27767ms] [WARNING] The powerPreference option is currently ignored when calling requestAdapter() on Windows. See https://crbug.com/369219127 @ :0
[   27781ms] [WARNING] The powerPreference option is currently ignored when calling requestAdapter() on Windows. See https://crbug.com/369219127 @ :0
[   27801ms] [WARNING] The powerPreference option is currently ignored when calling requestAdapter() on Windows. See https://crbug.com/369219127 @ :0
[   27835ms] [WARNING] The powerPreference option is currently ignored when calling requestAdapter() on Windows. See https://crbug.com/369219127 @ :0
[   45570ms] [WARNING] The powerPreference option is currently ignored when calling requestAdapter() on Windows. See https://crbug.com/369219127 @ :0
[   67128ms] [WARNING] The powerPreference option is currently ignored when calling requestAdapter() on Windows. See https://crbug.com/369219127 @ :0
[   89283ms] [WARNING] The powerPreference option is currently ignored when calling requestAdapter() on Windows. See https://crbug.com/369219127 @ :0
[   91878ms] [WARNING] The powerPreference option is currently ignored when calling requestAdapter() on Windows. See https://crbug.com/369219127 @ :0
[   92870ms] [WARNING] The powerPreference option is currently ignored when calling requestAdapter() on Windows. See https://crbug.com/369219127 @ :0
[   92942ms] [WARNING] The powerPreference option is currently ignored when calling requestAdapter() on Windows. See https://crbug.com/369219127 @ :0
[   92973ms] [WARNING] The powerPreference option is currently ignored when calling requestAdapter() on Windows. See https://crbug.com/369219127 @ :0
[   93024ms] [WARNING] The powerPreference option is currently ignored when calling requestAdapter() on Windows. See https://crbug.com/369219127 @ :0
[   93044ms] [WARNING] The powerPreference option is currently ignored when calling requestAdapter() on Windows. See https://crbug.com/369219127 @ :0
[  113878ms] [WARNING] The powerPreference option is currently ignored when calling requestAdapter() on Windows. See https://crbug.com/369219127 @ :0
[  114104ms] [WARNING] The powerPreference option is currently ignored when calling requestAdapter() on Windows. See https://crbug.com/369219127 @ :0
[  114183ms] [WARNING] The powerPreference option is currently ignored when calling requestAdapter() on Windows. See https://crbug.com/369219127 @ :0
[  114203ms] [WARNING] The powerPreference option is currently ignored when calling requestAdapter() on Windows. See https://crbug.com/369219127 @ :0
[  114223ms] [WARNING] The powerPreference option is currently ignored when calling requestAdapter() on Windows. See https://crbug.com/369219127 @ :0
[  164059ms] [WARNING] The powerPreference option is currently ignored when calling requestAdapter() on Windows. See https://crbug.com/369219127 @ :0
[  168287ms] [WARNING] The powerPreference option is currently ignored when calling requestAdapter() on Windows. See https://crbug.com/369219127 @ :0
[  185632ms] [ERROR] Permissions policy violation: compute-pressure is not allowed in this document. @ https://www.youtube.com/s/player/4fd832e7/player_embed_es6.vflset/en_GB/base.js:5401
[  192695ms] [WARNING] The powerPreference option is currently ignored when calling requestAdapter() on Windows. See https://crbug.com/369219127 @ :0
[  192904ms] [WARNING] The powerPreference option is currently ignored when calling requestAdapter() on Windows. See https://crbug.com/369219127 @ :0
[  194930ms] [WARNING] The powerPreference option is currently ignored when calling requestAdapter() on Windows. See https://crbug.com/369219127 @ :0
[  194950ms] [WARNING] The powerPreference option is currently ignored when calling requestAdapter() on Windows. See https://crbug.com/369219127 @ :0
[  194970ms] [WARNING] The powerPreference option is currently ignored when calling requestAdapter() on Windows. See https://crbug.com/369219127 @ :0
[  199608ms] [ERROR] Permissions policy violation: compute-pressure is not allowed in this document. @ https://www.youtube.com/s/player/4fd832e7/player_embed_es6.vflset/en_GB/base.js:5401
[  203021ms] [ERROR] Permissions policy violation: compute-pressure is not allowed in this document. @ https://www.youtube.com/s/player/4fd832e7/player_embed_es6.vflset/en_GB/base.js:5401
[  203037ms] [ERROR] Permissions policy violation: compute-pressure is not allowed in this document. @ https://www.youtube.com/s/player/4fd832e7/player_embed_es6.vflset/en_GB/base.js:5401
[  208545ms] [WARNING] The powerPreference option is currently ignored when calling requestAdapter() on Windows. See https://crbug.com/369219127 @ :0
[  210008ms] [WARNING] The powerPreference option is currently ignored when calling requestAdapter() on Windows. See https://crbug.com/369219127 @ :0
[  210484ms] [WARNING] The powerPreference option is currently ignored when calling requestAdapter() on Windows. See https://crbug.com/369219127 @ :0
[  210578ms] [WARNING] The powerPreference option is currently ignored when calling requestAdapter() on Windows. See https://crbug.com/369219127 @ :0
[  210602ms] [WARNING] The powerPreference option is currently ignored when calling requestAdapter() on Windows. See https://crbug.com/369219127 @ :0
[  210625ms] [WARNING] The powerPreference option is currently ignored when calling requestAdapter() on Windows. See https://crbug.com/369219127 @ :0
[  210703ms] [WARNING] The powerPreference option is currently ignored when calling requestAdapter() on Windows. See https://crbug.com/369219127 @ :0
[  236263ms] [WARNING] The powerPreference option is currently ignored when calling requestAdapter() on Windows. See https://crbug.com/369219127 @ :0
[  236508ms] [WARNING] The powerPreference option is currently ignored when calling requestAdapter() on Windows. See https://crbug.com/369219127 @ :0
[  236550ms] [WARNING] The powerPreference option is currently ignored when calling requestAdapter() on Windows. See https://crbug.com/369219127 @ :0
[  236566ms] [WARNING] The powerPreference option is currently ignored when calling requestAdapter() on Windows. See https://crbug.com/369219127 @ :0
[  236711ms] [WARNING] The powerPreference option is currently ignored when calling requestAdapter() on Windows. See https://crbug.com/369219127 @ :0
[  359732ms] [ERROR] Permissions policy violation: compute-pressure is not allowed in this document. @ https://www.youtube.com/s/player/4fd832e7/player_embed_es6.vflset/en_GB/base.js:5401
[  412240ms] [WARNING] The powerPreference option is currently ignored when calling requestAdapter() on Windows. See https://crbug.com/369219127 @ :0
[  413246ms] [WARNING] The powerPreference option is currently ignored when calling requestAdapter() on Windows. See https://crbug.com/369219127 @ :0
[  414264ms] [WARNING] The powerPreference option is currently ignored when calling requestAdapter() on Windows. See https://crbug.com/369219127 @ :0
[  418318ms] [WARNING] The powerPreference option is currently ignored when calling requestAdapter() on Windows. See https://crbug.com/369219127 @ :0
[  419346ms] [WARNING] The powerPreference option is currently ignored when calling requestAdapter() on Windows. See https://crbug.com/369219127 @ :0
[  435547ms] [WARNING] The powerPreference option is currently ignored when calling requestAdapter() on Windows. See https://crbug.com/369219127 @ :0
[  436563ms] [WARNING] The powerPreference option is currently ignored when calling requestAdapter() on Windows. See https://crbug.com/369219127 @ :0
[  436582ms] [WARNING] The powerPreference option is currently ignored when calling requestAdapter() on Windows. See https://crbug.com/369219127 @ :0
[  438576ms] [WARNING] The powerPreference option is currently ignored when calling requestAdapter() on Windows. See https://crbug.com/369219127 @ :0
[  438661ms] [WARNING] The powerPreference option is currently ignored when calling requestAdapter() on Windows. See https://crbug.com/369219127 @ :0
[  443656ms] [WARNING] The powerPreference option is currently ignored when calling requestAdapter() on Windows. See https://crbug.com/369219127 @ :0
[  443670ms] [WARNING] The powerPreference option is currently ignored when calling requestAdapter() on Windows. See https://crbug.com/369219127 @ :0
[  447473ms] [WARNING] The powerPreference option is currently ignored when calling requestAdapter() on Windows. See https://crbug.com/369219127 @ :0
[  448486ms] [WARNING] The powerPreference option is currently ignored when calling requestAdapter() on Windows. See https://crbug.com/369219127 @ :0
[  464979ms] [ERROR] Permissions policy violation: compute-pressure is not allowed in this document. @ https://www.youtube.com/s/player/4fd832e7/player_embed_es6.vflset/en_GB/base.js:5401
[  469736ms] [WARNING] The powerPreference option is currently ignored when calling requestAdapter() on Windows. See https://crbug.com/369219127 @ :0
[  490158ms] [WARNING] The powerPreference option is currently ignored when calling requestAdapter() on Windows. See https://crbug.com/369219127 @ :0
[  509308ms] [WARNING] The powerPreference option is currently ignored when calling requestAdapter() on Windows. See https://crbug.com/369219127 @ :0
[  532109ms] [ERROR] Permissions policy violation: compute-pressure is not allowed in this document. @ https://www.youtube.com/s/player/4fd832e7/player_embed_es6.vflset/en_GB/base.js:5401
[  544170ms] [WARNING] The powerPreference option is currently ignored when calling requestAdapter() on Windows. See https://crbug.com/369219127 @ :0
[  547271ms] [WARNING] The powerPreference option is currently ignored when calling requestAdapter() on Windows. See https://crbug.com/369219127 @ :0
[  565285ms] [WARNING] The powerPreference option is currently ignored when calling requestAdapter() on Windows. See https://crbug.com/369219127 @ :0
[  594163ms] [WARNING] The powerPreference option is currently ignored when calling requestAdapter() on Windows. See https://crbug.com/369219127 @ :0
[  607294ms] [WARNING] The powerPreference option is currently ignored when calling requestAdapter() on Windows. See https://crbug.com/369219127 @ :0
[  627278ms] [WARNING] The powerPreference option is currently ignored when calling requestAdapter() on Windows. See https://crbug.com/369219127 @ :0
[  644854ms] [WARNING] The powerPreference option is currently ignored when calling requestAdapter() on Windows. See https://crbug.com/369219127 @ :0
[   26431ms] [WARNING] The powerPreference option is currently ignored when calling requestAdapter() on Windows. See https://crbug.com/369219127 @ :0
[   27383ms] [WARNING] The powerPreference option is currently ignored when calling requestAdapter() on Windows. See https://crbug.com/369219127 @ :0
[   27582ms] [WARNING] The powerPreference option is currently ignored when calling requestAdapter() on Windows. See https://crbug.com/369219127 @ :0
[   27613ms] [WARNING] The powerPreference option is currently ignored when calling requestAdapter() on Windows. See https://crbug.com/369219127 @ :0
[   27630ms] [WARNING] The powerPreference option is currently ignored when calling requestAdapter() on Windows. See https://crbug.com/369219127 @ :0
[   27644ms] [WARNING] The powerPreference option is currently ignored when calling requestAdapter() on Windows. See https://crbug.com/369219127 @ :0
[   27660ms] [WARNING] The powerPreference option is currently ignored when calling requestAdapter() on Windows. See https://crbug.com/369219127 @ :0
[   27675ms] [WARNING] The powerPreference option is currently ignored when calling requestAdapter() on Windows. See https://crbug.com/369219127 @ :0
[   27708ms] [WARNING] The powerPreference option is currently ignored when calling requestAdapter() on Windows. See https://crbug.com/369219127 @ :0
[   27724ms] [WARNING] The powerPreference option is currently ignored when calling requestAdapter() on Windows. See https://crbug.com/369219127 @ :0
[   27767ms] [WARNING] The powerPreference option is currently ignored when calling requestAdapter() on Windows. See https://crbug.com/369219127 @ :0
[   27781ms] [WARNING] The powerPreference option is currently ignored when calling requestAdapter() on Windows. See https://crbug.com/369219127 @ :0
[   27801ms] [WARNING] The powerPreference option is currently ignored when calling requestAdapter() on Windows. See https://crbug.com/369219127 @ :0
[   27835ms] [WARNING] The powerPreference option is currently ignored when calling requestAdapter() on Windows. See https://crbug.com/369219127 @ :0
[   45570ms] [WARNING] The powerPreference option is currently ignored when calling requestAdapter() on Windows. See https://crbug.com/369219127 @ :0
[   67128ms] [WARNING] The powerPreference option is currently ignored when calling requestAdapter() on Windows. See https://crbug.com/369219127 @ :0
[   89283ms] [WARNING] The powerPreference option is currently ignored when calling requestAdapter() on Windows. See https://crbug.com/369219127 @ :0
[   91878ms] [WARNING] The powerPreference option is currently ignored when calling requestAdapter() on Windows. See https://crbug.com/369219127 @ :0
[   92870ms] [WARNING] The powerPreference option is currently ignored when calling requestAdapter() on Windows. See https://crbug.com/369219127 @ :0
[   92942ms] [WARNING] The powerPreference option is currently ignored when calling requestAdapter() on Windows. See https://crbug.com/369219127 @ :0
[   92973ms] [WARNING] The powerPreference option is currently ignored when calling requestAdapter() on Windows. See https://crbug.com/369219127 @ :0
[   93024ms] [WARNING] The powerPreference option is currently ignored when calling requestAdapter() on Windows. See https://crbug.com/369219127 @ :0
[   93044ms] [WARNING] The powerPreference option is currently ignored when calling requestAdapter() on Windows. See https://crbug.com/369219127 @ :0
[  113878ms] [WARNING] The powerPreference option is currently ignored when calling requestAdapter() on Windows. See https://crbug.com/369219127 @ :0
[  114104ms] [WARNING] The powerPreference option is currently ignored when calling requestAdapter() on Windows. See https://crbug.com/369219127 @ :0
[  114183ms] [WARNING] The powerPreference option is currently ignored when calling requestAdapter() on Windows. See https://crbug.com/369219127 @ :0
[  114203ms] [WARNING] The powerPreference option is currently ignored when calling requestAdapter() on Windows. See https://crbug.com/369219127 @ :0
[  114223ms] [WARNING] The powerPreference option is currently ignored when calling requestAdapter() on Windows. See https://crbug.com/369219127 @ :0
[  164059ms] [WARNING] The powerPreference option is currently ignored when calling requestAdapter() on Windows. See https://crbug.com/369219127 @ :0
[  168287ms] [WARNING] The powerPreference option is currently ignored when calling requestAdapter() on Windows. See https://crbug.com/369219127 @ :0
[  185632ms] [ERROR] Permissions policy violation: compute-pressure is not allowed in this document. @ https://www.youtube.com/s/player/4fd832e7/player_embed_es6.vflset/en_GB/base.js:5401
[  192695ms] [WARNING] The powerPreference option is currently ignored when calling requestAdapter() on Windows. See https://crbug.com/369219127 @ :0
[  192904ms] [WARNING] The powerPreference option is currently ignored when calling requestAdapter() on Windows. See https://crbug.com/369219127 @ :0
[  194930ms] [WARNING] The powerPreference option is currently ignored when calling requestAdapter() on Windows. See https://crbug.com/369219127 @ :0
[  194950ms] [WARNING] The powerPreference option is currently ignored when calling requestAdapter() on Windows. See https://crbug.com/369219127 @ :0
[  194970ms] [WARNING] The powerPreference option is currently ignored when calling requestAdapter() on Windows. See https://crbug.com/369219127 @ :0
[  199608ms] [ERROR] Permissions policy violation: compute-pressure is not allowed in this document. @ https://www.youtube.com/s/player/4fd832e7/player_embed_es6.vflset/en_GB/base.js:5401
[  203021ms] [ERROR] Permissions policy violation: compute-pressure is not allowed in this document. @ https://www.youtube.com/s/player/4fd832e7/player_embed_es6.vflset/en_GB/base.js:5401
[  203037ms] [ERROR] Permissions policy violation: compute-pressure is not allowed in this document. @ https://www.youtube.com/s/player/4fd832e7/player_embed_es6.vflset/en_GB/base.js:5401
[  208545ms] [WARNING] The powerPreference option is currently ignored when calling requestAdapter() on Windows. See https://crbug.com/369219127 @ :0
[  210008ms] [WARNING] The powerPreference option is currently ignored when calling requestAdapter() on Windows. See https://crbug.com/369219127 @ :0
[  210484ms] [WARNING] The powerPreference option is currently ignored when calling requestAdapter() on Windows. See https://crbug.com/369219127 @ :0
[  210578ms] [WARNING] The powerPreference option is currently ignored when calling requestAdapter() on Windows. See https://crbug.com/369219127 @ :0
[  210602ms] [WARNING] The powerPreference option is currently ignored when calling requestAdapter() on Windows. See https://crbug.com/369219127 @ :0
[  210625ms] [WARNING] The powerPreference option is currently ignored when calling requestAdapter() on Windows. See https://crbug.com/369219127 @ :0
[  210703ms] [WARNING] The powerPreference option is currently ignored when calling requestAdapter() on Windows. See https://crbug.com/369219127 @ :0
[  236263ms] [WARNING] The powerPreference option is currently ignored when calling requestAdapter() on Windows. See https://crbug.com/369219127 @ :0
[  236508ms] [WARNING] The powerPreference option is currently ignored when calling requestAdapter() on Windows. See https://crbug.com/369219127 @ :0
[  236550ms] [WARNING] The powerPreference option is currently ignored when calling requestAdapter() on Windows. See https://crbug.com/369219127 @ :0
[  236566ms] [WARNING] The powerPreference option is currently ignored when calling requestAdapter() on Windows. See https://crbug.com/369219127 @ :0
[  236711ms] [WARNING] The powerPreference option is currently ignored when calling requestAdapter() on Windows. See https://crbug.com/369219127 @ :0
[  359732ms] [ERROR] Permissions policy violation: compute-pressure is not allowed in this document. @ https://www.youtube.com/s/player/4fd832e7/player_embed_es6.vflset/en_GB/base.js:5401
[  412240ms] [WARNING] The powerPreference option is currently ignored when calling requestAdapter() on Windows. See https://crbug.com/369219127 @ :0
[  413246ms] [WARNING] The powerPreference option is currently ignored when calling requestAdapter() on Windows. See https://crbug.com/369219127 @ :0
[  414264ms] [WARNING] The powerPreference option is currently ignored when calling requestAdapter() on Windows. See https://crbug.com/369219127 @ :0
[  418318ms] [WARNING] The powerPreference option is currently ignored when calling requestAdapter() on Windows. See https://crbug.com/369219127 @ :0
[  419346ms] [WARNING] The powerPreference option is currently ignored when calling requestAdapter() on Windows. See https://crbug.com/369219127 @ :0
[  435547ms] [WARNING] The powerPreference option is currently ignored when calling requestAdapter() on Windows. See https://crbug.com/369219127 @ :0
[  436563ms] [WARNING] The powerPreference option is currently ignored when calling requestAdapter() on Windows. See https://crbug.com/369219127 @ :0
[  436582ms] [WARNING] The powerPreference option is currently ignored when calling requestAdapter() on Windows. See https://crbug.com/369219127 @ :0
[  438576ms] [WARNING] The powerPreference option is currently ignored when calling requestAdapter() on Windows. See https://crbug.com/369219127 @ :0
[  438661ms] [WARNING] The powerPreference option is currently ignored when calling requestAdapter() on Windows. See https://crbug.com/369219127 @ :0
[  443656ms] [WARNING] The powerPreference option is currently ignored when calling requestAdapter() on Windows. See https://crbug.com/369219127 @ :0
[  443670ms] [WARNING] The powerPreference option is currently ignored when calling requestAdapter() on Windows. See https://crbug.com/369219127 @ :0
[  447473ms] [WARNING] The powerPreference option is currently ignored when calling requestAdapter() on Windows. See https://crbug.com/369219127 @ :0
[  448486ms] [WARNING] The powerPreference option is currently ignored when calling requestAdapter() on Windows. See https://crbug.com/369219127 @ :0
[  464979ms] [ERROR] Permissions policy violation: compute-pressure is not allowed in this document. @ https://www.youtube.com/s/player/4fd832e7/player_embed_es6.vflset/en_GB/base.js:5401
[  469736ms] [WARNING] The powerPreference option is currently ignored when calling requestAdapter() on Windows. See https://crbug.com/369219127 @ :0
[  490158ms] [WARNING] The powerPreference option is currently ignored when calling requestAdapter() on Windows. See https://crbug.com/369219127 @ :0
[  509308ms] [WARNING] The powerPreference option is currently ignored when calling requestAdapter() on Windows. See https://crbug.com/369219127 @ :0
[  532109ms] [ERROR] Permissions policy violation: compute-pressure is not allowed in this document. @ https://www.youtube.com/s/player/4fd832e7/player_embed_es6.vflset/en_GB/base.js:5401
[  544170ms] [WARNING] The powerPreference option is currently ignored when calling requestAdapter() on Windows. See https://crbug.com/369219127 @ :0
[  547271ms] [WARNING] The powerPreference option is currently ignored when calling requestAdapter() on Windows. See https://crbug.com/369219127 @ :0
[  565285ms] [WARNING] The powerPreference option is currently ignored when calling requestAdapter() on Windows. See https://crbug.com/369219127 @ :0
[  594163ms] [WARNING] The powerPreference option is currently ignored when calling requestAdapter() on Windows. See https://crbug.com/369219127 @ :0
[  607294ms] [WARNING] The powerPreference option is currently ignored when calling requestAdapter() on Windows. See https://crbug.com/369219127 @ :0
[  627278ms] [WARNING] The powerPreference option is currently ignored when calling requestAdapter() on Windows. See https://crbug.com/369219127 @ :0
[  644854ms] [WARNING] The powerPreference option is currently ignored when calling requestAdapter() on Windows. See https://crbug.com/369219127 @ :0
[  664865ms] [WARNING] The powerPreference option is currently ignored when calling requestAdapter() on Windows. See https://crbug.com/369219127 @ :0
[   26431ms] [WARNING] The powerPreference option is currently ignored when calling requestAdapter() on Windows. See https://crbug.com/369219127 @ :0
[   27383ms] [WARNING] The powerPreference option is currently ignored when calling requestAdapter() on Windows. See https://crbug.com/369219127 @ :0
[   27582ms] [WARNING] The powerPreference option is currently ignored when calling requestAdapter() on Windows. See https://crbug.com/369219127 @ :0
[   27613ms] [WARNING] The powerPreference option is currently ignored when calling requestAdapter() on Windows. See https://crbug.com/369219127 @ :0
[   27630ms] [WARNING] The powerPreference option is currently ignored when calling requestAdapter() on Windows. See https://crbug.com/369219127 @ :0
[   27644ms] [WARNING] The powerPreference option is currently ignored when calling requestAdapter() on Windows. See https://crbug.com/369219127 @ :0
[   27660ms] [WARNING] The powerPreference option is currently ignored when calling requestAdapter() on Windows. See https://crbug.com/369219127 @ :0
[   27675ms] [WARNING] The powerPreference option is currently ignored when calling requestAdapter() on Windows. See https://crbug.com/369219127 @ :0
[   27708ms] [WARNING] The powerPreference option is currently ignored when calling requestAdapter() on Windows. See https://crbug.com/369219127 @ :0
[   27724ms] [WARNING] The powerPreference option is currently ignored when calling requestAdapter() on Windows. See https://crbug.com/369219127 @ :0
[   27767ms] [WARNING] The powerPreference option is currently ignored when calling requestAdapter() on Windows. See https://crbug.com/369219127 @ :0
[   27781ms] [WARNING] The powerPreference option is currently ignored when calling requestAdapter() on Windows. See https://crbug.com/369219127 @ :0
[   27801ms] [WARNING] The powerPreference option is currently ignored when calling requestAdapter() on Windows. See https://crbug.com/369219127 @ :0
[   27835ms] [WARNING] The powerPreference option is currently ignored when calling requestAdapter() on Windows. See https://crbug.com/369219127 @ :0
[   45570ms] [WARNING] The powerPreference option is currently ignored when calling requestAdapter() on Windows. See https://crbug.com/369219127 @ :0
[   67128ms] [WARNING] The powerPreference option is currently ignored when calling requestAdapter() on Windows. See https://crbug.com/369219127 @ :0
[   89283ms] [WARNING] The powerPreference option is currently ignored when calling requestAdapter() on Windows. See https://crbug.com/369219127 @ :0
[   91878ms] [WARNING] The powerPreference option is currently ignored when calling requestAdapter() on Windows. See https://crbug.com/369219127 @ :0
[   92870ms] [WARNING] The powerPreference option is currently ignored when calling requestAdapter() on Windows. See https://crbug.com/369219127 @ :0
[   92942ms] [WARNING] The powerPreference option is currently ignored when calling requestAdapter() on Windows. See https://crbug.com/369219127 @ :0
[   92973ms] [WARNING] The powerPreference option is currently ignored when calling requestAdapter() on Windows. See https://crbug.com/369219127 @ :0
[   93024ms] [WARNING] The powerPreference option is currently ignored when calling requestAdapter() on Windows. See https://crbug.com/369219127 @ :0
[   93044ms] [WARNING] The powerPreference option is currently ignored when calling requestAdapter() on Windows. See https://crbug.com/369219127 @ :0
[  113878ms] [WARNING] The powerPreference option is currently ignored when calling requestAdapter() on Windows. See https://crbug.com/369219127 @ :0
[  114104ms] [WARNING] The powerPreference option is currently ignored when calling requestAdapter() on Windows. See https://crbug.com/369219127 @ :0
[  114183ms] [WARNING] The powerPreference option is currently ignored when calling requestAdapter() on Windows. See https://crbug.com/369219127 @ :0
[  114203ms] [WARNING] The powerPreference option is currently ignored when calling requestAdapter() on Windows. See https://crbug.com/369219127 @ :0
[  114223ms] [WARNING] The powerPreference option is currently ignored when calling requestAdapter() on Windows. See https://crbug.com/369219127 @ :0
[  164059ms] [WARNING] The powerPreference option is currently ignored when calling requestAdapter() on Windows. See https://crbug.com/369219127 @ :0
[  168287ms] [WARNING] The powerPreference option is currently ignored when calling requestAdapter() on Windows. See https://crbug.com/369219127 @ :0
[  185632ms] [ERROR] Permissions policy violation: compute-pressure is not allowed in this document. @ https://www.youtube.com/s/player/4fd832e7/player_embed_es6.vflset/en_GB/base.js:5401
[  192695ms] [WARNING] The powerPreference option is currently ignored when calling requestAdapter() on Windows. See https://crbug.com/369219127 @ :0
[  192904ms] [WARNING] The powerPreference option is currently ignored when calling requestAdapter() on Windows. See https://crbug.com/369219127 @ :0
[  194930ms] [WARNING] The powerPreference option is currently ignored when calling requestAdapter() on Windows. See https://crbug.com/369219127 @ :0
[  194950ms] [WARNING] The powerPreference option is currently ignored when calling requestAdapter() on Windows. See https://crbug.com/369219127 @ :0
[  194970ms] [WARNING] The powerPreference option is currently ignored when calling requestAdapter() on Windows. See https://crbug.com/369219127 @ :0
[  199608ms] [ERROR] Permissions policy violation: compute-pressure is not allowed in this document. @ https://www.youtube.com/s/player/4fd832e7/player_embed_es6.vflset/en_GB/base.js:5401
[  203021ms] [ERROR] Permissions policy violation: compute-pressure is not allowed in this document. @ https://www.youtube.com/s/player/4fd832e7/player_embed_es6.vflset/en_GB/base.js:5401
[  203037ms] [ERROR] Permissions policy violation: compute-pressure is not allowed in this document. @ https://www.youtube.com/s/player/4fd832e7/player_embed_es6.vflset/en_GB/base.js:5401
[  208545ms] [WARNING] The powerPreference option is currently ignored when calling requestAdapter() on Windows. See https://crbug.com/369219127 @ :0
[  210008ms] [WARNING] The powerPreference option is currently ignored when calling requestAdapter() on Windows. See https://crbug.com/369219127 @ :0
[  210484ms] [WARNING] The powerPreference option is currently ignored when calling requestAdapter() on Windows. See https://crbug.com/369219127 @ :0
[  210578ms] [WARNING] The powerPreference option is currently ignored when calling requestAdapter() on Windows. See https://crbug.com/369219127 @ :0
[  210602ms] [WARNING] The powerPreference option is currently ignored when calling requestAdapter() on Windows. See https://crbug.com/369219127 @ :0
[  210625ms] [WARNING] The powerPreference option is currently ignored when calling requestAdapter() on Windows. See https://crbug.com/369219127 @ :0
[  210703ms] [WARNING] The powerPreference option is currently ignored when calling requestAdapter() on Windows. See https://crbug.com/369219127 @ :0
[  236263ms] [WARNING] The powerPreference option is currently ignored when calling requestAdapter() on Windows. See https://crbug.com/369219127 @ :0
[  236508ms] [WARNING] The powerPreference option is currently ignored when calling requestAdapter() on Windows. See https://crbug.com/369219127 @ :0
[  236550ms] [WARNING] The powerPreference option is currently ignored when calling requestAdapter() on Windows. See https://crbug.com/369219127 @ :0
[  236566ms] [WARNING] The powerPreference option is currently ignored when calling requestAdapter() on Windows. See https://crbug.com/369219127 @ :0
[  236711ms] [WARNING] The powerPreference option is currently ignored when calling requestAdapter() on Windows. See https://crbug.com/369219127 @ :0
[  359732ms] [ERROR] Permissions policy violation: compute-pressure is not allowed in this document. @ https://www.youtube.com/s/player/4fd832e7/player_embed_es6.vflset/en_GB/base.js:5401
[  412240ms] [WARNING] The powerPreference option is currently ignored when calling requestAdapter() on Windows. See https://crbug.com/369219127 @ :0
[  413246ms] [WARNING] The powerPreference option is currently ignored when calling requestAdapter() on Windows. See https://crbug.com/369219127 @ :0
[  414264ms] [WARNING] The powerPreference option is currently ignored when calling requestAdapter() on Windows. See https://crbug.com/369219127 @ :0
[  418318ms] [WARNING] The powerPreference option is currently ignored when calling requestAdapter() on Windows. See https://crbug.com/369219127 @ :0
[  419346ms] [WARNING] The powerPreference option is currently ignored when calling requestAdapter() on Windows. See https://crbug.com/369219127 @ :0
[  435547ms] [WARNING] The powerPreference option is currently ignored when calling requestAdapter() on Windows. See https://crbug.com/369219127 @ :0
[  436563ms] [WARNING] The powerPreference option is currently ignored when calling requestAdapter() on Windows. See https://crbug.com/369219127 @ :0
[  436582ms] [WARNING] The powerPreference option is currently ignored when calling requestAdapter() on Windows. See https://crbug.com/369219127 @ :0
[  438576ms] [WARNING] The powerPreference option is currently ignored when calling requestAdapter() on Windows. See https://crbug.com/369219127 @ :0
[  438661ms] [WARNING] The powerPreference option is currently ignored when calling requestAdapter() on Windows. See https://crbug.com/369219127 @ :0
[  443656ms] [WARNING] The powerPreference option is currently ignored when calling requestAdapter() on Windows. See https://crbug.com/369219127 @ :0
[  443670ms] [WARNING] The powerPreference option is currently ignored when calling requestAdapter() on Windows. See https://crbug.com/369219127 @ :0
[  447473ms] [WARNING] The powerPreference option is currently ignored when calling requestAdapter() on Windows. See https://crbug.com/369219127 @ :0
[  448486ms] [WARNING] The powerPreference option is currently ignored when calling requestAdapter() on Windows. See https://crbug.com/369219127 @ :0
[  464979ms] [ERROR] Permissions policy violation: compute-pressure is not allowed in this document. @ https://www.youtube.com/s/player/4fd832e7/player_embed_es6.vflset/en_GB/base.js:5401
[  469736ms] [WARNING] The powerPreference option is currently ignored when calling requestAdapter() on Windows. See https://crbug.com/369219127 @ :0
[  490158ms] [WARNING] The powerPreference option is currently ignored when calling requestAdapter() on Windows. See https://crbug.com/369219127 @ :0
[  509308ms] [WARNING] The powerPreference option is currently ignored when calling requestAdapter() on Windows. See https://crbug.com/369219127 @ :0
[  532109ms] [ERROR] Permissions policy violation: compute-pressure is not allowed in this document. @ https://www.youtube.com/s/player/4fd832e7/player_embed_es6.vflset/en_GB/base.js:5401
[  544170ms] [WARNING] The powerPreference option is currently ignored when calling requestAdapter() on Windows. See https://crbug.com/369219127 @ :0
[  547271ms] [WARNING] The powerPreference option is currently ignored when calling requestAdapter() on Windows. See https://crbug.com/369219127 @ :0
[  565285ms] [WARNING] The powerPreference option is currently ignored when calling requestAdapter() on Windows. See https://crbug.com/369219127 @ :0
[  594163ms] [WARNING] The powerPreference option is currently ignored when calling requestAdapter() on Windows. See https://crbug.com/369219127 @ :0
[  607294ms] [WARNING] The powerPreference option is currently ignored when calling requestAdapter() on Windows. See https://crbug.com/369219127 @ :0
[  627278ms] [WARNING] The powerPreference option is currently ignored when calling requestAdapter() on Windows. See https://crbug.com/369219127 @ :0
[  644854ms] [WARNING] The powerPreference option is currently ignored when calling requestAdapter() on Windows. See https://crbug.com/369219127 @ :0
[  664865ms] [WARNING] The powerPreference option is currently ignored when calling requestAdapter() on Windows. See https://crbug.com/369219127 @ :0
[  686072ms] [WARNING] The powerPreference option is currently ignored when calling requestAdapter() on Windows. See https://crbug.com/369219127 @ :0
[   26431ms] [WARNING] The powerPreference option is currently ignored when calling requestAdapter() on Windows. See https://crbug.com/369219127 @ :0
[   27383ms] [WARNING] The powerPreference option is currently ignored when calling requestAdapter() on Windows. See https://crbug.com/369219127 @ :0
[   27582ms] [WARNING] The powerPreference option is currently ignored when calling requestAdapter() on Windows. See https://crbug.com/369219127 @ :0
[   27613ms] [WARNING] The powerPreference option is currently ignored when calling requestAdapter() on Windows. See https://crbug.com/369219127 @ :0
[   27630ms] [WARNING] The powerPreference option is currently ignored when calling requestAdapter() on Windows. See https://crbug.com/369219127 @ :0
[   27644ms] [WARNING] The powerPreference option is currently ignored when calling requestAdapter() on Windows. See https://crbug.com/369219127 @ :0
[   27660ms] [WARNING] The powerPreference option is currently ignored when calling requestAdapter() on Windows. See https://crbug.com/369219127 @ :0
[   27675ms] [WARNING] The powerPreference option is currently ignored when calling requestAdapter() on Windows. See https://crbug.com/369219127 @ :0
[   27708ms] [WARNING] The powerPreference option is currently ignored when calling requestAdapter() on Windows. See https://crbug.com/369219127 @ :0
[   27724ms] [WARNING] The powerPreference option is currently ignored when calling requestAdapter() on Windows. See https://crbug.com/369219127 @ :0
[   27767ms] [WARNING] The powerPreference option is currently ignored when calling requestAdapter() on Windows. See https://crbug.com/369219127 @ :0
[   27781ms] [WARNING] The powerPreference option is currently ignored when calling requestAdapter() on Windows. See https://crbug.com/369219127 @ :0
[   27801ms] [WARNING] The powerPreference option is currently ignored when calling requestAdapter() on Windows. See https://crbug.com/369219127 @ :0
[   27835ms] [WARNING] The powerPreference option is currently ignored when calling requestAdapter() on Windows. See https://crbug.com/369219127 @ :0
[   45570ms] [WARNING] The powerPreference option is currently ignored when calling requestAdapter() on Windows. See https://crbug.com/369219127 @ :0
[   67128ms] [WARNING] The powerPreference option is currently ignored when calling requestAdapter() on Windows. See https://crbug.com/369219127 @ :0
[   89283ms] [WARNING] The powerPreference option is currently ignored when calling requestAdapter() on Windows. See https://crbug.com/369219127 @ :0
[   91878ms] [WARNING] The powerPreference option is currently ignored when calling requestAdapter() on Windows. See https://crbug.com/369219127 @ :0
[   92870ms] [WARNING] The powerPreference option is currently ignored when calling requestAdapter() on Windows. See https://crbug.com/369219127 @ :0
[   92942ms] [WARNING] The powerPreference option is currently ignored when calling requestAdapter() on Windows. See https://crbug.com/369219127 @ :0
[   92973ms] [WARNING] The powerPreference option is currently ignored when calling requestAdapter() on Windows. See https://crbug.com/369219127 @ :0
[   93024ms] [WARNING] The powerPreference option is currently ignored when calling requestAdapter() on Windows. See https://crbug.com/369219127 @ :0
[   93044ms] [WARNING] The powerPreference option is currently ignored when calling requestAdapter() on Windows. See https://crbug.com/369219127 @ :0
[  113878ms] [WARNING] The powerPreference option is currently ignored when calling requestAdapter() on Windows. See https://crbug.com/369219127 @ :0
[  114104ms] [WARNING] The powerPreference option is currently ignored when calling requestAdapter() on Windows. See https://crbug.com/369219127 @ :0
[  114183ms] [WARNING] The powerPreference option is currently ignored when calling requestAdapter() on Windows. See https://crbug.com/369219127 @ :0
[  114203ms] [WARNING] The powerPreference option is currently ignored when calling requestAdapter() on Windows. See https://crbug.com/369219127 @ :0
[  114223ms] [WARNING] The powerPreference option is currently ignored when calling requestAdapter() on Windows. See https://crbug.com/369219127 @ :0
[  164059ms] [WARNING] The powerPreference option is currently ignored when calling requestAdapter() on Windows. See https://crbug.com/369219127 @ :0
[  168287ms] [WARNING] The powerPreference option is currently ignored when calling requestAdapter() on Windows. See https://crbug.com/369219127 @ :0
[  185632ms] [ERROR] Permissions policy violation: compute-pressure is not allowed in this document. @ https://www.youtube.com/s/player/4fd832e7/player_embed_es6.vflset/en_GB/base.js:5401
[  192695ms] [WARNING] The powerPreference option is currently ignored when calling requestAdapter() on Windows. See https://crbug.com/369219127 @ :0
[  192904ms] [WARNING] The powerPreference option is currently ignored when calling requestAdapter() on Windows. See https://crbug.com/369219127 @ :0
[  194930ms] [WARNING] The powerPreference option is currently ignored when calling requestAdapter() on Windows. See https://crbug.com/369219127 @ :0
[  194950ms] [WARNING] The powerPreference option is currently ignored when calling requestAdapter() on Windows. See https://crbug.com/369219127 @ :0
[  194970ms] [WARNING] The powerPreference option is currently ignored when calling requestAdapter() on Windows. See https://crbug.com/369219127 @ :0
[  199608ms] [ERROR] Permissions policy violation: compute-pressure is not allowed in this document. @ https://www.youtube.com/s/player/4fd832e7/player_embed_es6.vflset/en_GB/base.js:5401
[  203021ms] [ERROR] Permissions policy violation: compute-pressure is not allowed in this document. @ https://www.youtube.com/s/player/4fd832e7/player_embed_es6.vflset/en_GB/base.js:5401
[  203037ms] [ERROR] Permissions policy violation: compute-pressure is not allowed in this document. @ https://www.youtube.com/s/player/4fd832e7/player_embed_es6.vflset/en_GB/base.js:5401
[  208545ms] [WARNING] The powerPreference option is currently ignored when calling requestAdapter() on Windows. See https://crbug.com/369219127 @ :0
[  210008ms] [WARNING] The powerPreference option is currently ignored when calling requestAdapter() on Windows. See https://crbug.com/369219127 @ :0
[  210484ms] [WARNING] The powerPreference option is currently ignored when calling requestAdapter() on Windows. See https://crbug.com/369219127 @ :0
[  210578ms] [WARNING] The powerPreference option is currently ignored when calling requestAdapter() on Windows. See https://crbug.com/369219127 @ :0
[  210602ms] [WARNING] The powerPreference option is currently ignored when calling requestAdapter() on Windows. See https://crbug.com/369219127 @ :0
[  210625ms] [WARNING] The powerPreference option is currently ignored when calling requestAdapter() on Windows. See https://crbug.com/369219127 @ :0
[  210703ms] [WARNING] The powerPreference option is currently ignored when calling requestAdapter() on Windows. See https://crbug.com/369219127 @ :0
[  236263ms] [WARNING] The powerPreference option is currently ignored when calling requestAdapter() on Windows. See https://crbug.com/369219127 @ :0
[  236508ms] [WARNING] The powerPreference option is currently ignored when calling requestAdapter() on Windows. See https://crbug.com/369219127 @ :0
[  236550ms] [WARNING] The powerPreference option is currently ignored when calling requestAdapter() on Windows. See https://crbug.com/369219127 @ :0
[  236566ms] [WARNING] The powerPreference option is currently ignored when calling requestAdapter() on Windows. See https://crbug.com/369219127 @ :0
[  236711ms] [WARNING] The powerPreference option is currently ignored when calling requestAdapter() on Windows. See https://crbug.com/369219127 @ :0
[  359732ms] [ERROR] Permissions policy violation: compute-pressure is not allowed in this document. @ https://www.youtube.com/s/player/4fd832e7/player_embed_es6.vflset/en_GB/base.js:5401
[  412240ms] [WARNING] The powerPreference option is currently ignored when calling requestAdapter() on Windows. See https://crbug.com/369219127 @ :0
[  413246ms] [WARNING] The powerPreference option is currently ignored when calling requestAdapter() on Windows. See https://crbug.com/369219127 @ :0
[  414264ms] [WARNING] The powerPreference option is currently ignored when calling requestAdapter() on Windows. See https://crbug.com/369219127 @ :0
[  418318ms] [WARNING] The powerPreference option is currently ignored when calling requestAdapter() on Windows. See https://crbug.com/369219127 @ :0
[  419346ms] [WARNING] The powerPreference option is currently ignored when calling requestAdapter() on Windows. See https://crbug.com/369219127 @ :0
[  435547ms] [WARNING] The powerPreference option is currently ignored when calling requestAdapter() on Windows. See https://crbug.com/369219127 @ :0
[  436563ms] [WARNING] The powerPreference option is currently ignored when calling requestAdapter() on Windows. See https://crbug.com/369219127 @ :0
[  436582ms] [WARNING] The powerPreference option is currently ignored when calling requestAdapter() on Windows. See https://crbug.com/369219127 @ :0
[  438576ms] [WARNING] The powerPreference option is currently ignored when calling requestAdapter() on Windows. See https://crbug.com/369219127 @ :0
[  438661ms] [WARNING] The powerPreference option is currently ignored when calling requestAdapter() on Windows. See https://crbug.com/369219127 @ :0
[  443656ms] [WARNING] The powerPreference option is currently ignored when calling requestAdapter() on Windows. See https://crbug.com/369219127 @ :0
[  443670ms] [WARNING] The powerPreference option is currently ignored when calling requestAdapter() on Windows. See https://crbug.com/369219127 @ :0
[  447473ms] [WARNING] The powerPreference option is currently ignored when calling requestAdapter() on Windows. See https://crbug.com/369219127 @ :0
[  448486ms] [WARNING] The powerPreference option is currently ignored when calling requestAdapter() on Windows. See https://crbug.com/369219127 @ :0
[  464979ms] [ERROR] Permissions policy violation: compute-pressure is not allowed in this document. @ https://www.youtube.com/s/player/4fd832e7/player_embed_es6.vflset/en_GB/base.js:5401
[  469736ms] [WARNING] The powerPreference option is currently ignored when calling requestAdapter() on Windows. See https://crbug.com/369219127 @ :0
[  490158ms] [WARNING] The powerPreference option is currently ignored when calling requestAdapter() on Windows. See https://crbug.com/369219127 @ :0
[  509308ms] [WARNING] The powerPreference option is currently ignored when calling requestAdapter() on Windows. See https://crbug.com/369219127 @ :0
[  532109ms] [ERROR] Permissions policy violation: compute-pressure is not allowed in this document. @ https://www.youtube.com/s/player/4fd832e7/player_embed_es6.vflset/en_GB/base.js:5401
[  544170ms] [WARNING] The powerPreference option is currently ignored when calling requestAdapter() on Windows. See https://crbug.com/369219127 @ :0
[  547271ms] [WARNING] The powerPreference option is currently ignored when calling requestAdapter() on Windows. See https://crbug.com/369219127 @ :0
[  565285ms] [WARNING] The powerPreference option is currently ignored when calling requestAdapter() on Windows. See https://crbug.com/369219127 @ :0
[  594163ms] [WARNING] The powerPreference option is currently ignored when calling requestAdapter() on Windows. See https://crbug.com/369219127 @ :0
[  607294ms] [WARNING] The powerPreference option is currently ignored when calling requestAdapter() on Windows. See https://crbug.com/369219127 @ :0
[  627278ms] [WARNING] The powerPreference option is currently ignored when calling requestAdapter() on Windows. See https://crbug.com/369219127 @ :0
[  644854ms] [WARNING] The powerPreference option is currently ignored when calling requestAdapter() on Windows. See https://crbug.com/369219127 @ :0
[  664865ms] [WARNING] The powerPreference option is currently ignored when calling requestAdapter() on Windows. See https://crbug.com/369219127 @ :0
[  686072ms] [WARNING] The powerPreference option is currently ignored when calling requestAdapter() on Windows. See https://crbug.com/369219127 @ :0
[  705457ms] [WARNING] The powerPreference option is currently ignored when calling requestAdapter() on Windows. See https://crbug.com/369219127 @ :0
[   26431ms] [WARNING] The powerPreference option is currently ignored when calling requestAdapter() on Windows. See https://crbug.com/369219127 @ :0
[   27383ms] [WARNING] The powerPreference option is currently ignored when calling requestAdapter() on Windows. See https://crbug.com/369219127 @ :0
[   27582ms] [WARNING] The powerPreference option is currently ignored when calling requestAdapter() on Windows. See https://crbug.com/369219127 @ :0
[   27613ms] [WARNING] The powerPreference option is currently ignored when calling requestAdapter() on Windows. See https://crbug.com/369219127 @ :0
[   27630ms] [WARNING] The powerPreference option is currently ignored when calling requestAdapter() on Windows. See https://crbug.com/369219127 @ :0
[   27644ms] [WARNING] The powerPreference option is currently ignored when calling requestAdapter() on Windows. See https://crbug.com/369219127 @ :0
[   27660ms] [WARNING] The powerPreference option is currently ignored when calling requestAdapter() on Windows. See https://crbug.com/369219127 @ :0
[   27675ms] [WARNING] The powerPreference option is currently ignored when calling requestAdapter() on Windows. See https://crbug.com/369219127 @ :0
[   27708ms] [WARNING] The powerPreference option is currently ignored when calling requestAdapter() on Windows. See https://crbug.com/369219127 @ :0
[   27724ms] [WARNING] The powerPreference option is currently ignored when calling requestAdapter() on Windows. See https://crbug.com/369219127 @ :0
[   27767ms] [WARNING] The powerPreference option is currently ignored when calling requestAdapter() on Windows. See https://crbug.com/369219127 @ :0
[   27781ms] [WARNING] The powerPreference option is currently ignored when calling requestAdapter() on Windows. See https://crbug.com/369219127 @ :0
[   27801ms] [WARNING] The powerPreference option is currently ignored when calling requestAdapter() on Windows. See https://crbug.com/369219127 @ :0
[   27835ms] [WARNING] The powerPreference option is currently ignored when calling requestAdapter() on Windows. See https://crbug.com/369219127 @ :0
[   45570ms] [WARNING] The powerPreference option is currently ignored when calling requestAdapter() on Windows. See https://crbug.com/369219127 @ :0
[   67128ms] [WARNING] The powerPreference option is currently ignored when calling requestAdapter() on Windows. See https://crbug.com/369219127 @ :0
[   89283ms] [WARNING] The powerPreference option is currently ignored when calling requestAdapter() on Windows. See https://crbug.com/369219127 @ :0
[   91878ms] [WARNING] The powerPreference option is currently ignored when calling requestAdapter() on Windows. See https://crbug.com/369219127 @ :0
[   92870ms] [WARNING] The powerPreference option is currently ignored when calling requestAdapter() on Windows. See https://crbug.com/369219127 @ :0
[   92942ms] [WARNING] The powerPreference option is currently ignored when calling requestAdapter() on Windows. See https://crbug.com/369219127 @ :0
[   92973ms] [WARNING] The powerPreference option is currently ignored when calling requestAdapter() on Windows. See https://crbug.com/369219127 @ :0
[   93024ms] [WARNING] The powerPreference option is currently ignored when calling requestAdapter() on Windows. See https://crbug.com/369219127 @ :0
[   93044ms] [WARNING] The powerPreference option is currently ignored when calling requestAdapter() on Windows. See https://crbug.com/369219127 @ :0
[  113878ms] [WARNING] The powerPreference option is currently ignored when calling requestAdapter() on Windows. See https://crbug.com/369219127 @ :0
[  114104ms] [WARNING] The powerPreference option is currently ignored when calling requestAdapter() on Windows. See https://crbug.com/369219127 @ :0
[  114183ms] [WARNING] The powerPreference option is currently ignored when calling requestAdapter() on Windows. See https://crbug.com/369219127 @ :0
[  114203ms] [WARNING] The powerPreference option is currently ignored when calling requestAdapter() on Windows. See https://crbug.com/369219127 @ :0
[  114223ms] [WARNING] The powerPreference option is currently ignored when calling requestAdapter() on Windows. See https://crbug.com/369219127 @ :0
[  164059ms] [WARNING] The powerPreference option is currently ignored when calling requestAdapter() on Windows. See https://crbug.com/369219127 @ :0
[  168287ms] [WARNING] The powerPreference option is currently ignored when calling requestAdapter() on Windows. See https://crbug.com/369219127 @ :0
[  185632ms] [ERROR] Permissions policy violation: compute-pressure is not allowed in this document. @ https://www.youtube.com/s/player/4fd832e7/player_embed_es6.vflset/en_GB/base.js:5401
[  192695ms] [WARNING] The powerPreference option is currently ignored when calling requestAdapter() on Windows. See https://crbug.com/369219127 @ :0
[  192904ms] [WARNING] The powerPreference option is currently ignored when calling requestAdapter() on Windows. See https://crbug.com/369219127 @ :0
[  194930ms] [WARNING] The powerPreference option is currently ignored when calling requestAdapter() on Windows. See https://crbug.com/369219127 @ :0
[  194950ms] [WARNING] The powerPreference option is currently ignored when calling requestAdapter() on Windows. See https://crbug.com/369219127 @ :0
[  194970ms] [WARNING] The powerPreference option is currently ignored when calling requestAdapter() on Windows. See https://crbug.com/369219127 @ :0
[  199608ms] [ERROR] Permissions policy violation: compute-pressure is not allowed in this document. @ https://www.youtube.com/s/player/4fd832e7/player_embed_es6.vflset/en_GB/base.js:5401
[  203021ms] [ERROR] Permissions policy violation: compute-pressure is not allowed in this document. @ https://www.youtube.com/s/player/4fd832e7/player_embed_es6.vflset/en_GB/base.js:5401
[  203037ms] [ERROR] Permissions policy violation: compute-pressure is not allowed in this document. @ https://www.youtube.com/s/player/4fd832e7/player_embed_es6.vflset/en_GB/base.js:5401
[  208545ms] [WARNING] The powerPreference option is currently ignored when calling requestAdapter() on Windows. See https://crbug.com/369219127 @ :0
[  210008ms] [WARNING] The powerPreference option is currently ignored when calling requestAdapter() on Windows. See https://crbug.com/369219127 @ :0
[  210484ms] [WARNING] The powerPreference option is currently ignored when calling requestAdapter() on Windows. See https://crbug.com/369219127 @ :0
[  210578ms] [WARNING] The powerPreference option is currently ignored when calling requestAdapter() on Windows. See https://crbug.com/369219127 @ :0
[  210602ms] [WARNING] The powerPreference option is currently ignored when calling requestAdapter() on Windows. See https://crbug.com/369219127 @ :0
[  210625ms] [WARNING] The powerPreference option is currently ignored when calling requestAdapter() on Windows. See https://crbug.com/369219127 @ :0
[  210703ms] [WARNING] The powerPreference option is currently ignored when calling requestAdapter() on Windows. See https://crbug.com/369219127 @ :0
[  236263ms] [WARNING] The powerPreference option is currently ignored when calling requestAdapter() on Windows. See https://crbug.com/369219127 @ :0
[  236508ms] [WARNING] The powerPreference option is currently ignored when calling requestAdapter() on Windows. See https://crbug.com/369219127 @ :0
[  236550ms] [WARNING] The powerPreference option is currently ignored when calling requestAdapter() on Windows. See https://crbug.com/369219127 @ :0
[  236566ms] [WARNING] The powerPreference option is currently ignored when calling requestAdapter() on Windows. See https://crbug.com/369219127 @ :0
[  236711ms] [WARNING] The powerPreference option is currently ignored when calling requestAdapter() on Windows. See https://crbug.com/369219127 @ :0
[  359732ms] [ERROR] Permissions policy violation: compute-pressure is not allowed in this document. @ https://www.youtube.com/s/player/4fd832e7/player_embed_es6.vflset/en_GB/base.js:5401
[  412240ms] [WARNING] The powerPreference option is currently ignored when calling requestAdapter() on Windows. See https://crbug.com/369219127 @ :0
[  413246ms] [WARNING] The powerPreference option is currently ignored when calling requestAdapter() on Windows. See https://crbug.com/369219127 @ :0
[  414264ms] [WARNING] The powerPreference option is currently ignored when calling requestAdapter() on Windows. See https://crbug.com/369219127 @ :0
[  418318ms] [WARNING] The powerPreference option is currently ignored when calling requestAdapter() on Windows. See https://crbug.com/369219127 @ :0
[  419346ms] [WARNING] The powerPreference option is currently ignored when calling requestAdapter() on Windows. See https://crbug.com/369219127 @ :0
[  435547ms] [WARNING] The powerPreference option is currently ignored when calling requestAdapter() on Windows. See https://crbug.com/369219127 @ :0
[  436563ms] [WARNING] The powerPreference option is currently ignored when calling requestAdapter() on Windows. See https://crbug.com/369219127 @ :0
[  436582ms] [WARNING] The powerPreference option is currently ignored when calling requestAdapter() on Windows. See https://crbug.com/369219127 @ :0
[  438576ms] [WARNING] The powerPreference option is currently ignored when calling requestAdapter() on Windows. See https://crbug.com/369219127 @ :0
[  438661ms] [WARNING] The powerPreference option is currently ignored when calling requestAdapter() on Windows. See https://crbug.com/369219127 @ :0
[  443656ms] [WARNING] The powerPreference option is currently ignored when calling requestAdapter() on Windows. See https://crbug.com/369219127 @ :0
[  443670ms] [WARNING] The powerPreference option is currently ignored when calling requestAdapter() on Windows. See https://crbug.com/369219127 @ :0
[  447473ms] [WARNING] The powerPreference option is currently ignored when calling requestAdapter() on Windows. See https://crbug.com/369219127 @ :0
[  448486ms] [WARNING] The powerPreference option is currently ignored when calling requestAdapter() on Windows. See https://crbug.com/369219127 @ :0
[  464979ms] [ERROR] Permissions policy violation: compute-pressure is not allowed in this document. @ https://www.youtube.com/s/player/4fd832e7/player_embed_es6.vflset/en_GB/base.js:5401
[  469736ms] [WARNING] The powerPreference option is currently ignored when calling requestAdapter() on Windows. See https://crbug.com/369219127 @ :0
[  490158ms] [WARNING] The powerPreference option is currently ignored when calling requestAdapter() on Windows. See https://crbug.com/369219127 @ :0
[  509308ms] [WARNING] The powerPreference option is currently ignored when calling requestAdapter() on Windows. See https://crbug.com/369219127 @ :0
[  532109ms] [ERROR] Permissions policy violation: compute-pressure is not allowed in this document. @ https://www.youtube.com/s/player/4fd832e7/player_embed_es6.vflset/en_GB/base.js:5401
[  544170ms] [WARNING] The powerPreference option is currently ignored when calling requestAdapter() on Windows. See https://crbug.com/369219127 @ :0
[  547271ms] [WARNING] The powerPreference option is currently ignored when calling requestAdapter() on Windows. See https://crbug.com/369219127 @ :0
[  565285ms] [WARNING] The powerPreference option is currently ignored when calling requestAdapter() on Windows. See https://crbug.com/369219127 @ :0
[  594163ms] [WARNING] The powerPreference option is currently ignored when calling requestAdapter() on Windows. See https://crbug.com/369219127 @ :0
[  607294ms] [WARNING] The powerPreference option is currently ignored when calling requestAdapter() on Windows. See https://crbug.com/369219127 @ :0
[  627278ms] [WARNING] The powerPreference option is currently ignored when calling requestAdapter() on Windows. See https://crbug.com/369219127 @ :0
[  644854ms] [WARNING] The powerPreference option is currently ignored when calling requestAdapter() on Windows. See https://crbug.com/369219127 @ :0
[  664865ms] [WARNING] The powerPreference option is currently ignored when calling requestAdapter() on Windows. See https://crbug.com/369219127 @ :0
[  686072ms] [WARNING] The powerPreference option is currently ignored when calling requestAdapter() on Windows. See https://crbug.com/369219127 @ :0
[  705457ms] [WARNING] The powerPreference option is currently ignored when calling requestAdapter() on Windows. See https://crbug.com/369219127 @ :0
[  729125ms] [WARNING] The powerPreference option is currently ignored when calling requestAdapter() on Windows. See https://crbug.com/369219127 @ :0
[   26431ms] [WARNING] The powerPreference option is currently ignored when calling requestAdapter() on Windows. See https://crbug.com/369219127 @ :0
[   27383ms] [WARNING] The powerPreference option is currently ignored when calling requestAdapter() on Windows. See https://crbug.com/369219127 @ :0
[   27582ms] [WARNING] The powerPreference option is currently ignored when calling requestAdapter() on Windows. See https://crbug.com/369219127 @ :0
[   27613ms] [WARNING] The powerPreference option is currently ignored when calling requestAdapter() on Windows. See https://crbug.com/369219127 @ :0
[   27630ms] [WARNING] The powerPreference option is currently ignored when calling requestAdapter() on Windows. See https://crbug.com/369219127 @ :0
[   27644ms] [WARNING] The powerPreference option is currently ignored when calling requestAdapter() on Windows. See https://crbug.com/369219127 @ :0
[   27660ms] [WARNING] The powerPreference option is currently ignored when calling requestAdapter() on Windows. See https://crbug.com/369219127 @ :0
[   27675ms] [WARNING] The powerPreference option is currently ignored when calling requestAdapter() on Windows. See https://crbug.com/369219127 @ :0
[   27708ms] [WARNING] The powerPreference option is currently ignored when calling requestAdapter() on Windows. See https://crbug.com/369219127 @ :0
[   27724ms] [WARNING] The powerPreference option is currently ignored when calling requestAdapter() on Windows. See https://crbug.com/369219127 @ :0
[   27767ms] [WARNING] The powerPreference option is currently ignored when calling requestAdapter() on Windows. See https://crbug.com/369219127 @ :0
[   27781ms] [WARNING] The powerPreference option is currently ignored when calling requestAdapter() on Windows. See https://crbug.com/369219127 @ :0
[   27801ms] [WARNING] The powerPreference option is currently ignored when calling requestAdapter() on Windows. See https://crbug.com/369219127 @ :0
[   27835ms] [WARNING] The powerPreference option is currently ignored when calling requestAdapter() on Windows. See https://crbug.com/369219127 @ :0
[   45570ms] [WARNING] The powerPreference option is currently ignored when calling requestAdapter() on Windows. See https://crbug.com/369219127 @ :0
[   67128ms] [WARNING] The powerPreference option is currently ignored when calling requestAdapter() on Windows. See https://crbug.com/369219127 @ :0
[   89283ms] [WARNING] The powerPreference option is currently ignored when calling requestAdapter() on Windows. See https://crbug.com/369219127 @ :0
[   91878ms] [WARNING] The powerPreference option is currently ignored when calling requestAdapter() on Windows. See https://crbug.com/369219127 @ :0
[   92870ms] [WARNING] The powerPreference option is currently ignored when calling requestAdapter() on Windows. See https://crbug.com/369219127 @ :0
[   92942ms] [WARNING] The powerPreference option is currently ignored when calling requestAdapter() on Windows. See https://crbug.com/369219127 @ :0
[   92973ms] [WARNING] The powerPreference option is currently ignored when calling requestAdapter() on Windows. See https://crbug.com/369219127 @ :0
[   93024ms] [WARNING] The powerPreference option is currently ignored when calling requestAdapter() on Windows. See https://crbug.com/369219127 @ :0
[   93044ms] [WARNING] The powerPreference option is currently ignored when calling requestAdapter() on Windows. See https://crbug.com/369219127 @ :0
[  113878ms] [WARNING] The powerPreference option is currently ignored when calling requestAdapter() on Windows. See https://crbug.com/369219127 @ :0
[  114104ms] [WARNING] The powerPreference option is currently ignored when calling requestAdapter() on Windows. See https://crbug.com/369219127 @ :0
[  114183ms] [WARNING] The powerPreference option is currently ignored when calling requestAdapter() on Windows. See https://crbug.com/369219127 @ :0
[  114203ms] [WARNING] The powerPreference option is currently ignored when calling requestAdapter() on Windows. See https://crbug.com/369219127 @ :0
[  114223ms] [WARNING] The powerPreference option is currently ignored when calling requestAdapter() on Windows. See https://crbug.com/369219127 @ :0
[  164059ms] [WARNING] The powerPreference option is currently ignored when calling requestAdapter() on Windows. See https://crbug.com/369219127 @ :0
[  168287ms] [WARNING] The powerPreference option is currently ignored when calling requestAdapter() on Windows. See https://crbug.com/369219127 @ :0
[  185632ms] [ERROR] Permissions policy violation: compute-pressure is not allowed in this document. @ https://www.youtube.com/s/player/4fd832e7/player_embed_es6.vflset/en_GB/base.js:5401
[  192695ms] [WARNING] The powerPreference option is currently ignored when calling requestAdapter() on Windows. See https://crbug.com/369219127 @ :0
[  192904ms] [WARNING] The powerPreference option is currently ignored when calling requestAdapter() on Windows. See https://crbug.com/369219127 @ :0
[  194930ms] [WARNING] The powerPreference option is currently ignored when calling requestAdapter() on Windows. See https://crbug.com/369219127 @ :0
[  194950ms] [WARNING] The powerPreference option is currently ignored when calling requestAdapter() on Windows. See https://crbug.com/369219127 @ :0
[  194970ms] [WARNING] The powerPreference option is currently ignored when calling requestAdapter() on Windows. See https://crbug.com/369219127 @ :0
[  199608ms] [ERROR] Permissions policy violation: compute-pressure is not allowed in this document. @ https://www.youtube.com/s/player/4fd832e7/player_embed_es6.vflset/en_GB/base.js:5401
[  203021ms] [ERROR] Permissions policy violation: compute-pressure is not allowed in this document. @ https://www.youtube.com/s/player/4fd832e7/player_embed_es6.vflset/en_GB/base.js:5401
[  203037ms] [ERROR] Permissions policy violation: compute-pressure is not allowed in this document. @ https://www.youtube.com/s/player/4fd832e7/player_embed_es6.vflset/en_GB/base.js:5401
[  208545ms] [WARNING] The powerPreference option is currently ignored when calling requestAdapter() on Windows. See https://crbug.com/369219127 @ :0
[  210008ms] [WARNING] The powerPreference option is currently ignored when calling requestAdapter() on Windows. See https://crbug.com/369219127 @ :0
[  210484ms] [WARNING] The powerPreference option is currently ignored when calling requestAdapter() on Windows. See https://crbug.com/369219127 @ :0
[  210578ms] [WARNING] The powerPreference option is currently ignored when calling requestAdapter() on Windows. See https://crbug.com/369219127 @ :0
[  210602ms] [WARNING] The powerPreference option is currently ignored when calling requestAdapter() on Windows. See https://crbug.com/369219127 @ :0
[  210625ms] [WARNING] The powerPreference option is currently ignored when calling requestAdapter() on Windows. See https://crbug.com/369219127 @ :0
[  210703ms] [WARNING] The powerPreference option is currently ignored when calling requestAdapter() on Windows. See https://crbug.com/369219127 @ :0
[  236263ms] [WARNING] The powerPreference option is currently ignored when calling requestAdapter() on Windows. See https://crbug.com/369219127 @ :0
[  236508ms] [WARNING] The powerPreference option is currently ignored when calling requestAdapter() on Windows. See https://crbug.com/369219127 @ :0
[  236550ms] [WARNING] The powerPreference option is currently ignored when calling requestAdapter() on Windows. See https://crbug.com/369219127 @ :0
[  236566ms] [WARNING] The powerPreference option is currently ignored when calling requestAdapter() on Windows. See https://crbug.com/369219127 @ :0
[  236711ms] [WARNING] The powerPreference option is currently ignored when calling requestAdapter() on Windows. See https://crbug.com/369219127 @ :0
[  359732ms] [ERROR] Permissions policy violation: compute-pressure is not allowed in this document. @ https://www.youtube.com/s/player/4fd832e7/player_embed_es6.vflset/en_GB/base.js:5401
[  412240ms] [WARNING] The powerPreference option is currently ignored when calling requestAdapter() on Windows. See https://crbug.com/369219127 @ :0
[  413246ms] [WARNING] The powerPreference option is currently ignored when calling requestAdapter() on Windows. See https://crbug.com/369219127 @ :0
[  414264ms] [WARNING] The powerPreference option is currently ignored when calling requestAdapter() on Windows. See https://crbug.com/369219127 @ :0
[  418318ms] [WARNING] The powerPreference option is currently ignored when calling requestAdapter() on Windows. See https://crbug.com/369219127 @ :0
[  419346ms] [WARNING] The powerPreference option is currently ignored when calling requestAdapter() on Windows. See https://crbug.com/369219127 @ :0
[  435547ms] [WARNING] The powerPreference option is currently ignored when calling requestAdapter() on Windows. See https://crbug.com/369219127 @ :0
[  436563ms] [WARNING] The powerPreference option is currently ignored when calling requestAdapter() on Windows. See https://crbug.com/369219127 @ :0
[  436582ms] [WARNING] The powerPreference option is currently ignored when calling requestAdapter() on Windows. See https://crbug.com/369219127 @ :0
[  438576ms] [WARNING] The powerPreference option is currently ignored when calling requestAdapter() on Windows. See https://crbug.com/369219127 @ :0
[  438661ms] [WARNING] The powerPreference option is currently ignored when calling requestAdapter() on Windows. See https://crbug.com/369219127 @ :0
[  443656ms] [WARNING] The powerPreference option is currently ignored when calling requestAdapter() on Windows. See https://crbug.com/369219127 @ :0
[  443670ms] [WARNING] The powerPreference option is currently ignored when calling requestAdapter() on Windows. See https://crbug.com/369219127 @ :0
[  447473ms] [WARNING] The powerPreference option is currently ignored when calling requestAdapter() on Windows. See https://crbug.com/369219127 @ :0
[  448486ms] [WARNING] The powerPreference option is currently ignored when calling requestAdapter() on Windows. See https://crbug.com/369219127 @ :0
[  464979ms] [ERROR] Permissions policy violation: compute-pressure is not allowed in this document. @ https://www.youtube.com/s/player/4fd832e7/player_embed_es6.vflset/en_GB/base.js:5401
[  469736ms] [WARNING] The powerPreference option is currently ignored when calling requestAdapter() on Windows. See https://crbug.com/369219127 @ :0
[  490158ms] [WARNING] The powerPreference option is currently ignored when calling requestAdapter() on Windows. See https://crbug.com/369219127 @ :0
[  509308ms] [WARNING] The powerPreference option is currently ignored when calling requestAdapter() on Windows. See https://crbug.com/369219127 @ :0
[  532109ms] [ERROR] Permissions policy violation: compute-pressure is not allowed in this document. @ https://www.youtube.com/s/player/4fd832e7/player_embed_es6.vflset/en_GB/base.js:5401
[  544170ms] [WARNING] The powerPreference option is currently ignored when calling requestAdapter() on Windows. See https://crbug.com/369219127 @ :0
[  547271ms] [WARNING] The powerPreference option is currently ignored when calling requestAdapter() on Windows. See https://crbug.com/369219127 @ :0
[  565285ms] [WARNING] The powerPreference option is currently ignored when calling requestAdapter() on Windows. See https://crbug.com/369219127 @ :0
[  594163ms] [WARNING] The powerPreference option is currently ignored when calling requestAdapter() on Windows. See https://crbug.com/369219127 @ :0
[  607294ms] [WARNING] The powerPreference option is currently ignored when calling requestAdapter() on Windows. See https://crbug.com/369219127 @ :0
[  627278ms] [WARNING] The powerPreference option is currently ignored when calling requestAdapter() on Windows. See https://crbug.com/369219127 @ :0
[  644854ms] [WARNING] The powerPreference option is currently ignored when calling requestAdapter() on Windows. See https://crbug.com/369219127 @ :0
[  664865ms] [WARNING] The powerPreference option is currently ignored when calling requestAdapter() on Windows. See https://crbug.com/369219127 @ :0
[  686072ms] [WARNING] The powerPreference option is currently ignored when calling requestAdapter() on Windows. See https://crbug.com/369219127 @ :0
[  705457ms] [WARNING] The powerPreference option is currently ignored when calling requestAdapter() on Windows. See https://crbug.com/369219127 @ :0
[  729125ms] [WARNING] The powerPreference option is currently ignored when calling requestAdapter() on Windows. See https://crbug.com/369219127 @ :0
[  749173ms] [WARNING] The powerPreference option is currently ignored when calling requestAdapter() on Windows. See https://crbug.com/369219127 @ :0
[   26431ms] [WARNING] The powerPreference option is currently ignored when calling requestAdapter() on Windows. See https://crbug.com/369219127 @ :0
[   27383ms] [WARNING] The powerPreference option is currently ignored when calling requestAdapter() on Windows. See https://crbug.com/369219127 @ :0
[   27582ms] [WARNING] The powerPreference option is currently ignored when calling requestAdapter() on Windows. See https://crbug.com/369219127 @ :0
[   27613ms] [WARNING] The powerPreference option is currently ignored when calling requestAdapter() on Windows. See https://crbug.com/369219127 @ :0
[   27630ms] [WARNING] The powerPreference option is currently ignored when calling requestAdapter() on Windows. See https://crbug.com/369219127 @ :0
[   27644ms] [WARNING] The powerPreference option is currently ignored when calling requestAdapter() on Windows. See https://crbug.com/369219127 @ :0
[   27660ms] [WARNING] The powerPreference option is currently ignored when calling requestAdapter() on Windows. See https://crbug.com/369219127 @ :0
[   27675ms] [WARNING] The powerPreference option is currently ignored when calling requestAdapter() on Windows. See https://crbug.com/369219127 @ :0
[   27708ms] [WARNING] The powerPreference option is currently ignored when calling requestAdapter() on Windows. See https://crbug.com/369219127 @ :0
[   27724ms] [WARNING] The powerPreference option is currently ignored when calling requestAdapter() on Windows. See https://crbug.com/369219127 @ :0
[   27767ms] [WARNING] The powerPreference option is currently ignored when calling requestAdapter() on Windows. See https://crbug.com/369219127 @ :0
[   27781ms] [WARNING] The powerPreference option is currently ignored when calling requestAdapter() on Windows. See https://crbug.com/369219127 @ :0
[   27801ms] [WARNING] The powerPreference option is currently ignored when calling requestAdapter() on Windows. See https://crbug.com/369219127 @ :0
[   27835ms] [WARNING] The powerPreference option is currently ignored when calling requestAdapter() on Windows. See https://crbug.com/369219127 @ :0
[   45570ms] [WARNING] The powerPreference option is currently ignored when calling requestAdapter() on Windows. See https://crbug.com/369219127 @ :0
[   67128ms] [WARNING] The powerPreference option is currently ignored when calling requestAdapter() on Windows. See https://crbug.com/369219127 @ :0
[   89283ms] [WARNING] The powerPreference option is currently ignored when calling requestAdapter() on Windows. See https://crbug.com/369219127 @ :0
[   91878ms] [WARNING] The powerPreference option is currently ignored when calling requestAdapter() on Windows. See https://crbug.com/369219127 @ :0
[   92870ms] [WARNING] The powerPreference option is currently ignored when calling requestAdapter() on Windows. See https://crbug.com/369219127 @ :0
[   92942ms] [WARNING] The powerPreference option is currently ignored when calling requestAdapter() on Windows. See https://crbug.com/369219127 @ :0
[   92973ms] [WARNING] The powerPreference option is currently ignored when calling requestAdapter() on Windows. See https://crbug.com/369219127 @ :0
[   93024ms] [WARNING] The powerPreference option is currently ignored when calling requestAdapter() on Windows. See https://crbug.com/369219127 @ :0
[   93044ms] [WARNING] The powerPreference option is currently ignored when calling requestAdapter() on Windows. See https://crbug.com/369219127 @ :0
[  113878ms] [WARNING] The powerPreference option is currently ignored when calling requestAdapter() on Windows. See https://crbug.com/369219127 @ :0
[  114104ms] [WARNING] The powerPreference option is currently ignored when calling requestAdapter() on Windows. See https://crbug.com/369219127 @ :0
[  114183ms] [WARNING] The powerPreference option is currently ignored when calling requestAdapter() on Windows. See https://crbug.com/369219127 @ :0
[  114203ms] [WARNING] The powerPreference option is currently ignored when calling requestAdapter() on Windows. See https://crbug.com/369219127 @ :0
[  114223ms] [WARNING] The powerPreference option is currently ignored when calling requestAdapter() on Windows. See https://crbug.com/369219127 @ :0
[  164059ms] [WARNING] The powerPreference option is currently ignored when calling requestAdapter() on Windows. See https://crbug.com/369219127 @ :0
[  168287ms] [WARNING] The powerPreference option is currently ignored when calling requestAdapter() on Windows. See https://crbug.com/369219127 @ :0
[  185632ms] [ERROR] Permissions policy violation: compute-pressure is not allowed in this document. @ https://www.youtube.com/s/player/4fd832e7/player_embed_es6.vflset/en_GB/base.js:5401
[  192695ms] [WARNING] The powerPreference option is currently ignored when calling requestAdapter() on Windows. See https://crbug.com/369219127 @ :0
[  192904ms] [WARNING] The powerPreference option is currently ignored when calling requestAdapter() on Windows. See https://crbug.com/369219127 @ :0
[  194930ms] [WARNING] The powerPreference option is currently ignored when calling requestAdapter() on Windows. See https://crbug.com/369219127 @ :0
[  194950ms] [WARNING] The powerPreference option is currently ignored when calling requestAdapter() on Windows. See https://crbug.com/369219127 @ :0
[  194970ms] [WARNING] The powerPreference option is currently ignored when calling requestAdapter() on Windows. See https://crbug.com/369219127 @ :0
[  199608ms] [ERROR] Permissions policy violation: compute-pressure is not allowed in this document. @ https://www.youtube.com/s/player/4fd832e7/player_embed_es6.vflset/en_GB/base.js:5401
[  203021ms] [ERROR] Permissions policy violation: compute-pressure is not allowed in this document. @ https://www.youtube.com/s/player/4fd832e7/player_embed_es6.vflset/en_GB/base.js:5401
[  203037ms] [ERROR] Permissions policy violation: compute-pressure is not allowed in this document. @ https://www.youtube.com/s/player/4fd832e7/player_embed_es6.vflset/en_GB/base.js:5401
[  208545ms] [WARNING] The powerPreference option is currently ignored when calling requestAdapter() on Windows. See https://crbug.com/369219127 @ :0
[  210008ms] [WARNING] The powerPreference option is currently ignored when calling requestAdapter() on Windows. See https://crbug.com/369219127 @ :0
[  210484ms] [WARNING] The powerPreference option is currently ignored when calling requestAdapter() on Windows. See https://crbug.com/369219127 @ :0
[  210578ms] [WARNING] The powerPreference option is currently ignored when calling requestAdapter() on Windows. See https://crbug.com/369219127 @ :0
[  210602ms] [WARNING] The powerPreference option is currently ignored when calling requestAdapter() on Windows. See https://crbug.com/369219127 @ :0
[  210625ms] [WARNING] The powerPreference option is currently ignored when calling requestAdapter() on Windows. See https://crbug.com/369219127 @ :0
[  210703ms] [WARNING] The powerPreference option is currently ignored when calling requestAdapter() on Windows. See https://crbug.com/369219127 @ :0
[  236263ms] [WARNING] The powerPreference option is currently ignored when calling requestAdapter() on Windows. See https://crbug.com/369219127 @ :0
[  236508ms] [WARNING] The powerPreference option is currently ignored when calling requestAdapter() on Windows. See https://crbug.com/369219127 @ :0
[  236550ms] [WARNING] The powerPreference option is currently ignored when calling requestAdapter() on Windows. See https://crbug.com/369219127 @ :0
[  236566ms] [WARNING] The powerPreference option is currently ignored when calling requestAdapter() on Windows. See https://crbug.com/369219127 @ :0
[  236711ms] [WARNING] The powerPreference option is currently ignored when calling requestAdapter() on Windows. See https://crbug.com/369219127 @ :0
[  359732ms] [ERROR] Permissions policy violation: compute-pressure is not allowed in this document. @ https://www.youtube.com/s/player/4fd832e7/player_embed_es6.vflset/en_GB/base.js:5401
[  412240ms] [WARNING] The powerPreference option is currently ignored when calling requestAdapter() on Windows. See https://crbug.com/369219127 @ :0
[  413246ms] [WARNING] The powerPreference option is currently ignored when calling requestAdapter() on Windows. See https://crbug.com/369219127 @ :0
[  414264ms] [WARNING] The powerPreference option is currently ignored when calling requestAdapter() on Windows. See https://crbug.com/369219127 @ :0
[  418318ms] [WARNING] The powerPreference option is currently ignored when calling requestAdapter() on Windows. See https://crbug.com/369219127 @ :0
[  419346ms] [WARNING] The powerPreference option is currently ignored when calling requestAdapter() on Windows. See https://crbug.com/369219127 @ :0
[  435547ms] [WARNING] The powerPreference option is currently ignored when calling requestAdapter() on Windows. See https://crbug.com/369219127 @ :0
[  436563ms] [WARNING] The powerPreference option is currently ignored when calling requestAdapter() on Windows. See https://crbug.com/369219127 @ :0
[  436582ms] [WARNING] The powerPreference option is currently ignored when calling requestAdapter() on Windows. See https://crbug.com/369219127 @ :0
[  438576ms] [WARNING] The powerPreference option is currently ignored when calling requestAdapter() on Windows. See https://crbug.com/369219127 @ :0
[  438661ms] [WARNING] The powerPreference option is currently ignored when calling requestAdapter() on Windows. See https://crbug.com/369219127 @ :0
[  443656ms] [WARNING] The powerPreference option is currently ignored when calling requestAdapter() on Windows. See https://crbug.com/369219127 @ :0
[  443670ms] [WARNING] The powerPreference option is currently ignored when calling requestAdapter() on Windows. See https://crbug.com/369219127 @ :0
[  447473ms] [WARNING] The powerPreference option is currently ignored when calling requestAdapter() on Windows. See https://crbug.com/369219127 @ :0
[  448486ms] [WARNING] The powerPreference option is currently ignored when calling requestAdapter() on Windows. See https://crbug.com/369219127 @ :0
[  464979ms] [ERROR] Permissions policy violation: compute-pressure is not allowed in this document. @ https://www.youtube.com/s/player/4fd832e7/player_embed_es6.vflset/en_GB/base.js:5401
[  469736ms] [WARNING] The powerPreference option is currently ignored when calling requestAdapter() on Windows. See https://crbug.com/369219127 @ :0
[  490158ms] [WARNING] The powerPreference option is currently ignored when calling requestAdapter() on Windows. See https://crbug.com/369219127 @ :0
[  509308ms] [WARNING] The powerPreference option is currently ignored when calling requestAdapter() on Windows. See https://crbug.com/369219127 @ :0
[  532109ms] [ERROR] Permissions policy violation: compute-pressure is not allowed in this document. @ https://www.youtube.com/s/player/4fd832e7/player_embed_es6.vflset/en_GB/base.js:5401
[  544170ms] [WARNING] The powerPreference option is currently ignored when calling requestAdapter() on Windows. See https://crbug.com/369219127 @ :0
[  547271ms] [WARNING] The powerPreference option is currently ignored when calling requestAdapter() on Windows. See https://crbug.com/369219127 @ :0
[  565285ms] [WARNING] The powerPreference option is currently ignored when calling requestAdapter() on Windows. See https://crbug.com/369219127 @ :0
[  594163ms] [WARNING] The powerPreference option is currently ignored when calling requestAdapter() on Windows. See https://crbug.com/369219127 @ :0
[  607294ms] [WARNING] The powerPreference option is currently ignored when calling requestAdapter() on Windows. See https://crbug.com/369219127 @ :0
[  627278ms] [WARNING] The powerPreference option is currently ignored when calling requestAdapter() on Windows. See https://crbug.com/369219127 @ :0
[  644854ms] [WARNING] The powerPreference option is currently ignored when calling requestAdapter() on Windows. See https://crbug.com/369219127 @ :0
[  664865ms] [WARNING] The powerPreference option is currently ignored when calling requestAdapter() on Windows. See https://crbug.com/369219127 @ :0
[  686072ms] [WARNING] The powerPreference option is currently ignored when calling requestAdapter() on Windows. See https://crbug.com/369219127 @ :0
[  705457ms] [WARNING] The powerPreference option is currently ignored when calling requestAdapter() on Windows. See https://crbug.com/369219127 @ :0
[  729125ms] [WARNING] The powerPreference option is currently ignored when calling requestAdapter() on Windows. See https://crbug.com/369219127 @ :0
[  749173ms] [WARNING] The powerPreference option is currently ignored when calling requestAdapter() on Windows. See https://crbug.com/369219127 @ :0
[  767159ms] [WARNING] The powerPreference option is currently ignored when calling requestAdapter() on Windows. See https://crbug.com/369219127 @ :0
[   26431ms] [WARNING] The powerPreference option is currently ignored when calling requestAdapter() on Windows. See https://crbug.com/369219127 @ :0
[   27383ms] [WARNING] The powerPreference option is currently ignored when calling requestAdapter() on Windows. See https://crbug.com/369219127 @ :0
[   27582ms] [WARNING] The powerPreference option is currently ignored when calling requestAdapter() on Windows. See https://crbug.com/369219127 @ :0
[   27613ms] [WARNING] The powerPreference option is currently ignored when calling requestAdapter() on Windows. See https://crbug.com/369219127 @ :0
[   27630ms] [WARNING] The powerPreference option is currently ignored when calling requestAdapter() on Windows. See https://crbug.com/369219127 @ :0
[   27644ms] [WARNING] The powerPreference option is currently ignored when calling requestAdapter() on Windows. See https://crbug.com/369219127 @ :0
[   27660ms] [WARNING] The powerPreference option is currently ignored when calling requestAdapter() on Windows. See https://crbug.com/369219127 @ :0
[   27675ms] [WARNING] The powerPreference option is currently ignored when calling requestAdapter() on Windows. See https://crbug.com/369219127 @ :0
[   27708ms] [WARNING] The powerPreference option is currently ignored when calling requestAdapter() on Windows. See https://crbug.com/369219127 @ :0
[   27724ms] [WARNING] The powerPreference option is currently ignored when calling requestAdapter() on Windows. See https://crbug.com/369219127 @ :0
[   27767ms] [WARNING] The powerPreference option is currently ignored when calling requestAdapter() on Windows. See https://crbug.com/369219127 @ :0
[   27781ms] [WARNING] The powerPreference option is currently ignored when calling requestAdapter() on Windows. See https://crbug.com/369219127 @ :0
[   27801ms] [WARNING] The powerPreference option is currently ignored when calling requestAdapter() on Windows. See https://crbug.com/369219127 @ :0
[   27835ms] [WARNING] The powerPreference option is currently ignored when calling requestAdapter() on Windows. See https://crbug.com/369219127 @ :0
[   45570ms] [WARNING] The powerPreference option is currently ignored when calling requestAdapter() on Windows. See https://crbug.com/369219127 @ :0
[   67128ms] [WARNING] The powerPreference option is currently ignored when calling requestAdapter() on Windows. See https://crbug.com/369219127 @ :0
[   89283ms] [WARNING] The powerPreference option is currently ignored when calling requestAdapter() on Windows. See https://crbug.com/369219127 @ :0
[   91878ms] [WARNING] The powerPreference option is currently ignored when calling requestAdapter() on Windows. See https://crbug.com/369219127 @ :0
[   92870ms] [WARNING] The powerPreference option is currently ignored when calling requestAdapter() on Windows. See https://crbug.com/369219127 @ :0
[   92942ms] [WARNING] The powerPreference option is currently ignored when calling requestAdapter() on Windows. See https://crbug.com/369219127 @ :0
[   92973ms] [WARNING] The powerPreference option is currently ignored when calling requestAdapter() on Windows. See https://crbug.com/369219127 @ :0
[   93024ms] [WARNING] The powerPreference option is currently ignored when calling requestAdapter() on Windows. See https://crbug.com/369219127 @ :0
[   93044ms] [WARNING] The powerPreference option is currently ignored when calling requestAdapter() on Windows. See https://crbug.com/369219127 @ :0
[  113878ms] [WARNING] The powerPreference option is currently ignored when calling requestAdapter() on Windows. See https://crbug.com/369219127 @ :0
[  114104ms] [WARNING] The powerPreference option is currently ignored when calling requestAdapter() on Windows. See https://crbug.com/369219127 @ :0
[  114183ms] [WARNING] The powerPreference option is currently ignored when calling requestAdapter() on Windows. See https://crbug.com/369219127 @ :0
[  114203ms] [WARNING] The powerPreference option is currently ignored when calling requestAdapter() on Windows. See https://crbug.com/369219127 @ :0
[  114223ms] [WARNING] The powerPreference option is currently ignored when calling requestAdapter() on Windows. See https://crbug.com/369219127 @ :0
[  164059ms] [WARNING] The powerPreference option is currently ignored when calling requestAdapter() on Windows. See https://crbug.com/369219127 @ :0
[  168287ms] [WARNING] The powerPreference option is currently ignored when calling requestAdapter() on Windows. See https://crbug.com/369219127 @ :0
[  185632ms] [ERROR] Permissions policy violation: compute-pressure is not allowed in this document. @ https://www.youtube.com/s/player/4fd832e7/player_embed_es6.vflset/en_GB/base.js:5401
[  192695ms] [WARNING] The powerPreference option is currently ignored when calling requestAdapter() on Windows. See https://crbug.com/369219127 @ :0
[  192904ms] [WARNING] The powerPreference option is currently ignored when calling requestAdapter() on Windows. See https://crbug.com/369219127 @ :0
[  194930ms] [WARNING] The powerPreference option is currently ignored when calling requestAdapter() on Windows. See https://crbug.com/369219127 @ :0
[  194950ms] [WARNING] The powerPreference option is currently ignored when calling requestAdapter() on Windows. See https://crbug.com/369219127 @ :0
[  194970ms] [WARNING] The powerPreference option is currently ignored when calling requestAdapter() on Windows. See https://crbug.com/369219127 @ :0
[  199608ms] [ERROR] Permissions policy violation: compute-pressure is not allowed in this document. @ https://www.youtube.com/s/player/4fd832e7/player_embed_es6.vflset/en_GB/base.js:5401
[  203021ms] [ERROR] Permissions policy violation: compute-pressure is not allowed in this document. @ https://www.youtube.com/s/player/4fd832e7/player_embed_es6.vflset/en_GB/base.js:5401
[  203037ms] [ERROR] Permissions policy violation: compute-pressure is not allowed in this document. @ https://www.youtube.com/s/player/4fd832e7/player_embed_es6.vflset/en_GB/base.js:5401
[  208545ms] [WARNING] The powerPreference option is currently ignored when calling requestAdapter() on Windows. See https://crbug.com/369219127 @ :0
[  210008ms] [WARNING] The powerPreference option is currently ignored when calling requestAdapter() on Windows. See https://crbug.com/369219127 @ :0
[  210484ms] [WARNING] The powerPreference option is currently ignored when calling requestAdapter() on Windows. See https://crbug.com/369219127 @ :0
[  210578ms] [WARNING] The powerPreference option is currently ignored when calling requestAdapter() on Windows. See https://crbug.com/369219127 @ :0
[  210602ms] [WARNING] The powerPreference option is currently ignored when calling requestAdapter() on Windows. See https://crbug.com/369219127 @ :0
[  210625ms] [WARNING] The powerPreference option is currently ignored when calling requestAdapter() on Windows. See https://crbug.com/369219127 @ :0
[  210703ms] [WARNING] The powerPreference option is currently ignored when calling requestAdapter() on Windows. See https://crbug.com/369219127 @ :0
[  236263ms] [WARNING] The powerPreference option is currently ignored when calling requestAdapter() on Windows. See https://crbug.com/369219127 @ :0
[  236508ms] [WARNING] The powerPreference option is currently ignored when calling requestAdapter() on Windows. See https://crbug.com/369219127 @ :0
[  236550ms] [WARNING] The powerPreference option is currently ignored when calling requestAdapter() on Windows. See https://crbug.com/369219127 @ :0
[  236566ms] [WARNING] The powerPreference option is currently ignored when calling requestAdapter() on Windows. See https://crbug.com/369219127 @ :0
[  236711ms] [WARNING] The powerPreference option is currently ignored when calling requestAdapter() on Windows. See https://crbug.com/369219127 @ :0
[  359732ms] [ERROR] Permissions policy violation: compute-pressure is not allowed in this document. @ https://www.youtube.com/s/player/4fd832e7/player_embed_es6.vflset/en_GB/base.js:5401
[  412240ms] [WARNING] The powerPreference option is currently ignored when calling requestAdapter() on Windows. See https://crbug.com/369219127 @ :0
[  413246ms] [WARNING] The powerPreference option is currently ignored when calling requestAdapter() on Windows. See https://crbug.com/369219127 @ :0
[  414264ms] [WARNING] The powerPreference option is currently ignored when calling requestAdapter() on Windows. See https://crbug.com/369219127 @ :0
[  418318ms] [WARNING] The powerPreference option is currently ignored when calling requestAdapter() on Windows. See https://crbug.com/369219127 @ :0
[  419346ms] [WARNING] The powerPreference option is currently ignored when calling requestAdapter() on Windows. See https://crbug.com/369219127 @ :0
[  435547ms] [WARNING] The powerPreference option is currently ignored when calling requestAdapter() on Windows. See https://crbug.com/369219127 @ :0
[  436563ms] [WARNING] The powerPreference option is currently ignored when calling requestAdapter() on Windows. See https://crbug.com/369219127 @ :0
[  436582ms] [WARNING] The powerPreference option is currently ignored when calling requestAdapter() on Windows. See https://crbug.com/369219127 @ :0
[  438576ms] [WARNING] The powerPreference option is currently ignored when calling requestAdapter() on Windows. See https://crbug.com/369219127 @ :0
[  438661ms] [WARNING] The powerPreference option is currently ignored when calling requestAdapter() on Windows. See https://crbug.com/369219127 @ :0
[  443656ms] [WARNING] The powerPreference option is currently ignored when calling requestAdapter() on Windows. See https://crbug.com/369219127 @ :0
[  443670ms] [WARNING] The powerPreference option is currently ignored when calling requestAdapter() on Windows. See https://crbug.com/369219127 @ :0
[  447473ms] [WARNING] The powerPreference option is currently ignored when calling requestAdapter() on Windows. See https://crbug.com/369219127 @ :0
[  448486ms] [WARNING] The powerPreference option is currently ignored when calling requestAdapter() on Windows. See https://crbug.com/369219127 @ :0
[  464979ms] [ERROR] Permissions policy violation: compute-pressure is not allowed in this document. @ https://www.youtube.com/s/player/4fd832e7/player_embed_es6.vflset/en_GB/base.js:5401
[  469736ms] [WARNING] The powerPreference option is currently ignored when calling requestAdapter() on Windows. See https://crbug.com/369219127 @ :0
[  490158ms] [WARNING] The powerPreference option is currently ignored when calling requestAdapter() on Windows. See https://crbug.com/369219127 @ :0
[  509308ms] [WARNING] The powerPreference option is currently ignored when calling requestAdapter() on Windows. See https://crbug.com/369219127 @ :0
[  532109ms] [ERROR] Permissions policy violation: compute-pressure is not allowed in this document. @ https://www.youtube.com/s/player/4fd832e7/player_embed_es6.vflset/en_GB/base.js:5401
[  544170ms] [WARNING] The powerPreference option is currently ignored when calling requestAdapter() on Windows. See https://crbug.com/369219127 @ :0
[  547271ms] [WARNING] The powerPreference option is currently ignored when calling requestAdapter() on Windows. See https://crbug.com/369219127 @ :0
[  565285ms] [WARNING] The powerPreference option is currently ignored when calling requestAdapter() on Windows. See https://crbug.com/369219127 @ :0
[  594163ms] [WARNING] The powerPreference option is currently ignored when calling requestAdapter() on Windows. See https://crbug.com/369219127 @ :0
[  607294ms] [WARNING] The powerPreference option is currently ignored when calling requestAdapter() on Windows. See https://crbug.com/369219127 @ :0
[  627278ms] [WARNING] The powerPreference option is currently ignored when calling requestAdapter() on Windows. See https://crbug.com/369219127 @ :0
[  644854ms] [WARNING] The powerPreference option is currently ignored when calling requestAdapter() on Windows. See https://crbug.com/369219127 @ :0
[  664865ms] [WARNING] The powerPreference option is currently ignored when calling requestAdapter() on Windows. See https://crbug.com/369219127 @ :0
[  686072ms] [WARNING] The powerPreference option is currently ignored when calling requestAdapter() on Windows. See https://crbug.com/369219127 @ :0
[  705457ms] [WARNING] The powerPreference option is currently ignored when calling requestAdapter() on Windows. See https://crbug.com/369219127 @ :0
[  729125ms] [WARNING] The powerPreference option is currently ignored when calling requestAdapter() on Windows. See https://crbug.com/369219127 @ :0
[  749173ms] [WARNING] The powerPreference option is currently ignored when calling requestAdapter() on Windows. See https://crbug.com/369219127 @ :0
[  767159ms] [WARNING] The powerPreference option is currently ignored when calling requestAdapter() on Windows. See https://crbug.com/369219127 @ :0
[  784638ms] [WARNING] The powerPreference option is currently ignored when calling requestAdapter() on Windows. See https://crbug.com/369219127 @ :0
[   26431ms] [WARNING] The powerPreference option is currently ignored when calling requestAdapter() on Windows. See https://crbug.com/369219127 @ :0
[   27383ms] [WARNING] The powerPreference option is currently ignored when calling requestAdapter() on Windows. See https://crbug.com/369219127 @ :0
[   27582ms] [WARNING] The powerPreference option is currently ignored when calling requestAdapter() on Windows. See https://crbug.com/369219127 @ :0
[   27613ms] [WARNING] The powerPreference option is currently ignored when calling requestAdapter() on Windows. See https://crbug.com/369219127 @ :0
[   27630ms] [WARNING] The powerPreference option is currently ignored when calling requestAdapter() on Windows. See https://crbug.com/369219127 @ :0
[   27644ms] [WARNING] The powerPreference option is currently ignored when calling requestAdapter() on Windows. See https://crbug.com/369219127 @ :0
[   27660ms] [WARNING] The powerPreference option is currently ignored when calling requestAdapter() on Windows. See https://crbug.com/369219127 @ :0
[   27675ms] [WARNING] The powerPreference option is currently ignored when calling requestAdapter() on Windows. See https://crbug.com/369219127 @ :0
[   27708ms] [WARNING] The powerPreference option is currently ignored when calling requestAdapter() on Windows. See https://crbug.com/369219127 @ :0
[   27724ms] [WARNING] The powerPreference option is currently ignored when calling requestAdapter() on Windows. See https://crbug.com/369219127 @ :0
[   27767ms] [WARNING] The powerPreference option is currently ignored when calling requestAdapter() on Windows. See https://crbug.com/369219127 @ :0
[   27781ms] [WARNING] The powerPreference option is currently ignored when calling requestAdapter() on Windows. See https://crbug.com/369219127 @ :0
[   27801ms] [WARNING] The powerPreference option is currently ignored when calling requestAdapter() on Windows. See https://crbug.com/369219127 @ :0
[   27835ms] [WARNING] The powerPreference option is currently ignored when calling requestAdapter() on Windows. See https://crbug.com/369219127 @ :0
[   45570ms] [WARNING] The powerPreference option is currently ignored when calling requestAdapter() on Windows. See https://crbug.com/369219127 @ :0
[   67128ms] [WARNING] The powerPreference option is currently ignored when calling requestAdapter() on Windows. See https://crbug.com/369219127 @ :0
[   89283ms] [WARNING] The powerPreference option is currently ignored when calling requestAdapter() on Windows. See https://crbug.com/369219127 @ :0
[   91878ms] [WARNING] The powerPreference option is currently ignored when calling requestAdapter() on Windows. See https://crbug.com/369219127 @ :0
[   92870ms] [WARNING] The powerPreference option is currently ignored when calling requestAdapter() on Windows. See https://crbug.com/369219127 @ :0
[   92942ms] [WARNING] The powerPreference option is currently ignored when calling requestAdapter() on Windows. See https://crbug.com/369219127 @ :0
[   92973ms] [WARNING] The powerPreference option is currently ignored when calling requestAdapter() on Windows. See https://crbug.com/369219127 @ :0
[   93024ms] [WARNING] The powerPreference option is currently ignored when calling requestAdapter() on Windows. See https://crbug.com/369219127 @ :0
[   93044ms] [WARNING] The powerPreference option is currently ignored when calling requestAdapter() on Windows. See https://crbug.com/369219127 @ :0
[  113878ms] [WARNING] The powerPreference option is currently ignored when calling requestAdapter() on Windows. See https://crbug.com/369219127 @ :0
[  114104ms] [WARNING] The powerPreference option is currently ignored when calling requestAdapter() on Windows. See https://crbug.com/369219127 @ :0
[  114183ms] [WARNING] The powerPreference option is currently ignored when calling requestAdapter() on Windows. See https://crbug.com/369219127 @ :0
[  114203ms] [WARNING] The powerPreference option is currently ignored when calling requestAdapter() on Windows. See https://crbug.com/369219127 @ :0
[  114223ms] [WARNING] The powerPreference option is currently ignored when calling requestAdapter() on Windows. See https://crbug.com/369219127 @ :0
[  164059ms] [WARNING] The powerPreference option is currently ignored when calling requestAdapter() on Windows. See https://crbug.com/369219127 @ :0
[  168287ms] [WARNING] The powerPreference option is currently ignored when calling requestAdapter() on Windows. See https://crbug.com/369219127 @ :0
[  185632ms] [ERROR] Permissions policy violation: compute-pressure is not allowed in this document. @ https://www.youtube.com/s/player/4fd832e7/player_embed_es6.vflset/en_GB/base.js:5401
[  192695ms] [WARNING] The powerPreference option is currently ignored when calling requestAdapter() on Windows. See https://crbug.com/369219127 @ :0
[  192904ms] [WARNING] The powerPreference option is currently ignored when calling requestAdapter() on Windows. See https://crbug.com/369219127 @ :0
[  194930ms] [WARNING] The powerPreference option is currently ignored when calling requestAdapter() on Windows. See https://crbug.com/369219127 @ :0
[  194950ms] [WARNING] The powerPreference option is currently ignored when calling requestAdapter() on Windows. See https://crbug.com/369219127 @ :0
[  194970ms] [WARNING] The powerPreference option is currently ignored when calling requestAdapter() on Windows. See https://crbug.com/369219127 @ :0
[  199608ms] [ERROR] Permissions policy violation: compute-pressure is not allowed in this document. @ https://www.youtube.com/s/player/4fd832e7/player_embed_es6.vflset/en_GB/base.js:5401
[  203021ms] [ERROR] Permissions policy violation: compute-pressure is not allowed in this document. @ https://www.youtube.com/s/player/4fd832e7/player_embed_es6.vflset/en_GB/base.js:5401
[  203037ms] [ERROR] Permissions policy violation: compute-pressure is not allowed in this document. @ https://www.youtube.com/s/player/4fd832e7/player_embed_es6.vflset/en_GB/base.js:5401
[  208545ms] [WARNING] The powerPreference option is currently ignored when calling requestAdapter() on Windows. See https://crbug.com/369219127 @ :0
[  210008ms] [WARNING] The powerPreference option is currently ignored when calling requestAdapter() on Windows. See https://crbug.com/369219127 @ :0
[  210484ms] [WARNING] The powerPreference option is currently ignored when calling requestAdapter() on Windows. See https://crbug.com/369219127 @ :0
[  210578ms] [WARNING] The powerPreference option is currently ignored when calling requestAdapter() on Windows. See https://crbug.com/369219127 @ :0
[  210602ms] [WARNING] The powerPreference option is currently ignored when calling requestAdapter() on Windows. See https://crbug.com/369219127 @ :0
[  210625ms] [WARNING] The powerPreference option is currently ignored when calling requestAdapter() on Windows. See https://crbug.com/369219127 @ :0
[  210703ms] [WARNING] The powerPreference option is currently ignored when calling requestAdapter() on Windows. See https://crbug.com/369219127 @ :0
[  236263ms] [WARNING] The powerPreference option is currently ignored when calling requestAdapter() on Windows. See https://crbug.com/369219127 @ :0
[  236508ms] [WARNING] The powerPreference option is currently ignored when calling requestAdapter() on Windows. See https://crbug.com/369219127 @ :0
[  236550ms] [WARNING] The powerPreference option is currently ignored when calling requestAdapter() on Windows. See https://crbug.com/369219127 @ :0
[  236566ms] [WARNING] The powerPreference option is currently ignored when calling requestAdapter() on Windows. See https://crbug.com/369219127 @ :0
[  236711ms] [WARNING] The powerPreference option is currently ignored when calling requestAdapter() on Windows. See https://crbug.com/369219127 @ :0
[  359732ms] [ERROR] Permissions policy violation: compute-pressure is not allowed in this document. @ https://www.youtube.com/s/player/4fd832e7/player_embed_es6.vflset/en_GB/base.js:5401
[  412240ms] [WARNING] The powerPreference option is currently ignored when calling requestAdapter() on Windows. See https://crbug.com/369219127 @ :0
[  413246ms] [WARNING] The powerPreference option is currently ignored when calling requestAdapter() on Windows. See https://crbug.com/369219127 @ :0
[  414264ms] [WARNING] The powerPreference option is currently ignored when calling requestAdapter() on Windows. See https://crbug.com/369219127 @ :0
[  418318ms] [WARNING] The powerPreference option is currently ignored when calling requestAdapter() on Windows. See https://crbug.com/369219127 @ :0
[  419346ms] [WARNING] The powerPreference option is currently ignored when calling requestAdapter() on Windows. See https://crbug.com/369219127 @ :0
[  435547ms] [WARNING] The powerPreference option is currently ignored when calling requestAdapter() on Windows. See https://crbug.com/369219127 @ :0
[  436563ms] [WARNING] The powerPreference option is currently ignored when calling requestAdapter() on Windows. See https://crbug.com/369219127 @ :0
[  436582ms] [WARNING] The powerPreference option is currently ignored when calling requestAdapter() on Windows. See https://crbug.com/369219127 @ :0
[  438576ms] [WARNING] The powerPreference option is currently ignored when calling requestAdapter() on Windows. See https://crbug.com/369219127 @ :0
[  438661ms] [WARNING] The powerPreference option is currently ignored when calling requestAdapter() on Windows. See https://crbug.com/369219127 @ :0
[  443656ms] [WARNING] The powerPreference option is currently ignored when calling requestAdapter() on Windows. See https://crbug.com/369219127 @ :0
[  443670ms] [WARNING] The powerPreference option is currently ignored when calling requestAdapter() on Windows. See https://crbug.com/369219127 @ :0
[  447473ms] [WARNING] The powerPreference option is currently ignored when calling requestAdapter() on Windows. See https://crbug.com/369219127 @ :0
[  448486ms] [WARNING] The powerPreference option is currently ignored when calling requestAdapter() on Windows. See https://crbug.com/369219127 @ :0
[  464979ms] [ERROR] Permissions policy violation: compute-pressure is not allowed in this document. @ https://www.youtube.com/s/player/4fd832e7/player_embed_es6.vflset/en_GB/base.js:5401
[  469736ms] [WARNING] The powerPreference option is currently ignored when calling requestAdapter() on Windows. See https://crbug.com/369219127 @ :0
[  490158ms] [WARNING] The powerPreference option is currently ignored when calling requestAdapter() on Windows. See https://crbug.com/369219127 @ :0
[  509308ms] [WARNING] The powerPreference option is currently ignored when calling requestAdapter() on Windows. See https://crbug.com/369219127 @ :0
[  532109ms] [ERROR] Permissions policy violation: compute-pressure is not allowed in this document. @ https://www.youtube.com/s/player/4fd832e7/player_embed_es6.vflset/en_GB/base.js:5401
[  544170ms] [WARNING] The powerPreference option is currently ignored when calling requestAdapter() on Windows. See https://crbug.com/369219127 @ :0
[  547271ms] [WARNING] The powerPreference option is currently ignored when calling requestAdapter() on Windows. See https://crbug.com/369219127 @ :0
[  565285ms] [WARNING] The powerPreference option is currently ignored when calling requestAdapter() on Windows. See https://crbug.com/369219127 @ :0
[  594163ms] [WARNING] The powerPreference option is currently ignored when calling requestAdapter() on Windows. See https://crbug.com/369219127 @ :0
[  607294ms] [WARNING] The powerPreference option is currently ignored when calling requestAdapter() on Windows. See https://crbug.com/369219127 @ :0
[  627278ms] [WARNING] The powerPreference option is currently ignored when calling requestAdapter() on Windows. See https://crbug.com/369219127 @ :0
[  644854ms] [WARNING] The powerPreference option is currently ignored when calling requestAdapter() on Windows. See https://crbug.com/369219127 @ :0
[  664865ms] [WARNING] The powerPreference option is currently ignored when calling requestAdapter() on Windows. See https://crbug.com/369219127 @ :0
[  686072ms] [WARNING] The powerPreference option is currently ignored when calling requestAdapter() on Windows. See https://crbug.com/369219127 @ :0
[  705457ms] [WARNING] The powerPreference option is currently ignored when calling requestAdapter() on Windows. See https://crbug.com/369219127 @ :0
[  729125ms] [WARNING] The powerPreference option is currently ignored when calling requestAdapter() on Windows. See https://crbug.com/369219127 @ :0
[  749173ms] [WARNING] The powerPreference option is currently ignored when calling requestAdapter() on Windows. See https://crbug.com/369219127 @ :0
[  767159ms] [WARNING] The powerPreference option is currently ignored when calling requestAdapter() on Windows. See https://crbug.com/369219127 @ :0
[  784638ms] [WARNING] The powerPreference option is currently ignored when calling requestAdapter() on Windows. See https://crbug.com/369219127 @ :0
[  805327ms] [WARNING] The powerPreference option is currently ignored when calling requestAdapter() on Windows. See https://crbug.com/369219127 @ :0
[   26431ms] [WARNING] The powerPreference option is currently ignored when calling requestAdapter() on Windows. See https://crbug.com/369219127 @ :0
[   27383ms] [WARNING] The powerPreference option is currently ignored when calling requestAdapter() on Windows. See https://crbug.com/369219127 @ :0
[   27582ms] [WARNING] The powerPreference option is currently ignored when calling requestAdapter() on Windows. See https://crbug.com/369219127 @ :0
[   27613ms] [WARNING] The powerPreference option is currently ignored when calling requestAdapter() on Windows. See https://crbug.com/369219127 @ :0
[   27630ms] [WARNING] The powerPreference option is currently ignored when calling requestAdapter() on Windows. See https://crbug.com/369219127 @ :0
[   27644ms] [WARNING] The powerPreference option is currently ignored when calling requestAdapter() on Windows. See https://crbug.com/369219127 @ :0
[   27660ms] [WARNING] The powerPreference option is currently ignored when calling requestAdapter() on Windows. See https://crbug.com/369219127 @ :0
[   27675ms] [WARNING] The powerPreference option is currently ignored when calling requestAdapter() on Windows. See https://crbug.com/369219127 @ :0
[   27708ms] [WARNING] The powerPreference option is currently ignored when calling requestAdapter() on Windows. See https://crbug.com/369219127 @ :0
[   27724ms] [WARNING] The powerPreference option is currently ignored when calling requestAdapter() on Windows. See https://crbug.com/369219127 @ :0
[   27767ms] [WARNING] The powerPreference option is currently ignored when calling requestAdapter() on Windows. See https://crbug.com/369219127 @ :0
[   27781ms] [WARNING] The powerPreference option is currently ignored when calling requestAdapter() on Windows. See https://crbug.com/369219127 @ :0
[   27801ms] [WARNING] The powerPreference option is currently ignored when calling requestAdapter() on Windows. See https://crbug.com/369219127 @ :0
[   27835ms] [WARNING] The powerPreference option is currently ignored when calling requestAdapter() on Windows. See https://crbug.com/369219127 @ :0
[   45570ms] [WARNING] The powerPreference option is currently ignored when calling requestAdapter() on Windows. See https://crbug.com/369219127 @ :0
[   67128ms] [WARNING] The powerPreference option is currently ignored when calling requestAdapter() on Windows. See https://crbug.com/369219127 @ :0
[   89283ms] [WARNING] The powerPreference option is currently ignored when calling requestAdapter() on Windows. See https://crbug.com/369219127 @ :0
[   91878ms] [WARNING] The powerPreference option is currently ignored when calling requestAdapter() on Windows. See https://crbug.com/369219127 @ :0
[   92870ms] [WARNING] The powerPreference option is currently ignored when calling requestAdapter() on Windows. See https://crbug.com/369219127 @ :0
[   92942ms] [WARNING] The powerPreference option is currently ignored when calling requestAdapter() on Windows. See https://crbug.com/369219127 @ :0
[   92973ms] [WARNING] The powerPreference option is currently ignored when calling requestAdapter() on Windows. See https://crbug.com/369219127 @ :0
[   93024ms] [WARNING] The powerPreference option is currently ignored when calling requestAdapter() on Windows. See https://crbug.com/369219127 @ :0
[   93044ms] [WARNING] The powerPreference option is currently ignored when calling requestAdapter() on Windows. See https://crbug.com/369219127 @ :0
[  113878ms] [WARNING] The powerPreference option is currently ignored when calling requestAdapter() on Windows. See https://crbug.com/369219127 @ :0
[  114104ms] [WARNING] The powerPreference option is currently ignored when calling requestAdapter() on Windows. See https://crbug.com/369219127 @ :0
[  114183ms] [WARNING] The powerPreference option is currently ignored when calling requestAdapter() on Windows. See https://crbug.com/369219127 @ :0
[  114203ms] [WARNING] The powerPreference option is currently ignored when calling requestAdapter() on Windows. See https://crbug.com/369219127 @ :0
[  114223ms] [WARNING] The powerPreference option is currently ignored when calling requestAdapter() on Windows. See https://crbug.com/369219127 @ :0
[  164059ms] [WARNING] The powerPreference option is currently ignored when calling requestAdapter() on Windows. See https://crbug.com/369219127 @ :0
[  168287ms] [WARNING] The powerPreference option is currently ignored when calling requestAdapter() on Windows. See https://crbug.com/369219127 @ :0
[  185632ms] [ERROR] Permissions policy violation: compute-pressure is not allowed in this document. @ https://www.youtube.com/s/player/4fd832e7/player_embed_es6.vflset/en_GB/base.js:5401
[  192695ms] [WARNING] The powerPreference option is currently ignored when calling requestAdapter() on Windows. See https://crbug.com/369219127 @ :0
[  192904ms] [WARNING] The powerPreference option is currently ignored when calling requestAdapter() on Windows. See https://crbug.com/369219127 @ :0
[  194930ms] [WARNING] The powerPreference option is currently ignored when calling requestAdapter() on Windows. See https://crbug.com/369219127 @ :0
[  194950ms] [WARNING] The powerPreference option is currently ignored when calling requestAdapter() on Windows. See https://crbug.com/369219127 @ :0
[  194970ms] [WARNING] The powerPreference option is currently ignored when calling requestAdapter() on Windows. See https://crbug.com/369219127 @ :0
[  199608ms] [ERROR] Permissions policy violation: compute-pressure is not allowed in this document. @ https://www.youtube.com/s/player/4fd832e7/player_embed_es6.vflset/en_GB/base.js:5401
[  203021ms] [ERROR] Permissions policy violation: compute-pressure is not allowed in this document. @ https://www.youtube.com/s/player/4fd832e7/player_embed_es6.vflset/en_GB/base.js:5401
[  203037ms] [ERROR] Permissions policy violation: compute-pressure is not allowed in this document. @ https://www.youtube.com/s/player/4fd832e7/player_embed_es6.vflset/en_GB/base.js:5401
[  208545ms] [WARNING] The powerPreference option is currently ignored when calling requestAdapter() on Windows. See https://crbug.com/369219127 @ :0
[  210008ms] [WARNING] The powerPreference option is currently ignored when calling requestAdapter() on Windows. See https://crbug.com/369219127 @ :0
[  210484ms] [WARNING] The powerPreference option is currently ignored when calling requestAdapter() on Windows. See https://crbug.com/369219127 @ :0
[  210578ms] [WARNING] The powerPreference option is currently ignored when calling requestAdapter() on Windows. See https://crbug.com/369219127 @ :0
[  210602ms] [WARNING] The powerPreference option is currently ignored when calling requestAdapter() on Windows. See https://crbug.com/369219127 @ :0
[  210625ms] [WARNING] The powerPreference option is currently ignored when calling requestAdapter() on Windows. See https://crbug.com/369219127 @ :0
[  210703ms] [WARNING] The powerPreference option is currently ignored when calling requestAdapter() on Windows. See https://crbug.com/369219127 @ :0
[  236263ms] [WARNING] The powerPreference option is currently ignored when calling requestAdapter() on Windows. See https://crbug.com/369219127 @ :0
[  236508ms] [WARNING] The powerPreference option is currently ignored when calling requestAdapter() on Windows. See https://crbug.com/369219127 @ :0
[  236550ms] [WARNING] The powerPreference option is currently ignored when calling requestAdapter() on Windows. See https://crbug.com/369219127 @ :0
[  236566ms] [WARNING] The powerPreference option is currently ignored when calling requestAdapter() on Windows. See https://crbug.com/369219127 @ :0
[  236711ms] [WARNING] The powerPreference option is currently ignored when calling requestAdapter() on Windows. See https://crbug.com/369219127 @ :0
[  359732ms] [ERROR] Permissions policy violation: compute-pressure is not allowed in this document. @ https://www.youtube.com/s/player/4fd832e7/player_embed_es6.vflset/en_GB/base.js:5401
[  412240ms] [WARNING] The powerPreference option is currently ignored when calling requestAdapter() on Windows. See https://crbug.com/369219127 @ :0
[  413246ms] [WARNING] The powerPreference option is currently ignored when calling requestAdapter() on Windows. See https://crbug.com/369219127 @ :0
[  414264ms] [WARNING] The powerPreference option is currently ignored when calling requestAdapter() on Windows. See https://crbug.com/369219127 @ :0
[  418318ms] [WARNING] The powerPreference option is currently ignored when calling requestAdapter() on Windows. See https://crbug.com/369219127 @ :0
[  419346ms] [WARNING] The powerPreference option is currently ignored when calling requestAdapter() on Windows. See https://crbug.com/369219127 @ :0
[  435547ms] [WARNING] The powerPreference option is currently ignored when calling requestAdapter() on Windows. See https://crbug.com/369219127 @ :0
[  436563ms] [WARNING] The powerPreference option is currently ignored when calling requestAdapter() on Windows. See https://crbug.com/369219127 @ :0
[  436582ms] [WARNING] The powerPreference option is currently ignored when calling requestAdapter() on Windows. See https://crbug.com/369219127 @ :0
[  438576ms] [WARNING] The powerPreference option is currently ignored when calling requestAdapter() on Windows. See https://crbug.com/369219127 @ :0
[  438661ms] [WARNING] The powerPreference option is currently ignored when calling requestAdapter() on Windows. See https://crbug.com/369219127 @ :0
[  443656ms] [WARNING] The powerPreference option is currently ignored when calling requestAdapter() on Windows. See https://crbug.com/369219127 @ :0
[  443670ms] [WARNING] The powerPreference option is currently ignored when calling requestAdapter() on Windows. See https://crbug.com/369219127 @ :0
[  447473ms] [WARNING] The powerPreference option is currently ignored when calling requestAdapter() on Windows. See https://crbug.com/369219127 @ :0
[  448486ms] [WARNING] The powerPreference option is currently ignored when calling requestAdapter() on Windows. See https://crbug.com/369219127 @ :0
[  464979ms] [ERROR] Permissions policy violation: compute-pressure is not allowed in this document. @ https://www.youtube.com/s/player/4fd832e7/player_embed_es6.vflset/en_GB/base.js:5401
[  469736ms] [WARNING] The powerPreference option is currently ignored when calling requestAdapter() on Windows. See https://crbug.com/369219127 @ :0
[  490158ms] [WARNING] The powerPreference option is currently ignored when calling requestAdapter() on Windows. See https://crbug.com/369219127 @ :0
[  509308ms] [WARNING] The powerPreference option is currently ignored when calling requestAdapter() on Windows. See https://crbug.com/369219127 @ :0
[  532109ms] [ERROR] Permissions policy violation: compute-pressure is not allowed in this document. @ https://www.youtube.com/s/player/4fd832e7/player_embed_es6.vflset/en_GB/base.js:5401
[  544170ms] [WARNING] The powerPreference option is currently ignored when calling requestAdapter() on Windows. See https://crbug.com/369219127 @ :0
[  547271ms] [WARNING] The powerPreference option is currently ignored when calling requestAdapter() on Windows. See https://crbug.com/369219127 @ :0
[  565285ms] [WARNING] The powerPreference option is currently ignored when calling requestAdapter() on Windows. See https://crbug.com/369219127 @ :0
[  594163ms] [WARNING] The powerPreference option is currently ignored when calling requestAdapter() on Windows. See https://crbug.com/369219127 @ :0
[  607294ms] [WARNING] The powerPreference option is currently ignored when calling requestAdapter() on Windows. See https://crbug.com/369219127 @ :0
[  627278ms] [WARNING] The powerPreference option is currently ignored when calling requestAdapter() on Windows. See https://crbug.com/369219127 @ :0
[  644854ms] [WARNING] The powerPreference option is currently ignored when calling requestAdapter() on Windows. See https://crbug.com/369219127 @ :0
[  664865ms] [WARNING] The powerPreference option is currently ignored when calling requestAdapter() on Windows. See https://crbug.com/369219127 @ :0
[  686072ms] [WARNING] The powerPreference option is currently ignored when calling requestAdapter() on Windows. See https://crbug.com/369219127 @ :0
[  705457ms] [WARNING] The powerPreference option is currently ignored when calling requestAdapter() on Windows. See https://crbug.com/369219127 @ :0
[  729125ms] [WARNING] The powerPreference option is currently ignored when calling requestAdapter() on Windows. See https://crbug.com/369219127 @ :0
[  749173ms] [WARNING] The powerPreference option is currently ignored when calling requestAdapter() on Windows. See https://crbug.com/369219127 @ :0
[  767159ms] [WARNING] The powerPreference option is currently ignored when calling requestAdapter() on Windows. See https://crbug.com/369219127 @ :0
[  784638ms] [WARNING] The powerPreference option is currently ignored when calling requestAdapter() on Windows. See https://crbug.com/369219127 @ :0
[  805327ms] [WARNING] The powerPreference option is currently ignored when calling requestAdapter() on Windows. See https://crbug.com/369219127 @ :0
[  838760ms] [WARNING] The powerPreference option is currently ignored when calling requestAdapter() on Windows. See https://crbug.com/369219127 @ :0
[   26431ms] [WARNING] The powerPreference option is currently ignored when calling requestAdapter() on Windows. See https://crbug.com/369219127 @ :0
[   27383ms] [WARNING] The powerPreference option is currently ignored when calling requestAdapter() on Windows. See https://crbug.com/369219127 @ :0
[   27582ms] [WARNING] The powerPreference option is currently ignored when calling requestAdapter() on Windows. See https://crbug.com/369219127 @ :0
[   27613ms] [WARNING] The powerPreference option is currently ignored when calling requestAdapter() on Windows. See https://crbug.com/369219127 @ :0
[   27630ms] [WARNING] The powerPreference option is currently ignored when calling requestAdapter() on Windows. See https://crbug.com/369219127 @ :0
[   27644ms] [WARNING] The powerPreference option is currently ignored when calling requestAdapter() on Windows. See https://crbug.com/369219127 @ :0
[   27660ms] [WARNING] The powerPreference option is currently ignored when calling requestAdapter() on Windows. See https://crbug.com/369219127 @ :0
[   27675ms] [WARNING] The powerPreference option is currently ignored when calling requestAdapter() on Windows. See https://crbug.com/369219127 @ :0
[   27708ms] [WARNING] The powerPreference option is currently ignored when calling requestAdapter() on Windows. See https://crbug.com/369219127 @ :0
[   27724ms] [WARNING] The powerPreference option is currently ignored when calling requestAdapter() on Windows. See https://crbug.com/369219127 @ :0
[   27767ms] [WARNING] The powerPreference option is currently ignored when calling requestAdapter() on Windows. See https://crbug.com/369219127 @ :0
[   27781ms] [WARNING] The powerPreference option is currently ignored when calling requestAdapter() on Windows. See https://crbug.com/369219127 @ :0
[   27801ms] [WARNING] The powerPreference option is currently ignored when calling requestAdapter() on Windows. See https://crbug.com/369219127 @ :0
[   27835ms] [WARNING] The powerPreference option is currently ignored when calling requestAdapter() on Windows. See https://crbug.com/369219127 @ :0
[   45570ms] [WARNING] The powerPreference option is currently ignored when calling requestAdapter() on Windows. See https://crbug.com/369219127 @ :0
[   67128ms] [WARNING] The powerPreference option is currently ignored when calling requestAdapter() on Windows. See https://crbug.com/369219127 @ :0
[   89283ms] [WARNING] The powerPreference option is currently ignored when calling requestAdapter() on Windows. See https://crbug.com/369219127 @ :0
[   91878ms] [WARNING] The powerPreference option is currently ignored when calling requestAdapter() on Windows. See https://crbug.com/369219127 @ :0
[   92870ms] [WARNING] The powerPreference option is currently ignored when calling requestAdapter() on Windows. See https://crbug.com/369219127 @ :0
[   92942ms] [WARNING] The powerPreference option is currently ignored when calling requestAdapter() on Windows. See https://crbug.com/369219127 @ :0
[   92973ms] [WARNING] The powerPreference option is currently ignored when calling requestAdapter() on Windows. See https://crbug.com/369219127 @ :0
[   93024ms] [WARNING] The powerPreference option is currently ignored when calling requestAdapter() on Windows. See https://crbug.com/369219127 @ :0
[   93044ms] [WARNING] The powerPreference option is currently ignored when calling requestAdapter() on Windows. See https://crbug.com/369219127 @ :0
[  113878ms] [WARNING] The powerPreference option is currently ignored when calling requestAdapter() on Windows. See https://crbug.com/369219127 @ :0
[  114104ms] [WARNING] The powerPreference option is currently ignored when calling requestAdapter() on Windows. See https://crbug.com/369219127 @ :0
[  114183ms] [WARNING] The powerPreference option is currently ignored when calling requestAdapter() on Windows. See https://crbug.com/369219127 @ :0
[  114203ms] [WARNING] The powerPreference option is currently ignored when calling requestAdapter() on Windows. See https://crbug.com/369219127 @ :0
[  114223ms] [WARNING] The powerPreference option is currently ignored when calling requestAdapter() on Windows. See https://crbug.com/369219127 @ :0
[  164059ms] [WARNING] The powerPreference option is currently ignored when calling requestAdapter() on Windows. See https://crbug.com/369219127 @ :0
[  168287ms] [WARNING] The powerPreference option is currently ignored when calling requestAdapter() on Windows. See https://crbug.com/369219127 @ :0
[  185632ms] [ERROR] Permissions policy violation: compute-pressure is not allowed in this document. @ https://www.youtube.com/s/player/4fd832e7/player_embed_es6.vflset/en_GB/base.js:5401
[  192695ms] [WARNING] The powerPreference option is currently ignored when calling requestAdapter() on Windows. See https://crbug.com/369219127 @ :0
[  192904ms] [WARNING] The powerPreference option is currently ignored when calling requestAdapter() on Windows. See https://crbug.com/369219127 @ :0
[  194930ms] [WARNING] The powerPreference option is currently ignored when calling requestAdapter() on Windows. See https://crbug.com/369219127 @ :0
[  194950ms] [WARNING] The powerPreference option is currently ignored when calling requestAdapter() on Windows. See https://crbug.com/369219127 @ :0
[  194970ms] [WARNING] The powerPreference option is currently ignored when calling requestAdapter() on Windows. See https://crbug.com/369219127 @ :0
[  199608ms] [ERROR] Permissions policy violation: compute-pressure is not allowed in this document. @ https://www.youtube.com/s/player/4fd832e7/player_embed_es6.vflset/en_GB/base.js:5401
[  203021ms] [ERROR] Permissions policy violation: compute-pressure is not allowed in this document. @ https://www.youtube.com/s/player/4fd832e7/player_embed_es6.vflset/en_GB/base.js:5401
[  203037ms] [ERROR] Permissions policy violation: compute-pressure is not allowed in this document. @ https://www.youtube.com/s/player/4fd832e7/player_embed_es6.vflset/en_GB/base.js:5401
[  208545ms] [WARNING] The powerPreference option is currently ignored when calling requestAdapter() on Windows. See https://crbug.com/369219127 @ :0
[  210008ms] [WARNING] The powerPreference option is currently ignored when calling requestAdapter() on Windows. See https://crbug.com/369219127 @ :0
[  210484ms] [WARNING] The powerPreference option is currently ignored when calling requestAdapter() on Windows. See https://crbug.com/369219127 @ :0
[  210578ms] [WARNING] The powerPreference option is currently ignored when calling requestAdapter() on Windows. See https://crbug.com/369219127 @ :0
[  210602ms] [WARNING] The powerPreference option is currently ignored when calling requestAdapter() on Windows. See https://crbug.com/369219127 @ :0
[  210625ms] [WARNING] The powerPreference option is currently ignored when calling requestAdapter() on Windows. See https://crbug.com/369219127 @ :0
[  210703ms] [WARNING] The powerPreference option is currently ignored when calling requestAdapter() on Windows. See https://crbug.com/369219127 @ :0
[  236263ms] [WARNING] The powerPreference option is currently ignored when calling requestAdapter() on Windows. See https://crbug.com/369219127 @ :0
[  236508ms] [WARNING] The powerPreference option is currently ignored when calling requestAdapter() on Windows. See https://crbug.com/369219127 @ :0
[  236550ms] [WARNING] The powerPreference option is currently ignored when calling requestAdapter() on Windows. See https://crbug.com/369219127 @ :0
[  236566ms] [WARNING] The powerPreference option is currently ignored when calling requestAdapter() on Windows. See https://crbug.com/369219127 @ :0
[  236711ms] [WARNING] The powerPreference option is currently ignored when calling requestAdapter() on Windows. See https://crbug.com/369219127 @ :0
[  359732ms] [ERROR] Permissions policy violation: compute-pressure is not allowed in this document. @ https://www.youtube.com/s/player/4fd832e7/player_embed_es6.vflset/en_GB/base.js:5401
[  412240ms] [WARNING] The powerPreference option is currently ignored when calling requestAdapter() on Windows. See https://crbug.com/369219127 @ :0
[  413246ms] [WARNING] The powerPreference option is currently ignored when calling requestAdapter() on Windows. See https://crbug.com/369219127 @ :0
[  414264ms] [WARNING] The powerPreference option is currently ignored when calling requestAdapter() on Windows. See https://crbug.com/369219127 @ :0
[  418318ms] [WARNING] The powerPreference option is currently ignored when calling requestAdapter() on Windows. See https://crbug.com/369219127 @ :0
[  419346ms] [WARNING] The powerPreference option is currently ignored when calling requestAdapter() on Windows. See https://crbug.com/369219127 @ :0
[  435547ms] [WARNING] The powerPreference option is currently ignored when calling requestAdapter() on Windows. See https://crbug.com/369219127 @ :0
[  436563ms] [WARNING] The powerPreference option is currently ignored when calling requestAdapter() on Windows. See https://crbug.com/369219127 @ :0
[  436582ms] [WARNING] The powerPreference option is currently ignored when calling requestAdapter() on Windows. See https://crbug.com/369219127 @ :0
[  438576ms] [WARNING] The powerPreference option is currently ignored when calling requestAdapter() on Windows. See https://crbug.com/369219127 @ :0
[  438661ms] [WARNING] The powerPreference option is currently ignored when calling requestAdapter() on Windows. See https://crbug.com/369219127 @ :0
[  443656ms] [WARNING] The powerPreference option is currently ignored when calling requestAdapter() on Windows. See https://crbug.com/369219127 @ :0
[  443670ms] [WARNING] The powerPreference option is currently ignored when calling requestAdapter() on Windows. See https://crbug.com/369219127 @ :0
[  447473ms] [WARNING] The powerPreference option is currently ignored when calling requestAdapter() on Windows. See https://crbug.com/369219127 @ :0
[  448486ms] [WARNING] The powerPreference option is currently ignored when calling requestAdapter() on Windows. See https://crbug.com/369219127 @ :0
[  464979ms] [ERROR] Permissions policy violation: compute-pressure is not allowed in this document. @ https://www.youtube.com/s/player/4fd832e7/player_embed_es6.vflset/en_GB/base.js:5401
[  469736ms] [WARNING] The powerPreference option is currently ignored when calling requestAdapter() on Windows. See https://crbug.com/369219127 @ :0
[  490158ms] [WARNING] The powerPreference option is currently ignored when calling requestAdapter() on Windows. See https://crbug.com/369219127 @ :0
[  509308ms] [WARNING] The powerPreference option is currently ignored when calling requestAdapter() on Windows. See https://crbug.com/369219127 @ :0
[  532109ms] [ERROR] Permissions policy violation: compute-pressure is not allowed in this document. @ https://www.youtube.com/s/player/4fd832e7/player_embed_es6.vflset/en_GB/base.js:5401
[  544170ms] [WARNING] The powerPreference option is currently ignored when calling requestAdapter() on Windows. See https://crbug.com/369219127 @ :0
[  547271ms] [WARNING] The powerPreference option is currently ignored when calling requestAdapter() on Windows. See https://crbug.com/369219127 @ :0
[  565285ms] [WARNING] The powerPreference option is currently ignored when calling requestAdapter() on Windows. See https://crbug.com/369219127 @ :0
[  594163ms] [WARNING] The powerPreference option is currently ignored when calling requestAdapter() on Windows. See https://crbug.com/369219127 @ :0
[  607294ms] [WARNING] The powerPreference option is currently ignored when calling requestAdapter() on Windows. See https://crbug.com/369219127 @ :0
[  627278ms] [WARNING] The powerPreference option is currently ignored when calling requestAdapter() on Windows. See https://crbug.com/369219127 @ :0
[  644854ms] [WARNING] The powerPreference option is currently ignored when calling requestAdapter() on Windows. See https://crbug.com/369219127 @ :0
[  664865ms] [WARNING] The powerPreference option is currently ignored when calling requestAdapter() on Windows. See https://crbug.com/369219127 @ :0
[  686072ms] [WARNING] The powerPreference option is currently ignored when calling requestAdapter() on Windows. See https://crbug.com/369219127 @ :0
[  705457ms] [WARNING] The powerPreference option is currently ignored when calling requestAdapter() on Windows. See https://crbug.com/369219127 @ :0
[  729125ms] [WARNING] The powerPreference option is currently ignored when calling requestAdapter() on Windows. See https://crbug.com/369219127 @ :0
[  749173ms] [WARNING] The powerPreference option is currently ignored when calling requestAdapter() on Windows. See https://crbug.com/369219127 @ :0
[  767159ms] [WARNING] The powerPreference option is currently ignored when calling requestAdapter() on Windows. See https://crbug.com/369219127 @ :0
[  784638ms] [WARNING] The powerPreference option is currently ignored when calling requestAdapter() on Windows. See https://crbug.com/369219127 @ :0
[  805327ms] [WARNING] The powerPreference option is currently ignored when calling requestAdapter() on Windows. See https://crbug.com/369219127 @ :0
[  838760ms] [WARNING] The powerPreference option is currently ignored when calling requestAdapter() on Windows. See https://crbug.com/369219127 @ :0
[  845699ms] [WARNING] The powerPreference option is currently ignored when calling requestAdapter() on Windows. See https://crbug.com/369219127 @ :0
[   26431ms] [WARNING] The powerPreference option is currently ignored when calling requestAdapter() on Windows. See https://crbug.com/369219127 @ :0
[   27383ms] [WARNING] The powerPreference option is currently ignored when calling requestAdapter() on Windows. See https://crbug.com/369219127 @ :0
[   27582ms] [WARNING] The powerPreference option is currently ignored when calling requestAdapter() on Windows. See https://crbug.com/369219127 @ :0
[   27613ms] [WARNING] The powerPreference option is currently ignored when calling requestAdapter() on Windows. See https://crbug.com/369219127 @ :0
[   27630ms] [WARNING] The powerPreference option is currently ignored when calling requestAdapter() on Windows. See https://crbug.com/369219127 @ :0
[   27644ms] [WARNING] The powerPreference option is currently ignored when calling requestAdapter() on Windows. See https://crbug.com/369219127 @ :0
[   27660ms] [WARNING] The powerPreference option is currently ignored when calling requestAdapter() on Windows. See https://crbug.com/369219127 @ :0
[   27675ms] [WARNING] The powerPreference option is currently ignored when calling requestAdapter() on Windows. See https://crbug.com/369219127 @ :0
[   27708ms] [WARNING] The powerPreference option is currently ignored when calling requestAdapter() on Windows. See https://crbug.com/369219127 @ :0
[   27724ms] [WARNING] The powerPreference option is currently ignored when calling requestAdapter() on Windows. See https://crbug.com/369219127 @ :0
[   27767ms] [WARNING] The powerPreference option is currently ignored when calling requestAdapter() on Windows. See https://crbug.com/369219127 @ :0
[   27781ms] [WARNING] The powerPreference option is currently ignored when calling requestAdapter() on Windows. See https://crbug.com/369219127 @ :0
[   27801ms] [WARNING] The powerPreference option is currently ignored when calling requestAdapter() on Windows. See https://crbug.com/369219127 @ :0
[   27835ms] [WARNING] The powerPreference option is currently ignored when calling requestAdapter() on Windows. See https://crbug.com/369219127 @ :0
[   45570ms] [WARNING] The powerPreference option is currently ignored when calling requestAdapter() on Windows. See https://crbug.com/369219127 @ :0
[   67128ms] [WARNING] The powerPreference option is currently ignored when calling requestAdapter() on Windows. See https://crbug.com/369219127 @ :0
[   89283ms] [WARNING] The powerPreference option is currently ignored when calling requestAdapter() on Windows. See https://crbug.com/369219127 @ :0
[   91878ms] [WARNING] The powerPreference option is currently ignored when calling requestAdapter() on Windows. See https://crbug.com/369219127 @ :0
[   92870ms] [WARNING] The powerPreference option is currently ignored when calling requestAdapter() on Windows. See https://crbug.com/369219127 @ :0
[   92942ms] [WARNING] The powerPreference option is currently ignored when calling requestAdapter() on Windows. See https://crbug.com/369219127 @ :0
[   92973ms] [WARNING] The powerPreference option is currently ignored when calling requestAdapter() on Windows. See https://crbug.com/369219127 @ :0
[   93024ms] [WARNING] The powerPreference option is currently ignored when calling requestAdapter() on Windows. See https://crbug.com/369219127 @ :0
[   93044ms] [WARNING] The powerPreference option is currently ignored when calling requestAdapter() on Windows. See https://crbug.com/369219127 @ :0
[  113878ms] [WARNING] The powerPreference option is currently ignored when calling requestAdapter() on Windows. See https://crbug.com/369219127 @ :0
[  114104ms] [WARNING] The powerPreference option is currently ignored when calling requestAdapter() on Windows. See https://crbug.com/369219127 @ :0
[  114183ms] [WARNING] The powerPreference option is currently ignored when calling requestAdapter() on Windows. See https://crbug.com/369219127 @ :0
[  114203ms] [WARNING] The powerPreference option is currently ignored when calling requestAdapter() on Windows. See https://crbug.com/369219127 @ :0
[  114223ms] [WARNING] The powerPreference option is currently ignored when calling requestAdapter() on Windows. See https://crbug.com/369219127 @ :0
[  164059ms] [WARNING] The powerPreference option is currently ignored when calling requestAdapter() on Windows. See https://crbug.com/369219127 @ :0
[  168287ms] [WARNING] The powerPreference option is currently ignored when calling requestAdapter() on Windows. See https://crbug.com/369219127 @ :0
[  185632ms] [ERROR] Permissions policy violation: compute-pressure is not allowed in this document. @ https://www.youtube.com/s/player/4fd832e7/player_embed_es6.vflset/en_GB/base.js:5401
[  192695ms] [WARNING] The powerPreference option is currently ignored when calling requestAdapter() on Windows. See https://crbug.com/369219127 @ :0
[  192904ms] [WARNING] The powerPreference option is currently ignored when calling requestAdapter() on Windows. See https://crbug.com/369219127 @ :0
[  194930ms] [WARNING] The powerPreference option is currently ignored when calling requestAdapter() on Windows. See https://crbug.com/369219127 @ :0
[  194950ms] [WARNING] The powerPreference option is currently ignored when calling requestAdapter() on Windows. See https://crbug.com/369219127 @ :0
[  194970ms] [WARNING] The powerPreference option is currently ignored when calling requestAdapter() on Windows. See https://crbug.com/369219127 @ :0
[  199608ms] [ERROR] Permissions policy violation: compute-pressure is not allowed in this document. @ https://www.youtube.com/s/player/4fd832e7/player_embed_es6.vflset/en_GB/base.js:5401
[  203021ms] [ERROR] Permissions policy violation: compute-pressure is not allowed in this document. @ https://www.youtube.com/s/player/4fd832e7/player_embed_es6.vflset/en_GB/base.js:5401
[  203037ms] [ERROR] Permissions policy violation: compute-pressure is not allowed in this document. @ https://www.youtube.com/s/player/4fd832e7/player_embed_es6.vflset/en_GB/base.js:5401
[  208545ms] [WARNING] The powerPreference option is currently ignored when calling requestAdapter() on Windows. See https://crbug.com/369219127 @ :0
[  210008ms] [WARNING] The powerPreference option is currently ignored when calling requestAdapter() on Windows. See https://crbug.com/369219127 @ :0
[  210484ms] [WARNING] The powerPreference option is currently ignored when calling requestAdapter() on Windows. See https://crbug.com/369219127 @ :0
[  210578ms] [WARNING] The powerPreference option is currently ignored when calling requestAdapter() on Windows. See https://crbug.com/369219127 @ :0
[  210602ms] [WARNING] The powerPreference option is currently ignored when calling requestAdapter() on Windows. See https://crbug.com/369219127 @ :0
[  210625ms] [WARNING] The powerPreference option is currently ignored when calling requestAdapter() on Windows. See https://crbug.com/369219127 @ :0
[  210703ms] [WARNING] The powerPreference option is currently ignored when calling requestAdapter() on Windows. See https://crbug.com/369219127 @ :0
[  236263ms] [WARNING] The powerPreference option is currently ignored when calling requestAdapter() on Windows. See https://crbug.com/369219127 @ :0
[  236508ms] [WARNING] The powerPreference option is currently ignored when calling requestAdapter() on Windows. See https://crbug.com/369219127 @ :0
[  236550ms] [WARNING] The powerPreference option is currently ignored when calling requestAdapter() on Windows. See https://crbug.com/369219127 @ :0
[  236566ms] [WARNING] The powerPreference option is currently ignored when calling requestAdapter() on Windows. See https://crbug.com/369219127 @ :0
[  236711ms] [WARNING] The powerPreference option is currently ignored when calling requestAdapter() on Windows. See https://crbug.com/369219127 @ :0
[  359732ms] [ERROR] Permissions policy violation: compute-pressure is not allowed in this document. @ https://www.youtube.com/s/player/4fd832e7/player_embed_es6.vflset/en_GB/base.js:5401
[  412240ms] [WARNING] The powerPreference option is currently ignored when calling requestAdapter() on Windows. See https://crbug.com/369219127 @ :0
[  413246ms] [WARNING] The powerPreference option is currently ignored when calling requestAdapter() on Windows. See https://crbug.com/369219127 @ :0
[  414264ms] [WARNING] The powerPreference option is currently ignored when calling requestAdapter() on Windows. See https://crbug.com/369219127 @ :0
[  418318ms] [WARNING] The powerPreference option is currently ignored when calling requestAdapter() on Windows. See https://crbug.com/369219127 @ :0
[  419346ms] [WARNING] The powerPreference option is currently ignored when calling requestAdapter() on Windows. See https://crbug.com/369219127 @ :0
[  435547ms] [WARNING] The powerPreference option is currently ignored when calling requestAdapter() on Windows. See https://crbug.com/369219127 @ :0
[  436563ms] [WARNING] The powerPreference option is currently ignored when calling requestAdapter() on Windows. See https://crbug.com/369219127 @ :0
[  436582ms] [WARNING] The powerPreference option is currently ignored when calling requestAdapter() on Windows. See https://crbug.com/369219127 @ :0
[  438576ms] [WARNING] The powerPreference option is currently ignored when calling requestAdapter() on Windows. See https://crbug.com/369219127 @ :0
[  438661ms] [WARNING] The powerPreference option is currently ignored when calling requestAdapter() on Windows. See https://crbug.com/369219127 @ :0
[  443656ms] [WARNING] The powerPreference option is currently ignored when calling requestAdapter() on Windows. See https://crbug.com/369219127 @ :0
[  443670ms] [WARNING] The powerPreference option is currently ignored when calling requestAdapter() on Windows. See https://crbug.com/369219127 @ :0
[  447473ms] [WARNING] The powerPreference option is currently ignored when calling requestAdapter() on Windows. See https://crbug.com/369219127 @ :0
[  448486ms] [WARNING] The powerPreference option is currently ignored when calling requestAdapter() on Windows. See https://crbug.com/369219127 @ :0
[  464979ms] [ERROR] Permissions policy violation: compute-pressure is not allowed in this document. @ https://www.youtube.com/s/player/4fd832e7/player_embed_es6.vflset/en_GB/base.js:5401
[  469736ms] [WARNING] The powerPreference option is currently ignored when calling requestAdapter() on Windows. See https://crbug.com/369219127 @ :0
[  490158ms] [WARNING] The powerPreference option is currently ignored when calling requestAdapter() on Windows. See https://crbug.com/369219127 @ :0
[  509308ms] [WARNING] The powerPreference option is currently ignored when calling requestAdapter() on Windows. See https://crbug.com/369219127 @ :0
[  532109ms] [ERROR] Permissions policy violation: compute-pressure is not allowed in this document. @ https://www.youtube.com/s/player/4fd832e7/player_embed_es6.vflset/en_GB/base.js:5401
[  544170ms] [WARNING] The powerPreference option is currently ignored when calling requestAdapter() on Windows. See https://crbug.com/369219127 @ :0
[  547271ms] [WARNING] The powerPreference option is currently ignored when calling requestAdapter() on Windows. See https://crbug.com/369219127 @ :0
[  565285ms] [WARNING] The powerPreference option is currently ignored when calling requestAdapter() on Windows. See https://crbug.com/369219127 @ :0
[  594163ms] [WARNING] The powerPreference option is currently ignored when calling requestAdapter() on Windows. See https://crbug.com/369219127 @ :0
[  607294ms] [WARNING] The powerPreference option is currently ignored when calling requestAdapter() on Windows. See https://crbug.com/369219127 @ :0
[  627278ms] [WARNING] The powerPreference option is currently ignored when calling requestAdapter() on Windows. See https://crbug.com/369219127 @ :0
[  644854ms] [WARNING] The powerPreference option is currently ignored when calling requestAdapter() on Windows. See https://crbug.com/369219127 @ :0
[  664865ms] [WARNING] The powerPreference option is currently ignored when calling requestAdapter() on Windows. See https://crbug.com/369219127 @ :0
[  686072ms] [WARNING] The powerPreference option is currently ignored when calling requestAdapter() on Windows. See https://crbug.com/369219127 @ :0
[  705457ms] [WARNING] The powerPreference option is currently ignored when calling requestAdapter() on Windows. See https://crbug.com/369219127 @ :0
[  729125ms] [WARNING] The powerPreference option is currently ignored when calling requestAdapter() on Windows. See https://crbug.com/369219127 @ :0
[  749173ms] [WARNING] The powerPreference option is currently ignored when calling requestAdapter() on Windows. See https://crbug.com/369219127 @ :0
[  767159ms] [WARNING] The powerPreference option is currently ignored when calling requestAdapter() on Windows. See https://crbug.com/369219127 @ :0
[  784638ms] [WARNING] The powerPreference option is currently ignored when calling requestAdapter() on Windows. See https://crbug.com/369219127 @ :0
[  805327ms] [WARNING] The powerPreference option is currently ignored when calling requestAdapter() on Windows. See https://crbug.com/369219127 @ :0
[  838760ms] [WARNING] The powerPreference option is currently ignored when calling requestAdapter() on Windows. See https://crbug.com/369219127 @ :0
[  845699ms] [WARNING] The powerPreference option is currently ignored when calling requestAdapter() on Windows. See https://crbug.com/369219127 @ :0
[  865165ms] [WARNING] The powerPreference option is currently ignored when calling requestAdapter() on Windows. See https://crbug.com/369219127 @ :0
[   26431ms] [WARNING] The powerPreference option is currently ignored when calling requestAdapter() on Windows. See https://crbug.com/369219127 @ :0
[   27383ms] [WARNING] The powerPreference option is currently ignored when calling requestAdapter() on Windows. See https://crbug.com/369219127 @ :0
[   27582ms] [WARNING] The powerPreference option is currently ignored when calling requestAdapter() on Windows. See https://crbug.com/369219127 @ :0
[   27613ms] [WARNING] The powerPreference option is currently ignored when calling requestAdapter() on Windows. See https://crbug.com/369219127 @ :0
[   27630ms] [WARNING] The powerPreference option is currently ignored when calling requestAdapter() on Windows. See https://crbug.com/369219127 @ :0
[   27644ms] [WARNING] The powerPreference option is currently ignored when calling requestAdapter() on Windows. See https://crbug.com/369219127 @ :0
[   27660ms] [WARNING] The powerPreference option is currently ignored when calling requestAdapter() on Windows. See https://crbug.com/369219127 @ :0
[   27675ms] [WARNING] The powerPreference option is currently ignored when calling requestAdapter() on Windows. See https://crbug.com/369219127 @ :0
[   27708ms] [WARNING] The powerPreference option is currently ignored when calling requestAdapter() on Windows. See https://crbug.com/369219127 @ :0
[   27724ms] [WARNING] The powerPreference option is currently ignored when calling requestAdapter() on Windows. See https://crbug.com/369219127 @ :0
[   27767ms] [WARNING] The powerPreference option is currently ignored when calling requestAdapter() on Windows. See https://crbug.com/369219127 @ :0
[   27781ms] [WARNING] The powerPreference option is currently ignored when calling requestAdapter() on Windows. See https://crbug.com/369219127 @ :0
[   27801ms] [WARNING] The powerPreference option is currently ignored when calling requestAdapter() on Windows. See https://crbug.com/369219127 @ :0
[   27835ms] [WARNING] The powerPreference option is currently ignored when calling requestAdapter() on Windows. See https://crbug.com/369219127 @ :0
[   45570ms] [WARNING] The powerPreference option is currently ignored when calling requestAdapter() on Windows. See https://crbug.com/369219127 @ :0
[   67128ms] [WARNING] The powerPreference option is currently ignored when calling requestAdapter() on Windows. See https://crbug.com/369219127 @ :0
[   89283ms] [WARNING] The powerPreference option is currently ignored when calling requestAdapter() on Windows. See https://crbug.com/369219127 @ :0
[   91878ms] [WARNING] The powerPreference option is currently ignored when calling requestAdapter() on Windows. See https://crbug.com/369219127 @ :0
[   92870ms] [WARNING] The powerPreference option is currently ignored when calling requestAdapter() on Windows. See https://crbug.com/369219127 @ :0
[   92942ms] [WARNING] The powerPreference option is currently ignored when calling requestAdapter() on Windows. See https://crbug.com/369219127 @ :0
[   92973ms] [WARNING] The powerPreference option is currently ignored when calling requestAdapter() on Windows. See https://crbug.com/369219127 @ :0
[   93024ms] [WARNING] The powerPreference option is currently ignored when calling requestAdapter() on Windows. See https://crbug.com/369219127 @ :0
[   93044ms] [WARNING] The powerPreference option is currently ignored when calling requestAdapter() on Windows. See https://crbug.com/369219127 @ :0
[  113878ms] [WARNING] The powerPreference option is currently ignored when calling requestAdapter() on Windows. See https://crbug.com/369219127 @ :0
[  114104ms] [WARNING] The powerPreference option is currently ignored when calling requestAdapter() on Windows. See https://crbug.com/369219127 @ :0
[  114183ms] [WARNING] The powerPreference option is currently ignored when calling requestAdapter() on Windows. See https://crbug.com/369219127 @ :0
[  114203ms] [WARNING] The powerPreference option is currently ignored when calling requestAdapter() on Windows. See https://crbug.com/369219127 @ :0
[  114223ms] [WARNING] The powerPreference option is currently ignored when calling requestAdapter() on Windows. See https://crbug.com/369219127 @ :0
[  164059ms] [WARNING] The powerPreference option is currently ignored when calling requestAdapter() on Windows. See https://crbug.com/369219127 @ :0
[  168287ms] [WARNING] The powerPreference option is currently ignored when calling requestAdapter() on Windows. See https://crbug.com/369219127 @ :0
[  185632ms] [ERROR] Permissions policy violation: compute-pressure is not allowed in this document. @ https://www.youtube.com/s/player/4fd832e7/player_embed_es6.vflset/en_GB/base.js:5401
[  192695ms] [WARNING] The powerPreference option is currently ignored when calling requestAdapter() on Windows. See https://crbug.com/369219127 @ :0
[  192904ms] [WARNING] The powerPreference option is currently ignored when calling requestAdapter() on Windows. See https://crbug.com/369219127 @ :0
[  194930ms] [WARNING] The powerPreference option is currently ignored when calling requestAdapter() on Windows. See https://crbug.com/369219127 @ :0
[  194950ms] [WARNING] The powerPreference option is currently ignored when calling requestAdapter() on Windows. See https://crbug.com/369219127 @ :0
[  194970ms] [WARNING] The powerPreference option is currently ignored when calling requestAdapter() on Windows. See https://crbug.com/369219127 @ :0
[  199608ms] [ERROR] Permissions policy violation: compute-pressure is not allowed in this document. @ https://www.youtube.com/s/player/4fd832e7/player_embed_es6.vflset/en_GB/base.js:5401
[  203021ms] [ERROR] Permissions policy violation: compute-pressure is not allowed in this document. @ https://www.youtube.com/s/player/4fd832e7/player_embed_es6.vflset/en_GB/base.js:5401
[  203037ms] [ERROR] Permissions policy violation: compute-pressure is not allowed in this document. @ https://www.youtube.com/s/player/4fd832e7/player_embed_es6.vflset/en_GB/base.js:5401
[  208545ms] [WARNING] The powerPreference option is currently ignored when calling requestAdapter() on Windows. See https://crbug.com/369219127 @ :0
[  210008ms] [WARNING] The powerPreference option is currently ignored when calling requestAdapter() on Windows. See https://crbug.com/369219127 @ :0
[  210484ms] [WARNING] The powerPreference option is currently ignored when calling requestAdapter() on Windows. See https://crbug.com/369219127 @ :0
[  210578ms] [WARNING] The powerPreference option is currently ignored when calling requestAdapter() on Windows. See https://crbug.com/369219127 @ :0
[  210602ms] [WARNING] The powerPreference option is currently ignored when calling requestAdapter() on Windows. See https://crbug.com/369219127 @ :0
[  210625ms] [WARNING] The powerPreference option is currently ignored when calling requestAdapter() on Windows. See https://crbug.com/369219127 @ :0
[  210703ms] [WARNING] The powerPreference option is currently ignored when calling requestAdapter() on Windows. See https://crbug.com/369219127 @ :0
[  236263ms] [WARNING] The powerPreference option is currently ignored when calling requestAdapter() on Windows. See https://crbug.com/369219127 @ :0
[  236508ms] [WARNING] The powerPreference option is currently ignored when calling requestAdapter() on Windows. See https://crbug.com/369219127 @ :0
[  236550ms] [WARNING] The powerPreference option is currently ignored when calling requestAdapter() on Windows. See https://crbug.com/369219127 @ :0
[  236566ms] [WARNING] The powerPreference option is currently ignored when calling requestAdapter() on Windows. See https://crbug.com/369219127 @ :0
[  236711ms] [WARNING] The powerPreference option is currently ignored when calling requestAdapter() on Windows. See https://crbug.com/369219127 @ :0
[  359732ms] [ERROR] Permissions policy violation: compute-pressure is not allowed in this document. @ https://www.youtube.com/s/player/4fd832e7/player_embed_es6.vflset/en_GB/base.js:5401
[  412240ms] [WARNING] The powerPreference option is currently ignored when calling requestAdapter() on Windows. See https://crbug.com/369219127 @ :0
[  413246ms] [WARNING] The powerPreference option is currently ignored when calling requestAdapter() on Windows. See https://crbug.com/369219127 @ :0
[  414264ms] [WARNING] The powerPreference option is currently ignored when calling requestAdapter() on Windows. See https://crbug.com/369219127 @ :0
[  418318ms] [WARNING] The powerPreference option is currently ignored when calling requestAdapter() on Windows. See https://crbug.com/369219127 @ :0
[  419346ms] [WARNING] The powerPreference option is currently ignored when calling requestAdapter() on Windows. See https://crbug.com/369219127 @ :0
[  435547ms] [WARNING] The powerPreference option is currently ignored when calling requestAdapter() on Windows. See https://crbug.com/369219127 @ :0
[  436563ms] [WARNING] The powerPreference option is currently ignored when calling requestAdapter() on Windows. See https://crbug.com/369219127 @ :0
[  436582ms] [WARNING] The powerPreference option is currently ignored when calling requestAdapter() on Windows. See https://crbug.com/369219127 @ :0
[  438576ms] [WARNING] The powerPreference option is currently ignored when calling requestAdapter() on Windows. See https://crbug.com/369219127 @ :0
[  438661ms] [WARNING] The powerPreference option is currently ignored when calling requestAdapter() on Windows. See https://crbug.com/369219127 @ :0
[  443656ms] [WARNING] The powerPreference option is currently ignored when calling requestAdapter() on Windows. See https://crbug.com/369219127 @ :0
[  443670ms] [WARNING] The powerPreference option is currently ignored when calling requestAdapter() on Windows. See https://crbug.com/369219127 @ :0
[  447473ms] [WARNING] The powerPreference option is currently ignored when calling requestAdapter() on Windows. See https://crbug.com/369219127 @ :0
[  448486ms] [WARNING] The powerPreference option is currently ignored when calling requestAdapter() on Windows. See https://crbug.com/369219127 @ :0
[  464979ms] [ERROR] Permissions policy violation: compute-pressure is not allowed in this document. @ https://www.youtube.com/s/player/4fd832e7/player_embed_es6.vflset/en_GB/base.js:5401
[  469736ms] [WARNING] The powerPreference option is currently ignored when calling requestAdapter() on Windows. See https://crbug.com/369219127 @ :0
[  490158ms] [WARNING] The powerPreference option is currently ignored when calling requestAdapter() on Windows. See https://crbug.com/369219127 @ :0
[  509308ms] [WARNING] The powerPreference option is currently ignored when calling requestAdapter() on Windows. See https://crbug.com/369219127 @ :0
[  532109ms] [ERROR] Permissions policy violation: compute-pressure is not allowed in this document. @ https://www.youtube.com/s/player/4fd832e7/player_embed_es6.vflset/en_GB/base.js:5401
[  544170ms] [WARNING] The powerPreference option is currently ignored when calling requestAdapter() on Windows. See https://crbug.com/369219127 @ :0
[  547271ms] [WARNING] The powerPreference option is currently ignored when calling requestAdapter() on Windows. See https://crbug.com/369219127 @ :0
[  565285ms] [WARNING] The powerPreference option is currently ignored when calling requestAdapter() on Windows. See https://crbug.com/369219127 @ :0
[  594163ms] [WARNING] The powerPreference option is currently ignored when calling requestAdapter() on Windows. See https://crbug.com/369219127 @ :0
[  607294ms] [WARNING] The powerPreference option is currently ignored when calling requestAdapter() on Windows. See https://crbug.com/369219127 @ :0
[  627278ms] [WARNING] The powerPreference option is currently ignored when calling requestAdapter() on Windows. See https://crbug.com/369219127 @ :0
[  644854ms] [WARNING] The powerPreference option is currently ignored when calling requestAdapter() on Windows. See https://crbug.com/369219127 @ :0
[  664865ms] [WARNING] The powerPreference option is currently ignored when calling requestAdapter() on Windows. See https://crbug.com/369219127 @ :0
[  686072ms] [WARNING] The powerPreference option is currently ignored when calling requestAdapter() on Windows. See https://crbug.com/369219127 @ :0
[  705457ms] [WARNING] The powerPreference option is currently ignored when calling requestAdapter() on Windows. See https://crbug.com/369219127 @ :0
[  729125ms] [WARNING] The powerPreference option is currently ignored when calling requestAdapter() on Windows. See https://crbug.com/369219127 @ :0
[  749173ms] [WARNING] The powerPreference option is currently ignored when calling requestAdapter() on Windows. See https://crbug.com/369219127 @ :0
[  767159ms] [WARNING] The powerPreference option is currently ignored when calling requestAdapter() on Windows. See https://crbug.com/369219127 @ :0
[  784638ms] [WARNING] The powerPreference option is currently ignored when calling requestAdapter() on Windows. See https://crbug.com/369219127 @ :0
[  805327ms] [WARNING] The powerPreference option is currently ignored when calling requestAdapter() on Windows. See https://crbug.com/369219127 @ :0
[  838760ms] [WARNING] The powerPreference option is currently ignored when calling requestAdapter() on Windows. See https://crbug.com/369219127 @ :0
[  845699ms] [WARNING] The powerPreference option is currently ignored when calling requestAdapter() on Windows. See https://crbug.com/369219127 @ :0
[  865165ms] [WARNING] The powerPreference option is currently ignored when calling requestAdapter() on Windows. See https://crbug.com/369219127 @ :0
[  885501ms] [WARNING] The powerPreference option is currently ignored when calling requestAdapter() on Windows. See https://crbug.com/369219127 @ :0
[   26431ms] [WARNING] The powerPreference option is currently ignored when calling requestAdapter() on Windows. See https://crbug.com/369219127 @ :0
[   27383ms] [WARNING] The powerPreference option is currently ignored when calling requestAdapter() on Windows. See https://crbug.com/369219127 @ :0
[   27582ms] [WARNING] The powerPreference option is currently ignored when calling requestAdapter() on Windows. See https://crbug.com/369219127 @ :0
[   27613ms] [WARNING] The powerPreference option is currently ignored when calling requestAdapter() on Windows. See https://crbug.com/369219127 @ :0
[   27630ms] [WARNING] The powerPreference option is currently ignored when calling requestAdapter() on Windows. See https://crbug.com/369219127 @ :0
[   27644ms] [WARNING] The powerPreference option is currently ignored when calling requestAdapter() on Windows. See https://crbug.com/369219127 @ :0
[   27660ms] [WARNING] The powerPreference option is currently ignored when calling requestAdapter() on Windows. See https://crbug.com/369219127 @ :0
[   27675ms] [WARNING] The powerPreference option is currently ignored when calling requestAdapter() on Windows. See https://crbug.com/369219127 @ :0
[   27708ms] [WARNING] The powerPreference option is currently ignored when calling requestAdapter() on Windows. See https://crbug.com/369219127 @ :0
[   27724ms] [WARNING] The powerPreference option is currently ignored when calling requestAdapter() on Windows. See https://crbug.com/369219127 @ :0
[   27767ms] [WARNING] The powerPreference option is currently ignored when calling requestAdapter() on Windows. See https://crbug.com/369219127 @ :0
[   27781ms] [WARNING] The powerPreference option is currently ignored when calling requestAdapter() on Windows. See https://crbug.com/369219127 @ :0
[   27801ms] [WARNING] The powerPreference option is currently ignored when calling requestAdapter() on Windows. See https://crbug.com/369219127 @ :0
[   27835ms] [WARNING] The powerPreference option is currently ignored when calling requestAdapter() on Windows. See https://crbug.com/369219127 @ :0
[   45570ms] [WARNING] The powerPreference option is currently ignored when calling requestAdapter() on Windows. See https://crbug.com/369219127 @ :0
[   67128ms] [WARNING] The powerPreference option is currently ignored when calling requestAdapter() on Windows. See https://crbug.com/369219127 @ :0
[   89283ms] [WARNING] The powerPreference option is currently ignored when calling requestAdapter() on Windows. See https://crbug.com/369219127 @ :0
[   91878ms] [WARNING] The powerPreference option is currently ignored when calling requestAdapter() on Windows. See https://crbug.com/369219127 @ :0
[   92870ms] [WARNING] The powerPreference option is currently ignored when calling requestAdapter() on Windows. See https://crbug.com/369219127 @ :0
[   92942ms] [WARNING] The powerPreference option is currently ignored when calling requestAdapter() on Windows. See https://crbug.com/369219127 @ :0
[   92973ms] [WARNING] The powerPreference option is currently ignored when calling requestAdapter() on Windows. See https://crbug.com/369219127 @ :0
[   93024ms] [WARNING] The powerPreference option is currently ignored when calling requestAdapter() on Windows. See https://crbug.com/369219127 @ :0
[   93044ms] [WARNING] The powerPreference option is currently ignored when calling requestAdapter() on Windows. See https://crbug.com/369219127 @ :0
[  113878ms] [WARNING] The powerPreference option is currently ignored when calling requestAdapter() on Windows. See https://crbug.com/369219127 @ :0
[  114104ms] [WARNING] The powerPreference option is currently ignored when calling requestAdapter() on Windows. See https://crbug.com/369219127 @ :0
[  114183ms] [WARNING] The powerPreference option is currently ignored when calling requestAdapter() on Windows. See https://crbug.com/369219127 @ :0
[  114203ms] [WARNING] The powerPreference option is currently ignored when calling requestAdapter() on Windows. See https://crbug.com/369219127 @ :0
[  114223ms] [WARNING] The powerPreference option is currently ignored when calling requestAdapter() on Windows. See https://crbug.com/369219127 @ :0
[  164059ms] [WARNING] The powerPreference option is currently ignored when calling requestAdapter() on Windows. See https://crbug.com/369219127 @ :0
[  168287ms] [WARNING] The powerPreference option is currently ignored when calling requestAdapter() on Windows. See https://crbug.com/369219127 @ :0
[  185632ms] [ERROR] Permissions policy violation: compute-pressure is not allowed in this document. @ https://www.youtube.com/s/player/4fd832e7/player_embed_es6.vflset/en_GB/base.js:5401
[  192695ms] [WARNING] The powerPreference option is currently ignored when calling requestAdapter() on Windows. See https://crbug.com/369219127 @ :0
[  192904ms] [WARNING] The powerPreference option is currently ignored when calling requestAdapter() on Windows. See https://crbug.com/369219127 @ :0
[  194930ms] [WARNING] The powerPreference option is currently ignored when calling requestAdapter() on Windows. See https://crbug.com/369219127 @ :0
[  194950ms] [WARNING] The powerPreference option is currently ignored when calling requestAdapter() on Windows. See https://crbug.com/369219127 @ :0
[  194970ms] [WARNING] The powerPreference option is currently ignored when calling requestAdapter() on Windows. See https://crbug.com/369219127 @ :0
[  199608ms] [ERROR] Permissions policy violation: compute-pressure is not allowed in this document. @ https://www.youtube.com/s/player/4fd832e7/player_embed_es6.vflset/en_GB/base.js:5401
[  203021ms] [ERROR] Permissions policy violation: compute-pressure is not allowed in this document. @ https://www.youtube.com/s/player/4fd832e7/player_embed_es6.vflset/en_GB/base.js:5401
[  203037ms] [ERROR] Permissions policy violation: compute-pressure is not allowed in this document. @ https://www.youtube.com/s/player/4fd832e7/player_embed_es6.vflset/en_GB/base.js:5401
[  208545ms] [WARNING] The powerPreference option is currently ignored when calling requestAdapter() on Windows. See https://crbug.com/369219127 @ :0
[  210008ms] [WARNING] The powerPreference option is currently ignored when calling requestAdapter() on Windows. See https://crbug.com/369219127 @ :0
[  210484ms] [WARNING] The powerPreference option is currently ignored when calling requestAdapter() on Windows. See https://crbug.com/369219127 @ :0
[  210578ms] [WARNING] The powerPreference option is currently ignored when calling requestAdapter() on Windows. See https://crbug.com/369219127 @ :0
[  210602ms] [WARNING] The powerPreference option is currently ignored when calling requestAdapter() on Windows. See https://crbug.com/369219127 @ :0
[  210625ms] [WARNING] The powerPreference option is currently ignored when calling requestAdapter() on Windows. See https://crbug.com/369219127 @ :0
[  210703ms] [WARNING] The powerPreference option is currently ignored when calling requestAdapter() on Windows. See https://crbug.com/369219127 @ :0
[  236263ms] [WARNING] The powerPreference option is currently ignored when calling requestAdapter() on Windows. See https://crbug.com/369219127 @ :0
[  236508ms] [WARNING] The powerPreference option is currently ignored when calling requestAdapter() on Windows. See https://crbug.com/369219127 @ :0
[  236550ms] [WARNING] The powerPreference option is currently ignored when calling requestAdapter() on Windows. See https://crbug.com/369219127 @ :0
[  236566ms] [WARNING] The powerPreference option is currently ignored when calling requestAdapter() on Windows. See https://crbug.com/369219127 @ :0
[  236711ms] [WARNING] The powerPreference option is currently ignored when calling requestAdapter() on Windows. See https://crbug.com/369219127 @ :0
[  359732ms] [ERROR] Permissions policy violation: compute-pressure is not allowed in this document. @ https://www.youtube.com/s/player/4fd832e7/player_embed_es6.vflset/en_GB/base.js:5401
[  412240ms] [WARNING] The powerPreference option is currently ignored when calling requestAdapter() on Windows. See https://crbug.com/369219127 @ :0
[  413246ms] [WARNING] The powerPreference option is currently ignored when calling requestAdapter() on Windows. See https://crbug.com/369219127 @ :0
[  414264ms] [WARNING] The powerPreference option is currently ignored when calling requestAdapter() on Windows. See https://crbug.com/369219127 @ :0
[  418318ms] [WARNING] The powerPreference option is currently ignored when calling requestAdapter() on Windows. See https://crbug.com/369219127 @ :0
[  419346ms] [WARNING] The powerPreference option is currently ignored when calling requestAdapter() on Windows. See https://crbug.com/369219127 @ :0
[  435547ms] [WARNING] The powerPreference option is currently ignored when calling requestAdapter() on Windows. See https://crbug.com/369219127 @ :0
[  436563ms] [WARNING] The powerPreference option is currently ignored when calling requestAdapter() on Windows. See https://crbug.com/369219127 @ :0
[  436582ms] [WARNING] The powerPreference option is currently ignored when calling requestAdapter() on Windows. See https://crbug.com/369219127 @ :0
[  438576ms] [WARNING] The powerPreference option is currently ignored when calling requestAdapter() on Windows. See https://crbug.com/369219127 @ :0
[  438661ms] [WARNING] The powerPreference option is currently ignored when calling requestAdapter() on Windows. See https://crbug.com/369219127 @ :0
[  443656ms] [WARNING] The powerPreference option is currently ignored when calling requestAdapter() on Windows. See https://crbug.com/369219127 @ :0
[  443670ms] [WARNING] The powerPreference option is currently ignored when calling requestAdapter() on Windows. See https://crbug.com/369219127 @ :0
[  447473ms] [WARNING] The powerPreference option is currently ignored when calling requestAdapter() on Windows. See https://crbug.com/369219127 @ :0
[  448486ms] [WARNING] The powerPreference option is currently ignored when calling requestAdapter() on Windows. See https://crbug.com/369219127 @ :0
[  464979ms] [ERROR] Permissions policy violation: compute-pressure is not allowed in this document. @ https://www.youtube.com/s/player/4fd832e7/player_embed_es6.vflset/en_GB/base.js:5401
[  469736ms] [WARNING] The powerPreference option is currently ignored when calling requestAdapter() on Windows. See https://crbug.com/369219127 @ :0
[  490158ms] [WARNING] The powerPreference option is currently ignored when calling requestAdapter() on Windows. See https://crbug.com/369219127 @ :0
[  509308ms] [WARNING] The powerPreference option is currently ignored when calling requestAdapter() on Windows. See https://crbug.com/369219127 @ :0
[  532109ms] [ERROR] Permissions policy violation: compute-pressure is not allowed in this document. @ https://www.youtube.com/s/player/4fd832e7/player_embed_es6.vflset/en_GB/base.js:5401
[  544170ms] [WARNING] The powerPreference option is currently ignored when calling requestAdapter() on Windows. See https://crbug.com/369219127 @ :0
[  547271ms] [WARNING] The powerPreference option is currently ignored when calling requestAdapter() on Windows. See https://crbug.com/369219127 @ :0
[  565285ms] [WARNING] The powerPreference option is currently ignored when calling requestAdapter() on Windows. See https://crbug.com/369219127 @ :0
[  594163ms] [WARNING] The powerPreference option is currently ignored when calling requestAdapter() on Windows. See https://crbug.com/369219127 @ :0
[  607294ms] [WARNING] The powerPreference option is currently ignored when calling requestAdapter() on Windows. See https://crbug.com/369219127 @ :0
[  627278ms] [WARNING] The powerPreference option is currently ignored when calling requestAdapter() on Windows. See https://crbug.com/369219127 @ :0
[  644854ms] [WARNING] The powerPreference option is currently ignored when calling requestAdapter() on Windows. See https://crbug.com/369219127 @ :0
[  664865ms] [WARNING] The powerPreference option is currently ignored when calling requestAdapter() on Windows. See https://crbug.com/369219127 @ :0
[  686072ms] [WARNING] The powerPreference option is currently ignored when calling requestAdapter() on Windows. See https://crbug.com/369219127 @ :0
[  705457ms] [WARNING] The powerPreference option is currently ignored when calling requestAdapter() on Windows. See https://crbug.com/369219127 @ :0
[  729125ms] [WARNING] The powerPreference option is currently ignored when calling requestAdapter() on Windows. See https://crbug.com/369219127 @ :0
[  749173ms] [WARNING] The powerPreference option is currently ignored when calling requestAdapter() on Windows. See https://crbug.com/369219127 @ :0
[  767159ms] [WARNING] The powerPreference option is currently ignored when calling requestAdapter() on Windows. See https://crbug.com/369219127 @ :0
[  784638ms] [WARNING] The powerPreference option is currently ignored when calling requestAdapter() on Windows. See https://crbug.com/369219127 @ :0
[  805327ms] [WARNING] The powerPreference option is currently ignored when calling requestAdapter() on Windows. See https://crbug.com/369219127 @ :0
[  838760ms] [WARNING] The powerPreference option is currently ignored when calling requestAdapter() on Windows. See https://crbug.com/369219127 @ :0
[  845699ms] [WARNING] The powerPreference option is currently ignored when calling requestAdapter() on Windows. See https://crbug.com/369219127 @ :0
[  865165ms] [WARNING] The powerPreference option is currently ignored when calling requestAdapter() on Windows. See https://crbug.com/369219127 @ :0
[  885501ms] [WARNING] The powerPreference option is currently ignored when calling requestAdapter() on Windows. See https://crbug.com/369219127 @ :0
[  908678ms] [WARNING] The powerPreference option is currently ignored when calling requestAdapter() on Windows. See https://crbug.com/369219127 @ :0
[   26431ms] [WARNING] The powerPreference option is currently ignored when calling requestAdapter() on Windows. See https://crbug.com/369219127 @ :0
[   27383ms] [WARNING] The powerPreference option is currently ignored when calling requestAdapter() on Windows. See https://crbug.com/369219127 @ :0
[   27582ms] [WARNING] The powerPreference option is currently ignored when calling requestAdapter() on Windows. See https://crbug.com/369219127 @ :0
[   27613ms] [WARNING] The powerPreference option is currently ignored when calling requestAdapter() on Windows. See https://crbug.com/369219127 @ :0
[   27630ms] [WARNING] The powerPreference option is currently ignored when calling requestAdapter() on Windows. See https://crbug.com/369219127 @ :0
[   27644ms] [WARNING] The powerPreference option is currently ignored when calling requestAdapter() on Windows. See https://crbug.com/369219127 @ :0
[   27660ms] [WARNING] The powerPreference option is currently ignored when calling requestAdapter() on Windows. See https://crbug.com/369219127 @ :0
[   27675ms] [WARNING] The powerPreference option is currently ignored when calling requestAdapter() on Windows. See https://crbug.com/369219127 @ :0
[   27708ms] [WARNING] The powerPreference option is currently ignored when calling requestAdapter() on Windows. See https://crbug.com/369219127 @ :0
[   27724ms] [WARNING] The powerPreference option is currently ignored when calling requestAdapter() on Windows. See https://crbug.com/369219127 @ :0
[   27767ms] [WARNING] The powerPreference option is currently ignored when calling requestAdapter() on Windows. See https://crbug.com/369219127 @ :0
[   27781ms] [WARNING] The powerPreference option is currently ignored when calling requestAdapter() on Windows. See https://crbug.com/369219127 @ :0
[   27801ms] [WARNING] The powerPreference option is currently ignored when calling requestAdapter() on Windows. See https://crbug.com/369219127 @ :0
[   27835ms] [WARNING] The powerPreference option is currently ignored when calling requestAdapter() on Windows. See https://crbug.com/369219127 @ :0
[   45570ms] [WARNING] The powerPreference option is currently ignored when calling requestAdapter() on Windows. See https://crbug.com/369219127 @ :0
[   67128ms] [WARNING] The powerPreference option is currently ignored when calling requestAdapter() on Windows. See https://crbug.com/369219127 @ :0
[   89283ms] [WARNING] The powerPreference option is currently ignored when calling requestAdapter() on Windows. See https://crbug.com/369219127 @ :0
[   91878ms] [WARNING] The powerPreference option is currently ignored when calling requestAdapter() on Windows. See https://crbug.com/369219127 @ :0
[   92870ms] [WARNING] The powerPreference option is currently ignored when calling requestAdapter() on Windows. See https://crbug.com/369219127 @ :0
[   92942ms] [WARNING] The powerPreference option is currently ignored when calling requestAdapter() on Windows. See https://crbug.com/369219127 @ :0
[   92973ms] [WARNING] The powerPreference option is currently ignored when calling requestAdapter() on Windows. See https://crbug.com/369219127 @ :0
[   93024ms] [WARNING] The powerPreference option is currently ignored when calling requestAdapter() on Windows. See https://crbug.com/369219127 @ :0
[   93044ms] [WARNING] The powerPreference option is currently ignored when calling requestAdapter() on Windows. See https://crbug.com/369219127 @ :0
[  113878ms] [WARNING] The powerPreference option is currently ignored when calling requestAdapter() on Windows. See https://crbug.com/369219127 @ :0
[  114104ms] [WARNING] The powerPreference option is currently ignored when calling requestAdapter() on Windows. See https://crbug.com/369219127 @ :0
[  114183ms] [WARNING] The powerPreference option is currently ignored when calling requestAdapter() on Windows. See https://crbug.com/369219127 @ :0
[  114203ms] [WARNING] The powerPreference option is currently ignored when calling requestAdapter() on Windows. See https://crbug.com/369219127 @ :0
[  114223ms] [WARNING] The powerPreference option is currently ignored when calling requestAdapter() on Windows. See https://crbug.com/369219127 @ :0
[  164059ms] [WARNING] The powerPreference option is currently ignored when calling requestAdapter() on Windows. See https://crbug.com/369219127 @ :0
[  168287ms] [WARNING] The powerPreference option is currently ignored when calling requestAdapter() on Windows. See https://crbug.com/369219127 @ :0
[  185632ms] [ERROR] Permissions policy violation: compute-pressure is not allowed in this document. @ https://www.youtube.com/s/player/4fd832e7/player_embed_es6.vflset/en_GB/base.js:5401
[  192695ms] [WARNING] The powerPreference option is currently ignored when calling requestAdapter() on Windows. See https://crbug.com/369219127 @ :0
[  192904ms] [WARNING] The powerPreference option is currently ignored when calling requestAdapter() on Windows. See https://crbug.com/369219127 @ :0
[  194930ms] [WARNING] The powerPreference option is currently ignored when calling requestAdapter() on Windows. See https://crbug.com/369219127 @ :0
[  194950ms] [WARNING] The powerPreference option is currently ignored when calling requestAdapter() on Windows. See https://crbug.com/369219127 @ :0
[  194970ms] [WARNING] The powerPreference option is currently ignored when calling requestAdapter() on Windows. See https://crbug.com/369219127 @ :0
[  199608ms] [ERROR] Permissions policy violation: compute-pressure is not allowed in this document. @ https://www.youtube.com/s/player/4fd832e7/player_embed_es6.vflset/en_GB/base.js:5401
[  203021ms] [ERROR] Permissions policy violation: compute-pressure is not allowed in this document. @ https://www.youtube.com/s/player/4fd832e7/player_embed_es6.vflset/en_GB/base.js:5401
[  203037ms] [ERROR] Permissions policy violation: compute-pressure is not allowed in this document. @ https://www.youtube.com/s/player/4fd832e7/player_embed_es6.vflset/en_GB/base.js:5401
[  208545ms] [WARNING] The powerPreference option is currently ignored when calling requestAdapter() on Windows. See https://crbug.com/369219127 @ :0
[  210008ms] [WARNING] The powerPreference option is currently ignored when calling requestAdapter() on Windows. See https://crbug.com/369219127 @ :0
[  210484ms] [WARNING] The powerPreference option is currently ignored when calling requestAdapter() on Windows. See https://crbug.com/369219127 @ :0
[  210578ms] [WARNING] The powerPreference option is currently ignored when calling requestAdapter() on Windows. See https://crbug.com/369219127 @ :0
[  210602ms] [WARNING] The powerPreference option is currently ignored when calling requestAdapter() on Windows. See https://crbug.com/369219127 @ :0
[  210625ms] [WARNING] The powerPreference option is currently ignored when calling requestAdapter() on Windows. See https://crbug.com/369219127 @ :0
[  210703ms] [WARNING] The powerPreference option is currently ignored when calling requestAdapter() on Windows. See https://crbug.com/369219127 @ :0
[  236263ms] [WARNING] The powerPreference option is currently ignored when calling requestAdapter() on Windows. See https://crbug.com/369219127 @ :0
[  236508ms] [WARNING] The powerPreference option is currently ignored when calling requestAdapter() on Windows. See https://crbug.com/369219127 @ :0
[  236550ms] [WARNING] The powerPreference option is currently ignored when calling requestAdapter() on Windows. See https://crbug.com/369219127 @ :0
[  236566ms] [WARNING] The powerPreference option is currently ignored when calling requestAdapter() on Windows. See https://crbug.com/369219127 @ :0
[  236711ms] [WARNING] The powerPreference option is currently ignored when calling requestAdapter() on Windows. See https://crbug.com/369219127 @ :0
[  359732ms] [ERROR] Permissions policy violation: compute-pressure is not allowed in this document. @ https://www.youtube.com/s/player/4fd832e7/player_embed_es6.vflset/en_GB/base.js:5401
[  412240ms] [WARNING] The powerPreference option is currently ignored when calling requestAdapter() on Windows. See https://crbug.com/369219127 @ :0
[  413246ms] [WARNING] The powerPreference option is currently ignored when calling requestAdapter() on Windows. See https://crbug.com/369219127 @ :0
[  414264ms] [WARNING] The powerPreference option is currently ignored when calling requestAdapter() on Windows. See https://crbug.com/369219127 @ :0
[  418318ms] [WARNING] The powerPreference option is currently ignored when calling requestAdapter() on Windows. See https://crbug.com/369219127 @ :0
[  419346ms] [WARNING] The powerPreference option is currently ignored when calling requestAdapter() on Windows. See https://crbug.com/369219127 @ :0
[  435547ms] [WARNING] The powerPreference option is currently ignored when calling requestAdapter() on Windows. See https://crbug.com/369219127 @ :0
[  436563ms] [WARNING] The powerPreference option is currently ignored when calling requestAdapter() on Windows. See https://crbug.com/369219127 @ :0
[  436582ms] [WARNING] The powerPreference option is currently ignored when calling requestAdapter() on Windows. See https://crbug.com/369219127 @ :0
[  438576ms] [WARNING] The powerPreference option is currently ignored when calling requestAdapter() on Windows. See https://crbug.com/369219127 @ :0
[  438661ms] [WARNING] The powerPreference option is currently ignored when calling requestAdapter() on Windows. See https://crbug.com/369219127 @ :0
[  443656ms] [WARNING] The powerPreference option is currently ignored when calling requestAdapter() on Windows. See https://crbug.com/369219127 @ :0
[  443670ms] [WARNING] The powerPreference option is currently ignored when calling requestAdapter() on Windows. See https://crbug.com/369219127 @ :0
[  447473ms] [WARNING] The powerPreference option is currently ignored when calling requestAdapter() on Windows. See https://crbug.com/369219127 @ :0
[  448486ms] [WARNING] The powerPreference option is currently ignored when calling requestAdapter() on Windows. See https://crbug.com/369219127 @ :0
[  464979ms] [ERROR] Permissions policy violation: compute-pressure is not allowed in this document. @ https://www.youtube.com/s/player/4fd832e7/player_embed_es6.vflset/en_GB/base.js:5401
[  469736ms] [WARNING] The powerPreference option is currently ignored when calling requestAdapter() on Windows. See https://crbug.com/369219127 @ :0
[  490158ms] [WARNING] The powerPreference option is currently ignored when calling requestAdapter() on Windows. See https://crbug.com/369219127 @ :0
[  509308ms] [WARNING] The powerPreference option is currently ignored when calling requestAdapter() on Windows. See https://crbug.com/369219127 @ :0
[  532109ms] [ERROR] Permissions policy violation: compute-pressure is not allowed in this document. @ https://www.youtube.com/s/player/4fd832e7/player_embed_es6.vflset/en_GB/base.js:5401
[  544170ms] [WARNING] The powerPreference option is currently ignored when calling requestAdapter() on Windows. See https://crbug.com/369219127 @ :0
[  547271ms] [WARNING] The powerPreference option is currently ignored when calling requestAdapter() on Windows. See https://crbug.com/369219127 @ :0
[  565285ms] [WARNING] The powerPreference option is currently ignored when calling requestAdapter() on Windows. See https://crbug.com/369219127 @ :0
[  594163ms] [WARNING] The powerPreference option is currently ignored when calling requestAdapter() on Windows. See https://crbug.com/369219127 @ :0
[  607294ms] [WARNING] The powerPreference option is currently ignored when calling requestAdapter() on Windows. See https://crbug.com/369219127 @ :0
[  627278ms] [WARNING] The powerPreference option is currently ignored when calling requestAdapter() on Windows. See https://crbug.com/369219127 @ :0
[  644854ms] [WARNING] The powerPreference option is currently ignored when calling requestAdapter() on Windows. See https://crbug.com/369219127 @ :0
[  664865ms] [WARNING] The powerPreference option is currently ignored when calling requestAdapter() on Windows. See https://crbug.com/369219127 @ :0
[  686072ms] [WARNING] The powerPreference option is currently ignored when calling requestAdapter() on Windows. See https://crbug.com/369219127 @ :0
[  705457ms] [WARNING] The powerPreference option is currently ignored when calling requestAdapter() on Windows. See https://crbug.com/369219127 @ :0
[  729125ms] [WARNING] The powerPreference option is currently ignored when calling requestAdapter() on Windows. See https://crbug.com/369219127 @ :0
[  749173ms] [WARNING] The powerPreference option is currently ignored when calling requestAdapter() on Windows. See https://crbug.com/369219127 @ :0
[  767159ms] [WARNING] The powerPreference option is currently ignored when calling requestAdapter() on Windows. See https://crbug.com/369219127 @ :0
[  784638ms] [WARNING] The powerPreference option is currently ignored when calling requestAdapter() on Windows. See https://crbug.com/369219127 @ :0
[  805327ms] [WARNING] The powerPreference option is currently ignored when calling requestAdapter() on Windows. See https://crbug.com/369219127 @ :0
[  838760ms] [WARNING] The powerPreference option is currently ignored when calling requestAdapter() on Windows. See https://crbug.com/369219127 @ :0
[  845699ms] [WARNING] The powerPreference option is currently ignored when calling requestAdapter() on Windows. See https://crbug.com/369219127 @ :0
[  865165ms] [WARNING] The powerPreference option is currently ignored when calling requestAdapter() on Windows. See https://crbug.com/369219127 @ :0
[  885501ms] [WARNING] The powerPreference option is currently ignored when calling requestAdapter() on Windows. See https://crbug.com/369219127 @ :0
[  908678ms] [WARNING] The powerPreference option is currently ignored when calling requestAdapter() on Windows. See https://crbug.com/369219127 @ :0
[  927095ms] [WARNING] The powerPreference option is currently ignored when calling requestAdapter() on Windows. See https://crbug.com/369219127 @ :0
[   26431ms] [WARNING] The powerPreference option is currently ignored when calling requestAdapter() on Windows. See https://crbug.com/369219127 @ :0
[   27383ms] [WARNING] The powerPreference option is currently ignored when calling requestAdapter() on Windows. See https://crbug.com/369219127 @ :0
[   27582ms] [WARNING] The powerPreference option is currently ignored when calling requestAdapter() on Windows. See https://crbug.com/369219127 @ :0
[   27613ms] [WARNING] The powerPreference option is currently ignored when calling requestAdapter() on Windows. See https://crbug.com/369219127 @ :0
[   27630ms] [WARNING] The powerPreference option is currently ignored when calling requestAdapter() on Windows. See https://crbug.com/369219127 @ :0
[   27644ms] [WARNING] The powerPreference option is currently ignored when calling requestAdapter() on Windows. See https://crbug.com/369219127 @ :0
[   27660ms] [WARNING] The powerPreference option is currently ignored when calling requestAdapter() on Windows. See https://crbug.com/369219127 @ :0
[   27675ms] [WARNING] The powerPreference option is currently ignored when calling requestAdapter() on Windows. See https://crbug.com/369219127 @ :0
[   27708ms] [WARNING] The powerPreference option is currently ignored when calling requestAdapter() on Windows. See https://crbug.com/369219127 @ :0
[   27724ms] [WARNING] The powerPreference option is currently ignored when calling requestAdapter() on Windows. See https://crbug.com/369219127 @ :0
[   27767ms] [WARNING] The powerPreference option is currently ignored when calling requestAdapter() on Windows. See https://crbug.com/369219127 @ :0
[   27781ms] [WARNING] The powerPreference option is currently ignored when calling requestAdapter() on Windows. See https://crbug.com/369219127 @ :0
[   27801ms] [WARNING] The powerPreference option is currently ignored when calling requestAdapter() on Windows. See https://crbug.com/369219127 @ :0
[   27835ms] [WARNING] The powerPreference option is currently ignored when calling requestAdapter() on Windows. See https://crbug.com/369219127 @ :0
[   45570ms] [WARNING] The powerPreference option is currently ignored when calling requestAdapter() on Windows. See https://crbug.com/369219127 @ :0
[   67128ms] [WARNING] The powerPreference option is currently ignored when calling requestAdapter() on Windows. See https://crbug.com/369219127 @ :0
[   89283ms] [WARNING] The powerPreference option is currently ignored when calling requestAdapter() on Windows. See https://crbug.com/369219127 @ :0
[   91878ms] [WARNING] The powerPreference option is currently ignored when calling requestAdapter() on Windows. See https://crbug.com/369219127 @ :0
[   92870ms] [WARNING] The powerPreference option is currently ignored when calling requestAdapter() on Windows. See https://crbug.com/369219127 @ :0
[   92942ms] [WARNING] The powerPreference option is currently ignored when calling requestAdapter() on Windows. See https://crbug.com/369219127 @ :0
[   92973ms] [WARNING] The powerPreference option is currently ignored when calling requestAdapter() on Windows. See https://crbug.com/369219127 @ :0
[   93024ms] [WARNING] The powerPreference option is currently ignored when calling requestAdapter() on Windows. See https://crbug.com/369219127 @ :0
[   93044ms] [WARNING] The powerPreference option is currently ignored when calling requestAdapter() on Windows. See https://crbug.com/369219127 @ :0
[  113878ms] [WARNING] The powerPreference option is currently ignored when calling requestAdapter() on Windows. See https://crbug.com/369219127 @ :0
[  114104ms] [WARNING] The powerPreference option is currently ignored when calling requestAdapter() on Windows. See https://crbug.com/369219127 @ :0
[  114183ms] [WARNING] The powerPreference option is currently ignored when calling requestAdapter() on Windows. See https://crbug.com/369219127 @ :0
[  114203ms] [WARNING] The powerPreference option is currently ignored when calling requestAdapter() on Windows. See https://crbug.com/369219127 @ :0
[  114223ms] [WARNING] The powerPreference option is currently ignored when calling requestAdapter() on Windows. See https://crbug.com/369219127 @ :0
[  164059ms] [WARNING] The powerPreference option is currently ignored when calling requestAdapter() on Windows. See https://crbug.com/369219127 @ :0
[  168287ms] [WARNING] The powerPreference option is currently ignored when calling requestAdapter() on Windows. See https://crbug.com/369219127 @ :0
[  185632ms] [ERROR] Permissions policy violation: compute-pressure is not allowed in this document. @ https://www.youtube.com/s/player/4fd832e7/player_embed_es6.vflset/en_GB/base.js:5401
[  192695ms] [WARNING] The powerPreference option is currently ignored when calling requestAdapter() on Windows. See https://crbug.com/369219127 @ :0
[  192904ms] [WARNING] The powerPreference option is currently ignored when calling requestAdapter() on Windows. See https://crbug.com/369219127 @ :0
[  194930ms] [WARNING] The powerPreference option is currently ignored when calling requestAdapter() on Windows. See https://crbug.com/369219127 @ :0
[  194950ms] [WARNING] The powerPreference option is currently ignored when calling requestAdapter() on Windows. See https://crbug.com/369219127 @ :0
[  194970ms] [WARNING] The powerPreference option is currently ignored when calling requestAdapter() on Windows. See https://crbug.com/369219127 @ :0
[  199608ms] [ERROR] Permissions policy violation: compute-pressure is not allowed in this document. @ https://www.youtube.com/s/player/4fd832e7/player_embed_es6.vflset/en_GB/base.js:5401
[  203021ms] [ERROR] Permissions policy violation: compute-pressure is not allowed in this document. @ https://www.youtube.com/s/player/4fd832e7/player_embed_es6.vflset/en_GB/base.js:5401
[  203037ms] [ERROR] Permissions policy violation: compute-pressure is not allowed in this document. @ https://www.youtube.com/s/player/4fd832e7/player_embed_es6.vflset/en_GB/base.js:5401
[  208545ms] [WARNING] The powerPreference option is currently ignored when calling requestAdapter() on Windows. See https://crbug.com/369219127 @ :0
[  210008ms] [WARNING] The powerPreference option is currently ignored when calling requestAdapter() on Windows. See https://crbug.com/369219127 @ :0
[  210484ms] [WARNING] The powerPreference option is currently ignored when calling requestAdapter() on Windows. See https://crbug.com/369219127 @ :0
[  210578ms] [WARNING] The powerPreference option is currently ignored when calling requestAdapter() on Windows. See https://crbug.com/369219127 @ :0
[  210602ms] [WARNING] The powerPreference option is currently ignored when calling requestAdapter() on Windows. See https://crbug.com/369219127 @ :0
[  210625ms] [WARNING] The powerPreference option is currently ignored when calling requestAdapter() on Windows. See https://crbug.com/369219127 @ :0
[  210703ms] [WARNING] The powerPreference option is currently ignored when calling requestAdapter() on Windows. See https://crbug.com/369219127 @ :0
[  236263ms] [WARNING] The powerPreference option is currently ignored when calling requestAdapter() on Windows. See https://crbug.com/369219127 @ :0
[  236508ms] [WARNING] The powerPreference option is currently ignored when calling requestAdapter() on Windows. See https://crbug.com/369219127 @ :0
[  236550ms] [WARNING] The powerPreference option is currently ignored when calling requestAdapter() on Windows. See https://crbug.com/369219127 @ :0
[  236566ms] [WARNING] The powerPreference option is currently ignored when calling requestAdapter() on Windows. See https://crbug.com/369219127 @ :0
[  236711ms] [WARNING] The powerPreference option is currently ignored when calling requestAdapter() on Windows. See https://crbug.com/369219127 @ :0
[  359732ms] [ERROR] Permissions policy violation: compute-pressure is not allowed in this document. @ https://www.youtube.com/s/player/4fd832e7/player_embed_es6.vflset/en_GB/base.js:5401
[  412240ms] [WARNING] The powerPreference option is currently ignored when calling requestAdapter() on Windows. See https://crbug.com/369219127 @ :0
[  413246ms] [WARNING] The powerPreference option is currently ignored when calling requestAdapter() on Windows. See https://crbug.com/369219127 @ :0
[  414264ms] [WARNING] The powerPreference option is currently ignored when calling requestAdapter() on Windows. See https://crbug.com/369219127 @ :0
[  418318ms] [WARNING] The powerPreference option is currently ignored when calling requestAdapter() on Windows. See https://crbug.com/369219127 @ :0
[  419346ms] [WARNING] The powerPreference option is currently ignored when calling requestAdapter() on Windows. See https://crbug.com/369219127 @ :0
[  435547ms] [WARNING] The powerPreference option is currently ignored when calling requestAdapter() on Windows. See https://crbug.com/369219127 @ :0
[  436563ms] [WARNING] The powerPreference option is currently ignored when calling requestAdapter() on Windows. See https://crbug.com/369219127 @ :0
[  436582ms] [WARNING] The powerPreference option is currently ignored when calling requestAdapter() on Windows. See https://crbug.com/369219127 @ :0
[  438576ms] [WARNING] The powerPreference option is currently ignored when calling requestAdapter() on Windows. See https://crbug.com/369219127 @ :0
[  438661ms] [WARNING] The powerPreference option is currently ignored when calling requestAdapter() on Windows. See https://crbug.com/369219127 @ :0
[  443656ms] [WARNING] The powerPreference option is currently ignored when calling requestAdapter() on Windows. See https://crbug.com/369219127 @ :0
[  443670ms] [WARNING] The powerPreference option is currently ignored when calling requestAdapter() on Windows. See https://crbug.com/369219127 @ :0
[  447473ms] [WARNING] The powerPreference option is currently ignored when calling requestAdapter() on Windows. See https://crbug.com/369219127 @ :0
[  448486ms] [WARNING] The powerPreference option is currently ignored when calling requestAdapter() on Windows. See https://crbug.com/369219127 @ :0
[  464979ms] [ERROR] Permissions policy violation: compute-pressure is not allowed in this document. @ https://www.youtube.com/s/player/4fd832e7/player_embed_es6.vflset/en_GB/base.js:5401
[  469736ms] [WARNING] The powerPreference option is currently ignored when calling requestAdapter() on Windows. See https://crbug.com/369219127 @ :0
[  490158ms] [WARNING] The powerPreference option is currently ignored when calling requestAdapter() on Windows. See https://crbug.com/369219127 @ :0
[  509308ms] [WARNING] The powerPreference option is currently ignored when calling requestAdapter() on Windows. See https://crbug.com/369219127 @ :0
[  532109ms] [ERROR] Permissions policy violation: compute-pressure is not allowed in this document. @ https://www.youtube.com/s/player/4fd832e7/player_embed_es6.vflset/en_GB/base.js:5401
[  544170ms] [WARNING] The powerPreference option is currently ignored when calling requestAdapter() on Windows. See https://crbug.com/369219127 @ :0
[  547271ms] [WARNING] The powerPreference option is currently ignored when calling requestAdapter() on Windows. See https://crbug.com/369219127 @ :0
[  565285ms] [WARNING] The powerPreference option is currently ignored when calling requestAdapter() on Windows. See https://crbug.com/369219127 @ :0
[  594163ms] [WARNING] The powerPreference option is currently ignored when calling requestAdapter() on Windows. See https://crbug.com/369219127 @ :0
[  607294ms] [WARNING] The powerPreference option is currently ignored when calling requestAdapter() on Windows. See https://crbug.com/369219127 @ :0
[  627278ms] [WARNING] The powerPreference option is currently ignored when calling requestAdapter() on Windows. See https://crbug.com/369219127 @ :0
[  644854ms] [WARNING] The powerPreference option is currently ignored when calling requestAdapter() on Windows. See https://crbug.com/369219127 @ :0
[  664865ms] [WARNING] The powerPreference option is currently ignored when calling requestAdapter() on Windows. See https://crbug.com/369219127 @ :0
[  686072ms] [WARNING] The powerPreference option is currently ignored when calling requestAdapter() on Windows. See https://crbug.com/369219127 @ :0
[  705457ms] [WARNING] The powerPreference option is currently ignored when calling requestAdapter() on Windows. See https://crbug.com/369219127 @ :0
[  729125ms] [WARNING] The powerPreference option is currently ignored when calling requestAdapter() on Windows. See https://crbug.com/369219127 @ :0
[  749173ms] [WARNING] The powerPreference option is currently ignored when calling requestAdapter() on Windows. See https://crbug.com/369219127 @ :0
[  767159ms] [WARNING] The powerPreference option is currently ignored when calling requestAdapter() on Windows. See https://crbug.com/369219127 @ :0
[  784638ms] [WARNING] The powerPreference option is currently ignored when calling requestAdapter() on Windows. See https://crbug.com/369219127 @ :0
[  805327ms] [WARNING] The powerPreference option is currently ignored when calling requestAdapter() on Windows. See https://crbug.com/369219127 @ :0
[  838760ms] [WARNING] The powerPreference option is currently ignored when calling requestAdapter() on Windows. See https://crbug.com/369219127 @ :0
[  845699ms] [WARNING] The powerPreference option is currently ignored when calling requestAdapter() on Windows. See https://crbug.com/369219127 @ :0
[  865165ms] [WARNING] The powerPreference option is currently ignored when calling requestAdapter() on Windows. See https://crbug.com/369219127 @ :0
[  885501ms] [WARNING] The powerPreference option is currently ignored when calling requestAdapter() on Windows. See https://crbug.com/369219127 @ :0
[  908678ms] [WARNING] The powerPreference option is currently ignored when calling requestAdapter() on Windows. See https://crbug.com/369219127 @ :0
[  927095ms] [WARNING] The powerPreference option is currently ignored when calling requestAdapter() on Windows. See https://crbug.com/369219127 @ :0
[  944948ms] [WARNING] The powerPreference option is currently ignored when calling requestAdapter() on Windows. See https://crbug.com/369219127 @ :0
[   26431ms] [WARNING] The powerPreference option is currently ignored when calling requestAdapter() on Windows. See https://crbug.com/369219127 @ :0
[   27383ms] [WARNING] The powerPreference option is currently ignored when calling requestAdapter() on Windows. See https://crbug.com/369219127 @ :0
[   27582ms] [WARNING] The powerPreference option is currently ignored when calling requestAdapter() on Windows. See https://crbug.com/369219127 @ :0
[   27613ms] [WARNING] The powerPreference option is currently ignored when calling requestAdapter() on Windows. See https://crbug.com/369219127 @ :0
[   27630ms] [WARNING] The powerPreference option is currently ignored when calling requestAdapter() on Windows. See https://crbug.com/369219127 @ :0
[   27644ms] [WARNING] The powerPreference option is currently ignored when calling requestAdapter() on Windows. See https://crbug.com/369219127 @ :0
[   27660ms] [WARNING] The powerPreference option is currently ignored when calling requestAdapter() on Windows. See https://crbug.com/369219127 @ :0
[   27675ms] [WARNING] The powerPreference option is currently ignored when calling requestAdapter() on Windows. See https://crbug.com/369219127 @ :0
[   27708ms] [WARNING] The powerPreference option is currently ignored when calling requestAdapter() on Windows. See https://crbug.com/369219127 @ :0
[   27724ms] [WARNING] The powerPreference option is currently ignored when calling requestAdapter() on Windows. See https://crbug.com/369219127 @ :0
[   27767ms] [WARNING] The powerPreference option is currently ignored when calling requestAdapter() on Windows. See https://crbug.com/369219127 @ :0
[   27781ms] [WARNING] The powerPreference option is currently ignored when calling requestAdapter() on Windows. See https://crbug.com/369219127 @ :0
[   27801ms] [WARNING] The powerPreference option is currently ignored when calling requestAdapter() on Windows. See https://crbug.com/369219127 @ :0
[   27835ms] [WARNING] The powerPreference option is currently ignored when calling requestAdapter() on Windows. See https://crbug.com/369219127 @ :0
[   45570ms] [WARNING] The powerPreference option is currently ignored when calling requestAdapter() on Windows. See https://crbug.com/369219127 @ :0
[   67128ms] [WARNING] The powerPreference option is currently ignored when calling requestAdapter() on Windows. See https://crbug.com/369219127 @ :0
[   89283ms] [WARNING] The powerPreference option is currently ignored when calling requestAdapter() on Windows. See https://crbug.com/369219127 @ :0
[   91878ms] [WARNING] The powerPreference option is currently ignored when calling requestAdapter() on Windows. See https://crbug.com/369219127 @ :0
[   92870ms] [WARNING] The powerPreference option is currently ignored when calling requestAdapter() on Windows. See https://crbug.com/369219127 @ :0
[   92942ms] [WARNING] The powerPreference option is currently ignored when calling requestAdapter() on Windows. See https://crbug.com/369219127 @ :0
[   92973ms] [WARNING] The powerPreference option is currently ignored when calling requestAdapter() on Windows. See https://crbug.com/369219127 @ :0
[   93024ms] [WARNING] The powerPreference option is currently ignored when calling requestAdapter() on Windows. See https://crbug.com/369219127 @ :0
[   93044ms] [WARNING] The powerPreference option is currently ignored when calling requestAdapter() on Windows. See https://crbug.com/369219127 @ :0
[  113878ms] [WARNING] The powerPreference option is currently ignored when calling requestAdapter() on Windows. See https://crbug.com/369219127 @ :0
[  114104ms] [WARNING] The powerPreference option is currently ignored when calling requestAdapter() on Windows. See https://crbug.com/369219127 @ :0
[  114183ms] [WARNING] The powerPreference option is currently ignored when calling requestAdapter() on Windows. See https://crbug.com/369219127 @ :0
[  114203ms] [WARNING] The powerPreference option is currently ignored when calling requestAdapter() on Windows. See https://crbug.com/369219127 @ :0
[  114223ms] [WARNING] The powerPreference option is currently ignored when calling requestAdapter() on Windows. See https://crbug.com/369219127 @ :0
[  164059ms] [WARNING] The powerPreference option is currently ignored when calling requestAdapter() on Windows. See https://crbug.com/369219127 @ :0
[  168287ms] [WARNING] The powerPreference option is currently ignored when calling requestAdapter() on Windows. See https://crbug.com/369219127 @ :0
[  185632ms] [ERROR] Permissions policy violation: compute-pressure is not allowed in this document. @ https://www.youtube.com/s/player/4fd832e7/player_embed_es6.vflset/en_GB/base.js:5401
[  192695ms] [WARNING] The powerPreference option is currently ignored when calling requestAdapter() on Windows. See https://crbug.com/369219127 @ :0
[  192904ms] [WARNING] The powerPreference option is currently ignored when calling requestAdapter() on Windows. See https://crbug.com/369219127 @ :0
[  194930ms] [WARNING] The powerPreference option is currently ignored when calling requestAdapter() on Windows. See https://crbug.com/369219127 @ :0
[  194950ms] [WARNING] The powerPreference option is currently ignored when calling requestAdapter() on Windows. See https://crbug.com/369219127 @ :0
[  194970ms] [WARNING] The powerPreference option is currently ignored when calling requestAdapter() on Windows. See https://crbug.com/369219127 @ :0
[  199608ms] [ERROR] Permissions policy violation: compute-pressure is not allowed in this document. @ https://www.youtube.com/s/player/4fd832e7/player_embed_es6.vflset/en_GB/base.js:5401
[  203021ms] [ERROR] Permissions policy violation: compute-pressure is not allowed in this document. @ https://www.youtube.com/s/player/4fd832e7/player_embed_es6.vflset/en_GB/base.js:5401
[  203037ms] [ERROR] Permissions policy violation: compute-pressure is not allowed in this document. @ https://www.youtube.com/s/player/4fd832e7/player_embed_es6.vflset/en_GB/base.js:5401
[  208545ms] [WARNING] The powerPreference option is currently ignored when calling requestAdapter() on Windows. See https://crbug.com/369219127 @ :0
[  210008ms] [WARNING] The powerPreference option is currently ignored when calling requestAdapter() on Windows. See https://crbug.com/369219127 @ :0
[  210484ms] [WARNING] The powerPreference option is currently ignored when calling requestAdapter() on Windows. See https://crbug.com/369219127 @ :0
[  210578ms] [WARNING] The powerPreference option is currently ignored when calling requestAdapter() on Windows. See https://crbug.com/369219127 @ :0
[  210602ms] [WARNING] The powerPreference option is currently ignored when calling requestAdapter() on Windows. See https://crbug.com/369219127 @ :0
[  210625ms] [WARNING] The powerPreference option is currently ignored when calling requestAdapter() on Windows. See https://crbug.com/369219127 @ :0
[  210703ms] [WARNING] The powerPreference option is currently ignored when calling requestAdapter() on Windows. See https://crbug.com/369219127 @ :0
[  236263ms] [WARNING] The powerPreference option is currently ignored when calling requestAdapter() on Windows. See https://crbug.com/369219127 @ :0
[  236508ms] [WARNING] The powerPreference option is currently ignored when calling requestAdapter() on Windows. See https://crbug.com/369219127 @ :0
[  236550ms] [WARNING] The powerPreference option is currently ignored when calling requestAdapter() on Windows. See https://crbug.com/369219127 @ :0
[  236566ms] [WARNING] The powerPreference option is currently ignored when calling requestAdapter() on Windows. See https://crbug.com/369219127 @ :0
[  236711ms] [WARNING] The powerPreference option is currently ignored when calling requestAdapter() on Windows. See https://crbug.com/369219127 @ :0
[  359732ms] [ERROR] Permissions policy violation: compute-pressure is not allowed in this document. @ https://www.youtube.com/s/player/4fd832e7/player_embed_es6.vflset/en_GB/base.js:5401
[  412240ms] [WARNING] The powerPreference option is currently ignored when calling requestAdapter() on Windows. See https://crbug.com/369219127 @ :0
[  413246ms] [WARNING] The powerPreference option is currently ignored when calling requestAdapter() on Windows. See https://crbug.com/369219127 @ :0
[  414264ms] [WARNING] The powerPreference option is currently ignored when calling requestAdapter() on Windows. See https://crbug.com/369219127 @ :0
[  418318ms] [WARNING] The powerPreference option is currently ignored when calling requestAdapter() on Windows. See https://crbug.com/369219127 @ :0
[  419346ms] [WARNING] The powerPreference option is currently ignored when calling requestAdapter() on Windows. See https://crbug.com/369219127 @ :0
[  435547ms] [WARNING] The powerPreference option is currently ignored when calling requestAdapter() on Windows. See https://crbug.com/369219127 @ :0
[  436563ms] [WARNING] The powerPreference option is currently ignored when calling requestAdapter() on Windows. See https://crbug.com/369219127 @ :0
[  436582ms] [WARNING] The powerPreference option is currently ignored when calling requestAdapter() on Windows. See https://crbug.com/369219127 @ :0
[  438576ms] [WARNING] The powerPreference option is currently ignored when calling requestAdapter() on Windows. See https://crbug.com/369219127 @ :0
[  438661ms] [WARNING] The powerPreference option is currently ignored when calling requestAdapter() on Windows. See https://crbug.com/369219127 @ :0
[  443656ms] [WARNING] The powerPreference option is currently ignored when calling requestAdapter() on Windows. See https://crbug.com/369219127 @ :0
[  443670ms] [WARNING] The powerPreference option is currently ignored when calling requestAdapter() on Windows. See https://crbug.com/369219127 @ :0
[  447473ms] [WARNING] The powerPreference option is currently ignored when calling requestAdapter() on Windows. See https://crbug.com/369219127 @ :0
[  448486ms] [WARNING] The powerPreference option is currently ignored when calling requestAdapter() on Windows. See https://crbug.com/369219127 @ :0
[  464979ms] [ERROR] Permissions policy violation: compute-pressure is not allowed in this document. @ https://www.youtube.com/s/player/4fd832e7/player_embed_es6.vflset/en_GB/base.js:5401
[  469736ms] [WARNING] The powerPreference option is currently ignored when calling requestAdapter() on Windows. See https://crbug.com/369219127 @ :0
[  490158ms] [WARNING] The powerPreference option is currently ignored when calling requestAdapter() on Windows. See https://crbug.com/369219127 @ :0
[  509308ms] [WARNING] The powerPreference option is currently ignored when calling requestAdapter() on Windows. See https://crbug.com/369219127 @ :0
[  532109ms] [ERROR] Permissions policy violation: compute-pressure is not allowed in this document. @ https://www.youtube.com/s/player/4fd832e7/player_embed_es6.vflset/en_GB/base.js:5401
[  544170ms] [WARNING] The powerPreference option is currently ignored when calling requestAdapter() on Windows. See https://crbug.com/369219127 @ :0
[  547271ms] [WARNING] The powerPreference option is currently ignored when calling requestAdapter() on Windows. See https://crbug.com/369219127 @ :0
[  565285ms] [WARNING] The powerPreference option is currently ignored when calling requestAdapter() on Windows. See https://crbug.com/369219127 @ :0
[  594163ms] [WARNING] The powerPreference option is currently ignored when calling requestAdapter() on Windows. See https://crbug.com/369219127 @ :0
[  607294ms] [WARNING] The powerPreference option is currently ignored when calling requestAdapter() on Windows. See https://crbug.com/369219127 @ :0
[  627278ms] [WARNING] The powerPreference option is currently ignored when calling requestAdapter() on Windows. See https://crbug.com/369219127 @ :0
[  644854ms] [WARNING] The powerPreference option is currently ignored when calling requestAdapter() on Windows. See https://crbug.com/369219127 @ :0
[  664865ms] [WARNING] The powerPreference option is currently ignored when calling requestAdapter() on Windows. See https://crbug.com/369219127 @ :0
[  686072ms] [WARNING] The powerPreference option is currently ignored when calling requestAdapter() on Windows. See https://crbug.com/369219127 @ :0
[  705457ms] [WARNING] The powerPreference option is currently ignored when calling requestAdapter() on Windows. See https://crbug.com/369219127 @ :0
[  729125ms] [WARNING] The powerPreference option is currently ignored when calling requestAdapter() on Windows. See https://crbug.com/369219127 @ :0
[  749173ms] [WARNING] The powerPreference option is currently ignored when calling requestAdapter() on Windows. See https://crbug.com/369219127 @ :0
[  767159ms] [WARNING] The powerPreference option is currently ignored when calling requestAdapter() on Windows. See https://crbug.com/369219127 @ :0
[  784638ms] [WARNING] The powerPreference option is currently ignored when calling requestAdapter() on Windows. See https://crbug.com/369219127 @ :0
[  805327ms] [WARNING] The powerPreference option is currently ignored when calling requestAdapter() on Windows. See https://crbug.com/369219127 @ :0
[  838760ms] [WARNING] The powerPreference option is currently ignored when calling requestAdapter() on Windows. See https://crbug.com/369219127 @ :0
[  845699ms] [WARNING] The powerPreference option is currently ignored when calling requestAdapter() on Windows. See https://crbug.com/369219127 @ :0
[  865165ms] [WARNING] The powerPreference option is currently ignored when calling requestAdapter() on Windows. See https://crbug.com/369219127 @ :0
[  885501ms] [WARNING] The powerPreference option is currently ignored when calling requestAdapter() on Windows. See https://crbug.com/369219127 @ :0
[  908678ms] [WARNING] The powerPreference option is currently ignored when calling requestAdapter() on Windows. See https://crbug.com/369219127 @ :0
[  927095ms] [WARNING] The powerPreference option is currently ignored when calling requestAdapter() on Windows. See https://crbug.com/369219127 @ :0
[  944948ms] [WARNING] The powerPreference option is currently ignored when calling requestAdapter() on Windows. See https://crbug.com/369219127 @ :0
[  965090ms] [WARNING] The powerPreference option is currently ignored when calling requestAdapter() on Windows. See https://crbug.com/369219127 @ :0
[   26431ms] [WARNING] The powerPreference option is currently ignored when calling requestAdapter() on Windows. See https://crbug.com/369219127 @ :0
[   27383ms] [WARNING] The powerPreference option is currently ignored when calling requestAdapter() on Windows. See https://crbug.com/369219127 @ :0
[   27582ms] [WARNING] The powerPreference option is currently ignored when calling requestAdapter() on Windows. See https://crbug.com/369219127 @ :0
[   27613ms] [WARNING] The powerPreference option is currently ignored when calling requestAdapter() on Windows. See https://crbug.com/369219127 @ :0
[   27630ms] [WARNING] The powerPreference option is currently ignored when calling requestAdapter() on Windows. See https://crbug.com/369219127 @ :0
[   27644ms] [WARNING] The powerPreference option is currently ignored when calling requestAdapter() on Windows. See https://crbug.com/369219127 @ :0
[   27660ms] [WARNING] The powerPreference option is currently ignored when calling requestAdapter() on Windows. See https://crbug.com/369219127 @ :0
[   27675ms] [WARNING] The powerPreference option is currently ignored when calling requestAdapter() on Windows. See https://crbug.com/369219127 @ :0
[   27708ms] [WARNING] The powerPreference option is currently ignored when calling requestAdapter() on Windows. See https://crbug.com/369219127 @ :0
[   27724ms] [WARNING] The powerPreference option is currently ignored when calling requestAdapter() on Windows. See https://crbug.com/369219127 @ :0
[   27767ms] [WARNING] The powerPreference option is currently ignored when calling requestAdapter() on Windows. See https://crbug.com/369219127 @ :0
[   27781ms] [WARNING] The powerPreference option is currently ignored when calling requestAdapter() on Windows. See https://crbug.com/369219127 @ :0
[   27801ms] [WARNING] The powerPreference option is currently ignored when calling requestAdapter() on Windows. See https://crbug.com/369219127 @ :0
[   27835ms] [WARNING] The powerPreference option is currently ignored when calling requestAdapter() on Windows. See https://crbug.com/369219127 @ :0
[   45570ms] [WARNING] The powerPreference option is currently ignored when calling requestAdapter() on Windows. See https://crbug.com/369219127 @ :0
[   67128ms] [WARNING] The powerPreference option is currently ignored when calling requestAdapter() on Windows. See https://crbug.com/369219127 @ :0
[   89283ms] [WARNING] The powerPreference option is currently ignored when calling requestAdapter() on Windows. See https://crbug.com/369219127 @ :0
[   91878ms] [WARNING] The powerPreference option is currently ignored when calling requestAdapter() on Windows. See https://crbug.com/369219127 @ :0
[   92870ms] [WARNING] The powerPreference option is currently ignored when calling requestAdapter() on Windows. See https://crbug.com/369219127 @ :0
[   92942ms] [WARNING] The powerPreference option is currently ignored when calling requestAdapter() on Windows. See https://crbug.com/369219127 @ :0
[   92973ms] [WARNING] The powerPreference option is currently ignored when calling requestAdapter() on Windows. See https://crbug.com/369219127 @ :0
[   93024ms] [WARNING] The powerPreference option is currently ignored when calling requestAdapter() on Windows. See https://crbug.com/369219127 @ :0
[   93044ms] [WARNING] The powerPreference option is currently ignored when calling requestAdapter() on Windows. See https://crbug.com/369219127 @ :0
[  113878ms] [WARNING] The powerPreference option is currently ignored when calling requestAdapter() on Windows. See https://crbug.com/369219127 @ :0
[  114104ms] [WARNING] The powerPreference option is currently ignored when calling requestAdapter() on Windows. See https://crbug.com/369219127 @ :0
[  114183ms] [WARNING] The powerPreference option is currently ignored when calling requestAdapter() on Windows. See https://crbug.com/369219127 @ :0
[  114203ms] [WARNING] The powerPreference option is currently ignored when calling requestAdapter() on Windows. See https://crbug.com/369219127 @ :0
[  114223ms] [WARNING] The powerPreference option is currently ignored when calling requestAdapter() on Windows. See https://crbug.com/369219127 @ :0
[  164059ms] [WARNING] The powerPreference option is currently ignored when calling requestAdapter() on Windows. See https://crbug.com/369219127 @ :0
[  168287ms] [WARNING] The powerPreference option is currently ignored when calling requestAdapter() on Windows. See https://crbug.com/369219127 @ :0
[  185632ms] [ERROR] Permissions policy violation: compute-pressure is not allowed in this document. @ https://www.youtube.com/s/player/4fd832e7/player_embed_es6.vflset/en_GB/base.js:5401
[  192695ms] [WARNING] The powerPreference option is currently ignored when calling requestAdapter() on Windows. See https://crbug.com/369219127 @ :0
[  192904ms] [WARNING] The powerPreference option is currently ignored when calling requestAdapter() on Windows. See https://crbug.com/369219127 @ :0
[  194930ms] [WARNING] The powerPreference option is currently ignored when calling requestAdapter() on Windows. See https://crbug.com/369219127 @ :0
[  194950ms] [WARNING] The powerPreference option is currently ignored when calling requestAdapter() on Windows. See https://crbug.com/369219127 @ :0
[  194970ms] [WARNING] The powerPreference option is currently ignored when calling requestAdapter() on Windows. See https://crbug.com/369219127 @ :0
[  199608ms] [ERROR] Permissions policy violation: compute-pressure is not allowed in this document. @ https://www.youtube.com/s/player/4fd832e7/player_embed_es6.vflset/en_GB/base.js:5401
[  203021ms] [ERROR] Permissions policy violation: compute-pressure is not allowed in this document. @ https://www.youtube.com/s/player/4fd832e7/player_embed_es6.vflset/en_GB/base.js:5401
[  203037ms] [ERROR] Permissions policy violation: compute-pressure is not allowed in this document. @ https://www.youtube.com/s/player/4fd832e7/player_embed_es6.vflset/en_GB/base.js:5401
[  208545ms] [WARNING] The powerPreference option is currently ignored when calling requestAdapter() on Windows. See https://crbug.com/369219127 @ :0
[  210008ms] [WARNING] The powerPreference option is currently ignored when calling requestAdapter() on Windows. See https://crbug.com/369219127 @ :0
[  210484ms] [WARNING] The powerPreference option is currently ignored when calling requestAdapter() on Windows. See https://crbug.com/369219127 @ :0
[  210578ms] [WARNING] The powerPreference option is currently ignored when calling requestAdapter() on Windows. See https://crbug.com/369219127 @ :0
[  210602ms] [WARNING] The powerPreference option is currently ignored when calling requestAdapter() on Windows. See https://crbug.com/369219127 @ :0
[  210625ms] [WARNING] The powerPreference option is currently ignored when calling requestAdapter() on Windows. See https://crbug.com/369219127 @ :0
[  210703ms] [WARNING] The powerPreference option is currently ignored when calling requestAdapter() on Windows. See https://crbug.com/369219127 @ :0
[  236263ms] [WARNING] The powerPreference option is currently ignored when calling requestAdapter() on Windows. See https://crbug.com/369219127 @ :0
[  236508ms] [WARNING] The powerPreference option is currently ignored when calling requestAdapter() on Windows. See https://crbug.com/369219127 @ :0
[  236550ms] [WARNING] The powerPreference option is currently ignored when calling requestAdapter() on Windows. See https://crbug.com/369219127 @ :0
[  236566ms] [WARNING] The powerPreference option is currently ignored when calling requestAdapter() on Windows. See https://crbug.com/369219127 @ :0
[  236711ms] [WARNING] The powerPreference option is currently ignored when calling requestAdapter() on Windows. See https://crbug.com/369219127 @ :0
[  359732ms] [ERROR] Permissions policy violation: compute-pressure is not allowed in this document. @ https://www.youtube.com/s/player/4fd832e7/player_embed_es6.vflset/en_GB/base.js:5401
[  412240ms] [WARNING] The powerPreference option is currently ignored when calling requestAdapter() on Windows. See https://crbug.com/369219127 @ :0
[  413246ms] [WARNING] The powerPreference option is currently ignored when calling requestAdapter() on Windows. See https://crbug.com/369219127 @ :0
[  414264ms] [WARNING] The powerPreference option is currently ignored when calling requestAdapter() on Windows. See https://crbug.com/369219127 @ :0
[  418318ms] [WARNING] The powerPreference option is currently ignored when calling requestAdapter() on Windows. See https://crbug.com/369219127 @ :0
[  419346ms] [WARNING] The powerPreference option is currently ignored when calling requestAdapter() on Windows. See https://crbug.com/369219127 @ :0
[  435547ms] [WARNING] The powerPreference option is currently ignored when calling requestAdapter() on Windows. See https://crbug.com/369219127 @ :0
[  436563ms] [WARNING] The powerPreference option is currently ignored when calling requestAdapter() on Windows. See https://crbug.com/369219127 @ :0
[  436582ms] [WARNING] The powerPreference option is currently ignored when calling requestAdapter() on Windows. See https://crbug.com/369219127 @ :0
[  438576ms] [WARNING] The powerPreference option is currently ignored when calling requestAdapter() on Windows. See https://crbug.com/369219127 @ :0
[  438661ms] [WARNING] The powerPreference option is currently ignored when calling requestAdapter() on Windows. See https://crbug.com/369219127 @ :0
[  443656ms] [WARNING] The powerPreference option is currently ignored when calling requestAdapter() on Windows. See https://crbug.com/369219127 @ :0
[  443670ms] [WARNING] The powerPreference option is currently ignored when calling requestAdapter() on Windows. See https://crbug.com/369219127 @ :0
[  447473ms] [WARNING] The powerPreference option is currently ignored when calling requestAdapter() on Windows. See https://crbug.com/369219127 @ :0
[  448486ms] [WARNING] The powerPreference option is currently ignored when calling requestAdapter() on Windows. See https://crbug.com/369219127 @ :0
[  464979ms] [ERROR] Permissions policy violation: compute-pressure is not allowed in this document. @ https://www.youtube.com/s/player/4fd832e7/player_embed_es6.vflset/en_GB/base.js:5401
[  469736ms] [WARNING] The powerPreference option is currently ignored when calling requestAdapter() on Windows. See https://crbug.com/369219127 @ :0
[  490158ms] [WARNING] The powerPreference option is currently ignored when calling requestAdapter() on Windows. See https://crbug.com/369219127 @ :0
[  509308ms] [WARNING] The powerPreference option is currently ignored when calling requestAdapter() on Windows. See https://crbug.com/369219127 @ :0
[  532109ms] [ERROR] Permissions policy violation: compute-pressure is not allowed in this document. @ https://www.youtube.com/s/player/4fd832e7/player_embed_es6.vflset/en_GB/base.js:5401
[  544170ms] [WARNING] The powerPreference option is currently ignored when calling requestAdapter() on Windows. See https://crbug.com/369219127 @ :0
[  547271ms] [WARNING] The powerPreference option is currently ignored when calling requestAdapter() on Windows. See https://crbug.com/369219127 @ :0
[  565285ms] [WARNING] The powerPreference option is currently ignored when calling requestAdapter() on Windows. See https://crbug.com/369219127 @ :0
[  594163ms] [WARNING] The powerPreference option is currently ignored when calling requestAdapter() on Windows. See https://crbug.com/369219127 @ :0
[  607294ms] [WARNING] The powerPreference option is currently ignored when calling requestAdapter() on Windows. See https://crbug.com/369219127 @ :0
[  627278ms] [WARNING] The powerPreference option is currently ignored when calling requestAdapter() on Windows. See https://crbug.com/369219127 @ :0
[  644854ms] [WARNING] The powerPreference option is currently ignored when calling requestAdapter() on Windows. See https://crbug.com/369219127 @ :0
[  664865ms] [WARNING] The powerPreference option is currently ignored when calling requestAdapter() on Windows. See https://crbug.com/369219127 @ :0
[  686072ms] [WARNING] The powerPreference option is currently ignored when calling requestAdapter() on Windows. See https://crbug.com/369219127 @ :0
[  705457ms] [WARNING] The powerPreference option is currently ignored when calling requestAdapter() on Windows. See https://crbug.com/369219127 @ :0
[  729125ms] [WARNING] The powerPreference option is currently ignored when calling requestAdapter() on Windows. See https://crbug.com/369219127 @ :0
[  749173ms] [WARNING] The powerPreference option is currently ignored when calling requestAdapter() on Windows. See https://crbug.com/369219127 @ :0
[  767159ms] [WARNING] The powerPreference option is currently ignored when calling requestAdapter() on Windows. See https://crbug.com/369219127 @ :0
[  784638ms] [WARNING] The powerPreference option is currently ignored when calling requestAdapter() on Windows. See https://crbug.com/369219127 @ :0
[  805327ms] [WARNING] The powerPreference option is currently ignored when calling requestAdapter() on Windows. See https://crbug.com/369219127 @ :0
[  838760ms] [WARNING] The powerPreference option is currently ignored when calling requestAdapter() on Windows. See https://crbug.com/369219127 @ :0
[  845699ms] [WARNING] The powerPreference option is currently ignored when calling requestAdapter() on Windows. See https://crbug.com/369219127 @ :0
[  865165ms] [WARNING] The powerPreference option is currently ignored when calling requestAdapter() on Windows. See https://crbug.com/369219127 @ :0
[  885501ms] [WARNING] The powerPreference option is currently ignored when calling requestAdapter() on Windows. See https://crbug.com/369219127 @ :0
[  908678ms] [WARNING] The powerPreference option is currently ignored when calling requestAdapter() on Windows. See https://crbug.com/369219127 @ :0
[  927095ms] [WARNING] The powerPreference option is currently ignored when calling requestAdapter() on Windows. See https://crbug.com/369219127 @ :0
[  944948ms] [WARNING] The powerPreference option is currently ignored when calling requestAdapter() on Windows. See https://crbug.com/369219127 @ :0
[  965090ms] [WARNING] The powerPreference option is currently ignored when calling requestAdapter() on Windows. See https://crbug.com/369219127 @ :0
[  985250ms] [WARNING] The powerPreference option is currently ignored when calling requestAdapter() on Windows. See https://crbug.com/369219127 @ :0
[   26431ms] [WARNING] The powerPreference option is currently ignored when calling requestAdapter() on Windows. See https://crbug.com/369219127 @ :0
[   27383ms] [WARNING] The powerPreference option is currently ignored when calling requestAdapter() on Windows. See https://crbug.com/369219127 @ :0
[   27582ms] [WARNING] The powerPreference option is currently ignored when calling requestAdapter() on Windows. See https://crbug.com/369219127 @ :0
[   27613ms] [WARNING] The powerPreference option is currently ignored when calling requestAdapter() on Windows. See https://crbug.com/369219127 @ :0
[   27630ms] [WARNING] The powerPreference option is currently ignored when calling requestAdapter() on Windows. See https://crbug.com/369219127 @ :0
[   27644ms] [WARNING] The powerPreference option is currently ignored when calling requestAdapter() on Windows. See https://crbug.com/369219127 @ :0
[   27660ms] [WARNING] The powerPreference option is currently ignored when calling requestAdapter() on Windows. See https://crbug.com/369219127 @ :0
[   27675ms] [WARNING] The powerPreference option is currently ignored when calling requestAdapter() on Windows. See https://crbug.com/369219127 @ :0
[   27708ms] [WARNING] The powerPreference option is currently ignored when calling requestAdapter() on Windows. See https://crbug.com/369219127 @ :0
[   27724ms] [WARNING] The powerPreference option is currently ignored when calling requestAdapter() on Windows. See https://crbug.com/369219127 @ :0
[   27767ms] [WARNING] The powerPreference option is currently ignored when calling requestAdapter() on Windows. See https://crbug.com/369219127 @ :0
[   27781ms] [WARNING] The powerPreference option is currently ignored when calling requestAdapter() on Windows. See https://crbug.com/369219127 @ :0
[   27801ms] [WARNING] The powerPreference option is currently ignored when calling requestAdapter() on Windows. See https://crbug.com/369219127 @ :0
[   27835ms] [WARNING] The powerPreference option is currently ignored when calling requestAdapter() on Windows. See https://crbug.com/369219127 @ :0
[   45570ms] [WARNING] The powerPreference option is currently ignored when calling requestAdapter() on Windows. See https://crbug.com/369219127 @ :0
[   67128ms] [WARNING] The powerPreference option is currently ignored when calling requestAdapter() on Windows. See https://crbug.com/369219127 @ :0
[   89283ms] [WARNING] The powerPreference option is currently ignored when calling requestAdapter() on Windows. See https://crbug.com/369219127 @ :0
[   91878ms] [WARNING] The powerPreference option is currently ignored when calling requestAdapter() on Windows. See https://crbug.com/369219127 @ :0
[   92870ms] [WARNING] The powerPreference option is currently ignored when calling requestAdapter() on Windows. See https://crbug.com/369219127 @ :0
[   92942ms] [WARNING] The powerPreference option is currently ignored when calling requestAdapter() on Windows. See https://crbug.com/369219127 @ :0
[   92973ms] [WARNING] The powerPreference option is currently ignored when calling requestAdapter() on Windows. See https://crbug.com/369219127 @ :0
[   93024ms] [WARNING] The powerPreference option is currently ignored when calling requestAdapter() on Windows. See https://crbug.com/369219127 @ :0
[   93044ms] [WARNING] The powerPreference option is currently ignored when calling requestAdapter() on Windows. See https://crbug.com/369219127 @ :0
[  113878ms] [WARNING] The powerPreference option is currently ignored when calling requestAdapter() on Windows. See https://crbug.com/369219127 @ :0
[  114104ms] [WARNING] The powerPreference option is currently ignored when calling requestAdapter() on Windows. See https://crbug.com/369219127 @ :0
[  114183ms] [WARNING] The powerPreference option is currently ignored when calling requestAdapter() on Windows. See https://crbug.com/369219127 @ :0
[  114203ms] [WARNING] The powerPreference option is currently ignored when calling requestAdapter() on Windows. See https://crbug.com/369219127 @ :0
[  114223ms] [WARNING] The powerPreference option is currently ignored when calling requestAdapter() on Windows. See https://crbug.com/369219127 @ :0
[  164059ms] [WARNING] The powerPreference option is currently ignored when calling requestAdapter() on Windows. See https://crbug.com/369219127 @ :0
[  168287ms] [WARNING] The powerPreference option is currently ignored when calling requestAdapter() on Windows. See https://crbug.com/369219127 @ :0
[  185632ms] [ERROR] Permissions policy violation: compute-pressure is not allowed in this document. @ https://www.youtube.com/s/player/4fd832e7/player_embed_es6.vflset/en_GB/base.js:5401
[  192695ms] [WARNING] The powerPreference option is currently ignored when calling requestAdapter() on Windows. See https://crbug.com/369219127 @ :0
[  192904ms] [WARNING] The powerPreference option is currently ignored when calling requestAdapter() on Windows. See https://crbug.com/369219127 @ :0
[  194930ms] [WARNING] The powerPreference option is currently ignored when calling requestAdapter() on Windows. See https://crbug.com/369219127 @ :0
[  194950ms] [WARNING] The powerPreference option is currently ignored when calling requestAdapter() on Windows. See https://crbug.com/369219127 @ :0
[  194970ms] [WARNING] The powerPreference option is currently ignored when calling requestAdapter() on Windows. See https://crbug.com/369219127 @ :0
[  199608ms] [ERROR] Permissions policy violation: compute-pressure is not allowed in this document. @ https://www.youtube.com/s/player/4fd832e7/player_embed_es6.vflset/en_GB/base.js:5401
[  203021ms] [ERROR] Permissions policy violation: compute-pressure is not allowed in this document. @ https://www.youtube.com/s/player/4fd832e7/player_embed_es6.vflset/en_GB/base.js:5401
[  203037ms] [ERROR] Permissions policy violation: compute-pressure is not allowed in this document. @ https://www.youtube.com/s/player/4fd832e7/player_embed_es6.vflset/en_GB/base.js:5401
[  208545ms] [WARNING] The powerPreference option is currently ignored when calling requestAdapter() on Windows. See https://crbug.com/369219127 @ :0
[  210008ms] [WARNING] The powerPreference option is currently ignored when calling requestAdapter() on Windows. See https://crbug.com/369219127 @ :0
[  210484ms] [WARNING] The powerPreference option is currently ignored when calling requestAdapter() on Windows. See https://crbug.com/369219127 @ :0
[  210578ms] [WARNING] The powerPreference option is currently ignored when calling requestAdapter() on Windows. See https://crbug.com/369219127 @ :0
[  210602ms] [WARNING] The powerPreference option is currently ignored when calling requestAdapter() on Windows. See https://crbug.com/369219127 @ :0
[  210625ms] [WARNING] The powerPreference option is currently ignored when calling requestAdapter() on Windows. See https://crbug.com/369219127 @ :0
[  210703ms] [WARNING] The powerPreference option is currently ignored when calling requestAdapter() on Windows. See https://crbug.com/369219127 @ :0
[  236263ms] [WARNING] The powerPreference option is currently ignored when calling requestAdapter() on Windows. See https://crbug.com/369219127 @ :0
[  236508ms] [WARNING] The powerPreference option is currently ignored when calling requestAdapter() on Windows. See https://crbug.com/369219127 @ :0
[  236550ms] [WARNING] The powerPreference option is currently ignored when calling requestAdapter() on Windows. See https://crbug.com/369219127 @ :0
[  236566ms] [WARNING] The powerPreference option is currently ignored when calling requestAdapter() on Windows. See https://crbug.com/369219127 @ :0
[  236711ms] [WARNING] The powerPreference option is currently ignored when calling requestAdapter() on Windows. See https://crbug.com/369219127 @ :0
[  359732ms] [ERROR] Permissions policy violation: compute-pressure is not allowed in this document. @ https://www.youtube.com/s/player/4fd832e7/player_embed_es6.vflset/en_GB/base.js:5401
[  412240ms] [WARNING] The powerPreference option is currently ignored when calling requestAdapter() on Windows. See https://crbug.com/369219127 @ :0
[  413246ms] [WARNING] The powerPreference option is currently ignored when calling requestAdapter() on Windows. See https://crbug.com/369219127 @ :0
[  414264ms] [WARNING] The powerPreference option is currently ignored when calling requestAdapter() on Windows. See https://crbug.com/369219127 @ :0
[  418318ms] [WARNING] The powerPreference option is currently ignored when calling requestAdapter() on Windows. See https://crbug.com/369219127 @ :0
[  419346ms] [WARNING] The powerPreference option is currently ignored when calling requestAdapter() on Windows. See https://crbug.com/369219127 @ :0
[  435547ms] [WARNING] The powerPreference option is currently ignored when calling requestAdapter() on Windows. See https://crbug.com/369219127 @ :0
[  436563ms] [WARNING] The powerPreference option is currently ignored when calling requestAdapter() on Windows. See https://crbug.com/369219127 @ :0
[  436582ms] [WARNING] The powerPreference option is currently ignored when calling requestAdapter() on Windows. See https://crbug.com/369219127 @ :0
[  438576ms] [WARNING] The powerPreference option is currently ignored when calling requestAdapter() on Windows. See https://crbug.com/369219127 @ :0
[  438661ms] [WARNING] The powerPreference option is currently ignored when calling requestAdapter() on Windows. See https://crbug.com/369219127 @ :0
[  443656ms] [WARNING] The powerPreference option is currently ignored when calling requestAdapter() on Windows. See https://crbug.com/369219127 @ :0
[  443670ms] [WARNING] The powerPreference option is currently ignored when calling requestAdapter() on Windows. See https://crbug.com/369219127 @ :0
[  447473ms] [WARNING] The powerPreference option is currently ignored when calling requestAdapter() on Windows. See https://crbug.com/369219127 @ :0
[  448486ms] [WARNING] The powerPreference option is currently ignored when calling requestAdapter() on Windows. See https://crbug.com/369219127 @ :0
[  464979ms] [ERROR] Permissions policy violation: compute-pressure is not allowed in this document. @ https://www.youtube.com/s/player/4fd832e7/player_embed_es6.vflset/en_GB/base.js:5401
[  469736ms] [WARNING] The powerPreference option is currently ignored when calling requestAdapter() on Windows. See https://crbug.com/369219127 @ :0
[  490158ms] [WARNING] The powerPreference option is currently ignored when calling requestAdapter() on Windows. See https://crbug.com/369219127 @ :0
[  509308ms] [WARNING] The powerPreference option is currently ignored when calling requestAdapter() on Windows. See https://crbug.com/369219127 @ :0
[  532109ms] [ERROR] Permissions policy violation: compute-pressure is not allowed in this document. @ https://www.youtube.com/s/player/4fd832e7/player_embed_es6.vflset/en_GB/base.js:5401
[  544170ms] [WARNING] The powerPreference option is currently ignored when calling requestAdapter() on Windows. See https://crbug.com/369219127 @ :0
[  547271ms] [WARNING] The powerPreference option is currently ignored when calling requestAdapter() on Windows. See https://crbug.com/369219127 @ :0
[  565285ms] [WARNING] The powerPreference option is currently ignored when calling requestAdapter() on Windows. See https://crbug.com/369219127 @ :0
[  594163ms] [WARNING] The powerPreference option is currently ignored when calling requestAdapter() on Windows. See https://crbug.com/369219127 @ :0
[  607294ms] [WARNING] The powerPreference option is currently ignored when calling requestAdapter() on Windows. See https://crbug.com/369219127 @ :0
[  627278ms] [WARNING] The powerPreference option is currently ignored when calling requestAdapter() on Windows. See https://crbug.com/369219127 @ :0
[  644854ms] [WARNING] The powerPreference option is currently ignored when calling requestAdapter() on Windows. See https://crbug.com/369219127 @ :0
[  664865ms] [WARNING] The powerPreference option is currently ignored when calling requestAdapter() on Windows. See https://crbug.com/369219127 @ :0
[  686072ms] [WARNING] The powerPreference option is currently ignored when calling requestAdapter() on Windows. See https://crbug.com/369219127 @ :0
[  705457ms] [WARNING] The powerPreference option is currently ignored when calling requestAdapter() on Windows. See https://crbug.com/369219127 @ :0
[  729125ms] [WARNING] The powerPreference option is currently ignored when calling requestAdapter() on Windows. See https://crbug.com/369219127 @ :0
[  749173ms] [WARNING] The powerPreference option is currently ignored when calling requestAdapter() on Windows. See https://crbug.com/369219127 @ :0
[  767159ms] [WARNING] The powerPreference option is currently ignored when calling requestAdapter() on Windows. See https://crbug.com/369219127 @ :0
[  784638ms] [WARNING] The powerPreference option is currently ignored when calling requestAdapter() on Windows. See https://crbug.com/369219127 @ :0
[  805327ms] [WARNING] The powerPreference option is currently ignored when calling requestAdapter() on Windows. See https://crbug.com/369219127 @ :0
[  838760ms] [WARNING] The powerPreference option is currently ignored when calling requestAdapter() on Windows. See https://crbug.com/369219127 @ :0
[  845699ms] [WARNING] The powerPreference option is currently ignored when calling requestAdapter() on Windows. See https://crbug.com/369219127 @ :0
[  865165ms] [WARNING] The powerPreference option is currently ignored when calling requestAdapter() on Windows. See https://crbug.com/369219127 @ :0
[  885501ms] [WARNING] The powerPreference option is currently ignored when calling requestAdapter() on Windows. See https://crbug.com/369219127 @ :0
[  908678ms] [WARNING] The powerPreference option is currently ignored when calling requestAdapter() on Windows. See https://crbug.com/369219127 @ :0
[  927095ms] [WARNING] The powerPreference option is currently ignored when calling requestAdapter() on Windows. See https://crbug.com/369219127 @ :0
[  944948ms] [WARNING] The powerPreference option is currently ignored when calling requestAdapter() on Windows. See https://crbug.com/369219127 @ :0
[  965090ms] [WARNING] The powerPreference option is currently ignored when calling requestAdapter() on Windows. See https://crbug.com/369219127 @ :0
[  985250ms] [WARNING] The powerPreference option is currently ignored when calling requestAdapter() on Windows. See https://crbug.com/369219127 @ :0
[ 1010677ms] [WARNING] The powerPreference option is currently ignored when calling requestAdapter() on Windows. See https://crbug.com/369219127 @ :0
