[     939ms] [LOG] DOMContentLoaded: loggedIn = null @ https://bakkappan.github.io/Testers-Talk-Practice-Site/:2111
[     948ms] [VERBOSE] [DOM] Password field is not contained in a form: (More info: https://goo.gl/9p2vKq) %o @ https://bakkappan.github.io/Testers-Talk-Practice-Site/:0
[    9619ms] [WARNING] The powerPreference option is currently ignored when calling requestAdapter() on Windows. See https://crbug.com/369219127 @ :0
[   11150ms] [WARNING] The powerPreference option is currently ignored when calling requestAdapter() on Windows. See https://crbug.com/369219127 @ :0
[   12534ms] [ERROR] Failed to load resource: the server responded with a status of 404 () @ https://bakkappan.github.io/favicon.ico:0
[   14441ms] [WARNING] The powerPreference option is currently ignored when calling requestAdapter() on Windows. See https://crbug.com/369219127 @ :0
[   14701ms] [WARNING] The powerPreference option is currently ignored when calling requestAdapter() on Windows. See https://crbug.com/369219127 @ :0
[   14714ms] [WARNING] The powerPreference option is currently ignored when calling requestAdapter() on Windows. See https://crbug.com/369219127 @ :0
[   14726ms] [WARNING] The powerPreference option is currently ignored when calling requestAdapter() on Windows. See https://crbug.com/369219127 @ :0
[   14735ms] [WARNING] The powerPreference option is currently ignored when calling requestAdapter() on Windows. See https://crbug.com/369219127 @ :0
[   14748ms] [WARNING] The powerPreference option is currently ignored when calling requestAdapter() on Windows. See https://crbug.com/369219127 @ :0
[   14760ms] [WARNING] The powerPreference option is currently ignored when calling requestAdapter() on Windows. See https://crbug.com/369219127 @ :0
[   14769ms] [WARNING] The powerPreference option is currently ignored when calling requestAdapter() on Windows. See https://crbug.com/369219127 @ :0
[   14779ms] [WARNING] The powerPreference option is currently ignored when calling requestAdapter() on Windows. See https://crbug.com/369219127 @ :0
[   14787ms] [WARNING] The powerPreference option is currently ignored when calling requestAdapter() on Windows. See https://crbug.com/369219127 @ :0
[   14801ms] [WARNING] The powerPreference option is currently ignored when calling requestAdapter() on Windows. See https://crbug.com/369219127 @ :0
[   14810ms] [WARNING] The powerPreference option is currently ignored when calling requestAdapter() on Windows. See https://crbug.com/369219127 @ :0
[    9619ms] [WARNING] The powerPreference option is currently ignored when calling requestAdapter() on Windows. See https://crbug.com/369219127 @ :0
[   11150ms] [WARNING] The powerPreference option is currently ignored when calling requestAdapter() on Windows. See https://crbug.com/369219127 @ :0
[   14441ms] [WARNING] The powerPreference option is currently ignored when calling requestAdapter() on Windows. See https://crbug.com/369219127 @ :0
[   14701ms] [WARNING] The powerPreference option is currently ignored when calling requestAdapter() on Windows. See https://crbug.com/369219127 @ :0
[   14714ms] [WARNING] The powerPreference option is currently ignored when calling requestAdapter() on Windows. See https://crbug.com/369219127 @ :0
[   14726ms] [WARNING] The powerPreference option is currently ignored when calling requestAdapter() on Windows. See https://crbug.com/369219127 @ :0
[   14735ms] [WARNING] The powerPreference option is currently ignored when calling requestAdapter() on Windows. See https://crbug.com/369219127 @ :0
[   14748ms] [WARNING] The powerPreference option is currently ignored when calling requestAdapter() on Windows. See https://crbug.com/369219127 @ :0
[   14760ms] [WARNING] The powerPreference option is currently ignored when calling requestAdapter() on Windows. See https://crbug.com/369219127 @ :0
[   14769ms] [WARNING] The powerPreference option is currently ignored when calling requestAdapter() on Windows. See https://crbug.com/369219127 @ :0
[   14779ms] [WARNING] The powerPreference option is currently ignored when calling requestAdapter() on Windows. See https://crbug.com/369219127 @ :0
[   14787ms] [WARNING] The powerPreference option is currently ignored when calling requestAdapter() on Windows. See https://crbug.com/369219127 @ :0
[   14801ms] [WARNING] The powerPreference option is currently ignored when calling requestAdapter() on Windows. See https://crbug.com/369219127 @ :0
[   14810ms] [WARNING] The powerPreference option is currently ignored when calling requestAdapter() on Windows. See https://crbug.com/369219127 @ :0
[   22860ms] [WARNING] The powerPreference option is currently ignored when calling requestAdapter() on Windows. See https://crbug.com/369219127 @ :0
[    9619ms] [WARNING] The powerPreference option is currently ignored when calling requestAdapter() on Windows. See https://crbug.com/369219127 @ :0
[   11150ms] [WARNING] The powerPreference option is currently ignored when calling requestAdapter() on Windows. See https://crbug.com/369219127 @ :0
[   14441ms] [WARNING] The powerPreference option is currently ignored when calling requestAdapter() on Windows. See https://crbug.com/369219127 @ :0
[   14701ms] [WARNING] The powerPreference option is currently ignored when calling requestAdapter() on Windows. See https://crbug.com/369219127 @ :0
[   14714ms] [WARNING] The powerPreference option is currently ignored when calling requestAdapter() on Windows. See https://crbug.com/369219127 @ :0
[   14726ms] [WARNING] The powerPreference option is currently ignored when calling requestAdapter() on Windows. See https://crbug.com/369219127 @ :0
[   14735ms] [WARNING] The powerPreference option is currently ignored when calling requestAdapter() on Windows. See https://crbug.com/369219127 @ :0
[   14748ms] [WARNING] The powerPreference option is currently ignored when calling requestAdapter() on Windows. See https://crbug.com/369219127 @ :0
[   14760ms] [WARNING] The powerPreference option is currently ignored when calling requestAdapter() on Windows. See https://crbug.com/369219127 @ :0
[   14769ms] [WARNING] The powerPreference option is currently ignored when calling requestAdapter() on Windows. See https://crbug.com/369219127 @ :0
[   14779ms] [WARNING] The powerPreference option is currently ignored when calling requestAdapter() on Windows. See https://crbug.com/369219127 @ :0
[   14787ms] [WARNING] The powerPreference option is currently ignored when calling requestAdapter() on Windows. See https://crbug.com/369219127 @ :0
[   14801ms] [WARNING] The powerPreference option is currently ignored when calling requestAdapter() on Windows. See https://crbug.com/369219127 @ :0
[   14810ms] [WARNING] The powerPreference option is currently ignored when calling requestAdapter() on Windows. See https://crbug.com/369219127 @ :0
[   22860ms] [WARNING] The powerPreference option is currently ignored when calling requestAdapter() on Windows. See https://crbug.com/369219127 @ :0
[   42134ms] [WARNING] The powerPreference option is currently ignored when calling requestAdapter() on Windows. See https://crbug.com/369219127 @ :0
[    9619ms] [WARNING] The powerPreference option is currently ignored when calling requestAdapter() on Windows. See https://crbug.com/369219127 @ :0
[   11150ms] [WARNING] The powerPreference option is currently ignored when calling requestAdapter() on Windows. See https://crbug.com/369219127 @ :0
[   14441ms] [WARNING] The powerPreference option is currently ignored when calling requestAdapter() on Windows. See https://crbug.com/369219127 @ :0
[   14701ms] [WARNING] The powerPreference option is currently ignored when calling requestAdapter() on Windows. See https://crbug.com/369219127 @ :0
[   14714ms] [WARNING] The powerPreference option is currently ignored when calling requestAdapter() on Windows. See https://crbug.com/369219127 @ :0
[   14726ms] [WARNING] The powerPreference option is currently ignored when calling requestAdapter() on Windows. See https://crbug.com/369219127 @ :0
[   14735ms] [WARNING] The powerPreference option is currently ignored when calling requestAdapter() on Windows. See https://crbug.com/369219127 @ :0
[   14748ms] [WARNING] The powerPreference option is currently ignored when calling requestAdapter() on Windows. See https://crbug.com/369219127 @ :0
[   14760ms] [WARNING] The powerPreference option is currently ignored when calling requestAdapter() on Windows. See https://crbug.com/369219127 @ :0
[   14769ms] [WARNING] The powerPreference option is currently ignored when calling requestAdapter() on Windows. See https://crbug.com/369219127 @ :0
[   14779ms] [WARNING] The powerPreference option is currently ignored when calling requestAdapter() on Windows. See https://crbug.com/369219127 @ :0
[   14787ms] [WARNING] The powerPreference option is currently ignored when calling requestAdapter() on Windows. See https://crbug.com/369219127 @ :0
[   14801ms] [WARNING] The powerPreference option is currently ignored when calling requestAdapter() on Windows. See https://crbug.com/369219127 @ :0
[   14810ms] [WARNING] The powerPreference option is currently ignored when calling requestAdapter() on Windows. See https://crbug.com/369219127 @ :0
[   22860ms] [WARNING] The powerPreference option is currently ignored when calling requestAdapter() on Windows. See https://crbug.com/369219127 @ :0
[   42134ms] [WARNING] The powerPreference option is currently ignored when calling requestAdapter() on Windows. See https://crbug.com/369219127 @ :0
[   62548ms] [WARNING] The powerPreference option is currently ignored when calling requestAdapter() on Windows. See https://crbug.com/369219127 @ :0
[    9619ms] [WARNING] The powerPreference option is currently ignored when calling requestAdapter() on Windows. See https://crbug.com/369219127 @ :0
[   11150ms] [WARNING] The powerPreference option is currently ignored when calling requestAdapter() on Windows. See https://crbug.com/369219127 @ :0
[   14441ms] [WARNING] The powerPreference option is currently ignored when calling requestAdapter() on Windows. See https://crbug.com/369219127 @ :0
[   14701ms] [WARNING] The powerPreference option is currently ignored when calling requestAdapter() on Windows. See https://crbug.com/369219127 @ :0
[   14714ms] [WARNING] The powerPreference option is currently ignored when calling requestAdapter() on Windows. See https://crbug.com/369219127 @ :0
[   14726ms] [WARNING] The powerPreference option is currently ignored when calling requestAdapter() on Windows. See https://crbug.com/369219127 @ :0
[   14735ms] [WARNING] The powerPreference option is currently ignored when calling requestAdapter() on Windows. See https://crbug.com/369219127 @ :0
[   14748ms] [WARNING] The powerPreference option is currently ignored when calling requestAdapter() on Windows. See https://crbug.com/369219127 @ :0
[   14760ms] [WARNING] The powerPreference option is currently ignored when calling requestAdapter() on Windows. See https://crbug.com/369219127 @ :0
[   14769ms] [WARNING] The powerPreference option is currently ignored when calling requestAdapter() on Windows. See https://crbug.com/369219127 @ :0
[   14779ms] [WARNING] The powerPreference option is currently ignored when calling requestAdapter() on Windows. See https://crbug.com/369219127 @ :0
[   14787ms] [WARNING] The powerPreference option is currently ignored when calling requestAdapter() on Windows. See https://crbug.com/369219127 @ :0
[   14801ms] [WARNING] The powerPreference option is currently ignored when calling requestAdapter() on Windows. See https://crbug.com/369219127 @ :0
[   14810ms] [WARNING] The powerPreference option is currently ignored when calling requestAdapter() on Windows. See https://crbug.com/369219127 @ :0
[   22860ms] [WARNING] The powerPreference option is currently ignored when calling requestAdapter() on Windows. See https://crbug.com/369219127 @ :0
[   42134ms] [WARNING] The powerPreference option is currently ignored when calling requestAdapter() on Windows. See https://crbug.com/369219127 @ :0
[   62548ms] [WARNING] The powerPreference option is currently ignored when calling requestAdapter() on Windows. See https://crbug.com/369219127 @ :0
[   85051ms] [WARNING] The powerPreference option is currently ignored when calling requestAdapter() on Windows. See https://crbug.com/369219127 @ :0
[   99277ms] [LOG] Banking script loaded successfully @ https://bakkappan.github.io/Testers-Talk-Practice-Site/Banking-Project-Demo.html:1660
[   99385ms] TypeError: Cannot set properties of null (setting 'innerHTML')
    at renderEmployeeTable (https://bakkappan.github.io/Testers-Talk-Practice-Site/script.js:162:19)
    at loadEmployees (https://bakkappan.github.io/Testers-Talk-Practice-Site/script.js:178:3)
    at HTMLDocument.<anonymous> (https://bakkappan.github.io/Testers-Talk-Practice-Site/script.js:252:3)
[    9619ms] [WARNING] The powerPreference option is currently ignored when calling requestAdapter() on Windows. See https://crbug.com/369219127 @ :0
[   11150ms] [WARNING] The powerPreference option is currently ignored when calling requestAdapter() on Windows. See https://crbug.com/369219127 @ :0
[   14441ms] [WARNING] The powerPreference option is currently ignored when calling requestAdapter() on Windows. See https://crbug.com/369219127 @ :0
[   14701ms] [WARNING] The powerPreference option is currently ignored when calling requestAdapter() on Windows. See https://crbug.com/369219127 @ :0
[   14714ms] [WARNING] The powerPreference option is currently ignored when calling requestAdapter() on Windows. See https://crbug.com/369219127 @ :0
[   14726ms] [WARNING] The powerPreference option is currently ignored when calling requestAdapter() on Windows. See https://crbug.com/369219127 @ :0
[   14735ms] [WARNING] The powerPreference option is currently ignored when calling requestAdapter() on Windows. See https://crbug.com/369219127 @ :0
[   14748ms] [WARNING] The powerPreference option is currently ignored when calling requestAdapter() on Windows. See https://crbug.com/369219127 @ :0
[   14760ms] [WARNING] The powerPreference option is currently ignored when calling requestAdapter() on Windows. See https://crbug.com/369219127 @ :0
[   14769ms] [WARNING] The powerPreference option is currently ignored when calling requestAdapter() on Windows. See https://crbug.com/369219127 @ :0
[   14779ms] [WARNING] The powerPreference option is currently ignored when calling requestAdapter() on Windows. See https://crbug.com/369219127 @ :0
[   14787ms] [WARNING] The powerPreference option is currently ignored when calling requestAdapter() on Windows. See https://crbug.com/369219127 @ :0
[   14801ms] [WARNING] The powerPreference option is currently ignored when calling requestAdapter() on Windows. See https://crbug.com/369219127 @ :0
[   14810ms] [WARNING] The powerPreference option is currently ignored when calling requestAdapter() on Windows. See https://crbug.com/369219127 @ :0
[   22860ms] [WARNING] The powerPreference option is currently ignored when calling requestAdapter() on Windows. See https://crbug.com/369219127 @ :0
[   42134ms] [WARNING] The powerPreference option is currently ignored when calling requestAdapter() on Windows. See https://crbug.com/369219127 @ :0
[   62548ms] [WARNING] The powerPreference option is currently ignored when calling requestAdapter() on Windows. See https://crbug.com/369219127 @ :0
[   85051ms] [WARNING] The powerPreference option is currently ignored when calling requestAdapter() on Windows. See https://crbug.com/369219127 @ :0
[    9619ms] [WARNING] The powerPreference option is currently ignored when calling requestAdapter() on Windows. See https://crbug.com/369219127 @ :0
[   11150ms] [WARNING] The powerPreference option is currently ignored when calling requestAdapter() on Windows. See https://crbug.com/369219127 @ :0
[   14441ms] [WARNING] The powerPreference option is currently ignored when calling requestAdapter() on Windows. See https://crbug.com/369219127 @ :0
[   14701ms] [WARNING] The powerPreference option is currently ignored when calling requestAdapter() on Windows. See https://crbug.com/369219127 @ :0
[   14714ms] [WARNING] The powerPreference option is currently ignored when calling requestAdapter() on Windows. See https://crbug.com/369219127 @ :0
[   14726ms] [WARNING] The powerPreference option is currently ignored when calling requestAdapter() on Windows. See https://crbug.com/369219127 @ :0
[   14735ms] [WARNING] The powerPreference option is currently ignored when calling requestAdapter() on Windows. See https://crbug.com/369219127 @ :0
[   14748ms] [WARNING] The powerPreference option is currently ignored when calling requestAdapter() on Windows. See https://crbug.com/369219127 @ :0
[   14760ms] [WARNING] The powerPreference option is currently ignored when calling requestAdapter() on Windows. See https://crbug.com/369219127 @ :0
[   14769ms] [WARNING] The powerPreference option is currently ignored when calling requestAdapter() on Windows. See https://crbug.com/369219127 @ :0
[   14779ms] [WARNING] The powerPreference option is currently ignored when calling requestAdapter() on Windows. See https://crbug.com/369219127 @ :0
[   14787ms] [WARNING] The powerPreference option is currently ignored when calling requestAdapter() on Windows. See https://crbug.com/369219127 @ :0
[   14801ms] [WARNING] The powerPreference option is currently ignored when calling requestAdapter() on Windows. See https://crbug.com/369219127 @ :0
[   14810ms] [WARNING] The powerPreference option is currently ignored when calling requestAdapter() on Windows. See https://crbug.com/369219127 @ :0
[   22860ms] [WARNING] The powerPreference option is currently ignored when calling requestAdapter() on Windows. See https://crbug.com/369219127 @ :0
[   42134ms] [WARNING] The powerPreference option is currently ignored when calling requestAdapter() on Windows. See https://crbug.com/369219127 @ :0
[   62548ms] [WARNING] The powerPreference option is currently ignored when calling requestAdapter() on Windows. See https://crbug.com/369219127 @ :0
[   85051ms] [WARNING] The powerPreference option is currently ignored when calling requestAdapter() on Windows. See https://crbug.com/369219127 @ :0
[    9619ms] [WARNING] The powerPreference option is currently ignored when calling requestAdapter() on Windows. See https://crbug.com/369219127 @ :0
[   11150ms] [WARNING] The powerPreference option is currently ignored when calling requestAdapter() on Windows. See https://crbug.com/369219127 @ :0
[   14441ms] [WARNING] The powerPreference option is currently ignored when calling requestAdapter() on Windows. See https://crbug.com/369219127 @ :0
[   14701ms] [WARNING] The powerPreference option is currently ignored when calling requestAdapter() on Windows. See https://crbug.com/369219127 @ :0
[   14714ms] [WARNING] The powerPreference option is currently ignored when calling requestAdapter() on Windows. See https://crbug.com/369219127 @ :0
[   14726ms] [WARNING] The powerPreference option is currently ignored when calling requestAdapter() on Windows. See https://crbug.com/369219127 @ :0
[   14735ms] [WARNING] The powerPreference option is currently ignored when calling requestAdapter() on Windows. See https://crbug.com/369219127 @ :0
[   14748ms] [WARNING] The powerPreference option is currently ignored when calling requestAdapter() on Windows. See https://crbug.com/369219127 @ :0
[   14760ms] [WARNING] The powerPreference option is currently ignored when calling requestAdapter() on Windows. See https://crbug.com/369219127 @ :0
[   14769ms] [WARNING] The powerPreference option is currently ignored when calling requestAdapter() on Windows. See https://crbug.com/369219127 @ :0
[   14779ms] [WARNING] The powerPreference option is currently ignored when calling requestAdapter() on Windows. See https://crbug.com/369219127 @ :0
[   14787ms] [WARNING] The powerPreference option is currently ignored when calling requestAdapter() on Windows. See https://crbug.com/369219127 @ :0
[   14801ms] [WARNING] The powerPreference option is currently ignored when calling requestAdapter() on Windows. See https://crbug.com/369219127 @ :0
[   14810ms] [WARNING] The powerPreference option is currently ignored when calling requestAdapter() on Windows. See https://crbug.com/369219127 @ :0
[   22860ms] [WARNING] The powerPreference option is currently ignored when calling requestAdapter() on Windows. See https://crbug.com/369219127 @ :0
[   42134ms] [WARNING] The powerPreference option is currently ignored when calling requestAdapter() on Windows. See https://crbug.com/369219127 @ :0
[   62548ms] [WARNING] The powerPreference option is currently ignored when calling requestAdapter() on Windows. See https://crbug.com/369219127 @ :0
[   85051ms] [WARNING] The powerPreference option is currently ignored when calling requestAdapter() on Windows. See https://crbug.com/369219127 @ :0
[    9619ms] [WARNING] The powerPreference option is currently ignored when calling requestAdapter() on Windows. See https://crbug.com/369219127 @ :0
[   11150ms] [WARNING] The powerPreference option is currently ignored when calling requestAdapter() on Windows. See https://crbug.com/369219127 @ :0
[   14441ms] [WARNING] The powerPreference option is currently ignored when calling requestAdapter() on Windows. See https://crbug.com/369219127 @ :0
[   14701ms] [WARNING] The powerPreference option is currently ignored when calling requestAdapter() on Windows. See https://crbug.com/369219127 @ :0
[   14714ms] [WARNING] The powerPreference option is currently ignored when calling requestAdapter() on Windows. See https://crbug.com/369219127 @ :0
[   14726ms] [WARNING] The powerPreference option is currently ignored when calling requestAdapter() on Windows. See https://crbug.com/369219127 @ :0
[   14735ms] [WARNING] The powerPreference option is currently ignored when calling requestAdapter() on Windows. See https://crbug.com/369219127 @ :0
[   14748ms] [WARNING] The powerPreference option is currently ignored when calling requestAdapter() on Windows. See https://crbug.com/369219127 @ :0
[   14760ms] [WARNING] The powerPreference option is currently ignored when calling requestAdapter() on Windows. See https://crbug.com/369219127 @ :0
[   14769ms] [WARNING] The powerPreference option is currently ignored when calling requestAdapter() on Windows. See https://crbug.com/369219127 @ :0
[   14779ms] [WARNING] The powerPreference option is currently ignored when calling requestAdapter() on Windows. See https://crbug.com/369219127 @ :0
[   14787ms] [WARNING] The powerPreference option is currently ignored when calling requestAdapter() on Windows. See https://crbug.com/369219127 @ :0
[   14801ms] [WARNING] The powerPreference option is currently ignored when calling requestAdapter() on Windows. See https://crbug.com/369219127 @ :0
[   14810ms] [WARNING] The powerPreference option is currently ignored when calling requestAdapter() on Windows. See https://crbug.com/369219127 @ :0
[   22860ms] [WARNING] The powerPreference option is currently ignored when calling requestAdapter() on Windows. See https://crbug.com/369219127 @ :0
[   42134ms] [WARNING] The powerPreference option is currently ignored when calling requestAdapter() on Windows. See https://crbug.com/369219127 @ :0
[   62548ms] [WARNING] The powerPreference option is currently ignored when calling requestAdapter() on Windows. See https://crbug.com/369219127 @ :0
[   85051ms] [WARNING] The powerPreference option is currently ignored when calling requestAdapter() on Windows. See https://crbug.com/369219127 @ :0
[    9619ms] [WARNING] The powerPreference option is currently ignored when calling requestAdapter() on Windows. See https://crbug.com/369219127 @ :0
[   11150ms] [WARNING] The powerPreference option is currently ignored when calling requestAdapter() on Windows. See https://crbug.com/369219127 @ :0
[   14441ms] [WARNING] The powerPreference option is currently ignored when calling requestAdapter() on Windows. See https://crbug.com/369219127 @ :0
[   14701ms] [WARNING] The powerPreference option is currently ignored when calling requestAdapter() on Windows. See https://crbug.com/369219127 @ :0
[   14714ms] [WARNING] The powerPreference option is currently ignored when calling requestAdapter() on Windows. See https://crbug.com/369219127 @ :0
[   14726ms] [WARNING] The powerPreference option is currently ignored when calling requestAdapter() on Windows. See https://crbug.com/369219127 @ :0
[   14735ms] [WARNING] The powerPreference option is currently ignored when calling requestAdapter() on Windows. See https://crbug.com/369219127 @ :0
[   14748ms] [WARNING] The powerPreference option is currently ignored when calling requestAdapter() on Windows. See https://crbug.com/369219127 @ :0
[   14760ms] [WARNING] The powerPreference option is currently ignored when calling requestAdapter() on Windows. See https://crbug.com/369219127 @ :0
[   14769ms] [WARNING] The powerPreference option is currently ignored when calling requestAdapter() on Windows. See https://crbug.com/369219127 @ :0
[   14779ms] [WARNING] The powerPreference option is currently ignored when calling requestAdapter() on Windows. See https://crbug.com/369219127 @ :0
[   14787ms] [WARNING] The powerPreference option is currently ignored when calling requestAdapter() on Windows. See https://crbug.com/369219127 @ :0
[   14801ms] [WARNING] The powerPreference option is currently ignored when calling requestAdapter() on Windows. See https://crbug.com/369219127 @ :0
[   14810ms] [WARNING] The powerPreference option is currently ignored when calling requestAdapter() on Windows. See https://crbug.com/369219127 @ :0
[   22860ms] [WARNING] The powerPreference option is currently ignored when calling requestAdapter() on Windows. See https://crbug.com/369219127 @ :0
[   42134ms] [WARNING] The powerPreference option is currently ignored when calling requestAdapter() on Windows. See https://crbug.com/369219127 @ :0
[   62548ms] [WARNING] The powerPreference option is currently ignored when calling requestAdapter() on Windows. See https://crbug.com/369219127 @ :0
[   85051ms] [WARNING] The powerPreference option is currently ignored when calling requestAdapter() on Windows. See https://crbug.com/369219127 @ :0
[    9619ms] [WARNING] The powerPreference option is currently ignored when calling requestAdapter() on Windows. See https://crbug.com/369219127 @ :0
[   11150ms] [WARNING] The powerPreference option is currently ignored when calling requestAdapter() on Windows. See https://crbug.com/369219127 @ :0
[   14441ms] [WARNING] The powerPreference option is currently ignored when calling requestAdapter() on Windows. See https://crbug.com/369219127 @ :0
[   14701ms] [WARNING] The powerPreference option is currently ignored when calling requestAdapter() on Windows. See https://crbug.com/369219127 @ :0
[   14714ms] [WARNING] The powerPreference option is currently ignored when calling requestAdapter() on Windows. See https://crbug.com/369219127 @ :0
[   14726ms] [WARNING] The powerPreference option is currently ignored when calling requestAdapter() on Windows. See https://crbug.com/369219127 @ :0
[   14735ms] [WARNING] The powerPreference option is currently ignored when calling requestAdapter() on Windows. See https://crbug.com/369219127 @ :0
[   14748ms] [WARNING] The powerPreference option is currently ignored when calling requestAdapter() on Windows. See https://crbug.com/369219127 @ :0
[   14760ms] [WARNING] The powerPreference option is currently ignored when calling requestAdapter() on Windows. See https://crbug.com/369219127 @ :0
[   14769ms] [WARNING] The powerPreference option is currently ignored when calling requestAdapter() on Windows. See https://crbug.com/369219127 @ :0
[   14779ms] [WARNING] The powerPreference option is currently ignored when calling requestAdapter() on Windows. See https://crbug.com/369219127 @ :0
[   14787ms] [WARNING] The powerPreference option is currently ignored when calling requestAdapter() on Windows. See https://crbug.com/369219127 @ :0
[   14801ms] [WARNING] The powerPreference option is currently ignored when calling requestAdapter() on Windows. See https://crbug.com/369219127 @ :0
[   14810ms] [WARNING] The powerPreference option is currently ignored when calling requestAdapter() on Windows. See https://crbug.com/369219127 @ :0
[   22860ms] [WARNING] The powerPreference option is currently ignored when calling requestAdapter() on Windows. See https://crbug.com/369219127 @ :0
[   42134ms] [WARNING] The powerPreference option is currently ignored when calling requestAdapter() on Windows. See https://crbug.com/369219127 @ :0
[   62548ms] [WARNING] The powerPreference option is currently ignored when calling requestAdapter() on Windows. See https://crbug.com/369219127 @ :0
[   85051ms] [WARNING] The powerPreference option is currently ignored when calling requestAdapter() on Windows. See https://crbug.com/369219127 @ :0
[    9619ms] [WARNING] The powerPreference option is currently ignored when calling requestAdapter() on Windows. See https://crbug.com/369219127 @ :0
[   11150ms] [WARNING] The powerPreference option is currently ignored when calling requestAdapter() on Windows. See https://crbug.com/369219127 @ :0
[   14441ms] [WARNING] The powerPreference option is currently ignored when calling requestAdapter() on Windows. See https://crbug.com/369219127 @ :0
[   14701ms] [WARNING] The powerPreference option is currently ignored when calling requestAdapter() on Windows. See https://crbug.com/369219127 @ :0
[   14714ms] [WARNING] The powerPreference option is currently ignored when calling requestAdapter() on Windows. See https://crbug.com/369219127 @ :0
[   14726ms] [WARNING] The powerPreference option is currently ignored when calling requestAdapter() on Windows. See https://crbug.com/369219127 @ :0
[   14735ms] [WARNING] The powerPreference option is currently ignored when calling requestAdapter() on Windows. See https://crbug.com/369219127 @ :0
[   14748ms] [WARNING] The powerPreference option is currently ignored when calling requestAdapter() on Windows. See https://crbug.com/369219127 @ :0
[   14760ms] [WARNING] The powerPreference option is currently ignored when calling requestAdapter() on Windows. See https://crbug.com/369219127 @ :0
[   14769ms] [WARNING] The powerPreference option is currently ignored when calling requestAdapter() on Windows. See https://crbug.com/369219127 @ :0
[   14779ms] [WARNING] The powerPreference option is currently ignored when calling requestAdapter() on Windows. See https://crbug.com/369219127 @ :0
[   14787ms] [WARNING] The powerPreference option is currently ignored when calling requestAdapter() on Windows. See https://crbug.com/369219127 @ :0
[   14801ms] [WARNING] The powerPreference option is currently ignored when calling requestAdapter() on Windows. See https://crbug.com/369219127 @ :0
[   14810ms] [WARNING] The powerPreference option is currently ignored when calling requestAdapter() on Windows. See https://crbug.com/369219127 @ :0
[   22860ms] [WARNING] The powerPreference option is currently ignored when calling requestAdapter() on Windows. See https://crbug.com/369219127 @ :0
[   42134ms] [WARNING] The powerPreference option is currently ignored when calling requestAdapter() on Windows. See https://crbug.com/369219127 @ :0
[   62548ms] [WARNING] The powerPreference option is currently ignored when calling requestAdapter() on Windows. See https://crbug.com/369219127 @ :0
[   85051ms] [WARNING] The powerPreference option is currently ignored when calling requestAdapter() on Windows. See https://crbug.com/369219127 @ :0
[  104550ms] [ERROR] Permissions policy violation: compute-pressure is not allowed in this document. @ https://www.youtube.com/s/player/4fd832e7/player_embed_es6.vflset/en_GB/base.js:5401
[  104708ms] [ERROR] Permissions policy violation: compute-pressure is not allowed in this document. @ https://www.youtube.com/s/player/4fd832e7/player_embed_es6.vflset/en_GB/base.js:5401
[  107140ms] [ERROR] Permissions policy violation: compute-pressure is not allowed in this document. @ https://www.youtube.com/s/player/4fd832e7/player_embed_es6.vflset/en_GB/base.js:5401
[  107148ms] [ERROR] Permissions policy violation: compute-pressure is not allowed in this document. @ https://www.youtube.com/s/player/4fd832e7/player_embed_es6.vflset/en_GB/base.js:5401
[  107233ms] [ERROR] Permissions policy violation: compute-pressure is not allowed in this document. @ https://www.youtube.com/s/player/4fd832e7/player_embed_es6.vflset/en_GB/base.js:5401
[  107240ms] [ERROR] Permissions policy violation: compute-pressure is not allowed in this document. @ https://www.youtube.com/s/player/4fd832e7/player_embed_es6.vflset/en_GB/base.js:5401
[  107400ms] [WARNING] The powerPreference option is currently ignored when calling requestAdapter() on Windows. See https://crbug.com/369219127 @ :0
[  107642ms] [WARNING] The powerPreference option is currently ignored when calling requestAdapter() on Windows. See https://crbug.com/369219127 @ :0
[  107834ms] [WARNING] The powerPreference option is currently ignored when calling requestAdapter() on Windows. See https://crbug.com/369219127 @ :0
[  107844ms] [WARNING] The powerPreference option is currently ignored when calling requestAdapter() on Windows. See https://crbug.com/369219127 @ :0
[  108009ms] [WARNING] The powerPreference option is currently ignored when calling requestAdapter() on Windows. See https://crbug.com/369219127 @ :0
[  108026ms] [WARNING] The powerPreference option is currently ignored when calling requestAdapter() on Windows. See https://crbug.com/369219127 @ :0
[  108044ms] [WARNING] The powerPreference option is currently ignored when calling requestAdapter() on Windows. See https://crbug.com/369219127 @ :0
[    9619ms] [WARNING] The powerPreference option is currently ignored when calling requestAdapter() on Windows. See https://crbug.com/369219127 @ :0
[   11150ms] [WARNING] The powerPreference option is currently ignored when calling requestAdapter() on Windows. See https://crbug.com/369219127 @ :0
[   14441ms] [WARNING] The powerPreference option is currently ignored when calling requestAdapter() on Windows. See https://crbug.com/369219127 @ :0
[   14701ms] [WARNING] The powerPreference option is currently ignored when calling requestAdapter() on Windows. See https://crbug.com/369219127 @ :0
[   14714ms] [WARNING] The powerPreference option is currently ignored when calling requestAdapter() on Windows. See https://crbug.com/369219127 @ :0
[   14726ms] [WARNING] The powerPreference option is currently ignored when calling requestAdapter() on Windows. See https://crbug.com/369219127 @ :0
[   14735ms] [WARNING] The powerPreference option is currently ignored when calling requestAdapter() on Windows. See https://crbug.com/369219127 @ :0
[   14748ms] [WARNING] The powerPreference option is currently ignored when calling requestAdapter() on Windows. See https://crbug.com/369219127 @ :0
[   14760ms] [WARNING] The powerPreference option is currently ignored when calling requestAdapter() on Windows. See https://crbug.com/369219127 @ :0
[   14769ms] [WARNING] The powerPreference option is currently ignored when calling requestAdapter() on Windows. See https://crbug.com/369219127 @ :0
[   14779ms] [WARNING] The powerPreference option is currently ignored when calling requestAdapter() on Windows. See https://crbug.com/369219127 @ :0
[   14787ms] [WARNING] The powerPreference option is currently ignored when calling requestAdapter() on Windows. See https://crbug.com/369219127 @ :0
[   14801ms] [WARNING] The powerPreference option is currently ignored when calling requestAdapter() on Windows. See https://crbug.com/369219127 @ :0
[   14810ms] [WARNING] The powerPreference option is currently ignored when calling requestAdapter() on Windows. See https://crbug.com/369219127 @ :0
[   22860ms] [WARNING] The powerPreference option is currently ignored when calling requestAdapter() on Windows. See https://crbug.com/369219127 @ :0
[   42134ms] [WARNING] The powerPreference option is currently ignored when calling requestAdapter() on Windows. See https://crbug.com/369219127 @ :0
[   62548ms] [WARNING] The powerPreference option is currently ignored when calling requestAdapter() on Windows. See https://crbug.com/369219127 @ :0
[   85051ms] [WARNING] The powerPreference option is currently ignored when calling requestAdapter() on Windows. See https://crbug.com/369219127 @ :0
[  104550ms] [ERROR] Permissions policy violation: compute-pressure is not allowed in this document. @ https://www.youtube.com/s/player/4fd832e7/player_embed_es6.vflset/en_GB/base.js:5401
[  104708ms] [ERROR] Permissions policy violation: compute-pressure is not allowed in this document. @ https://www.youtube.com/s/player/4fd832e7/player_embed_es6.vflset/en_GB/base.js:5401
[  107140ms] [ERROR] Permissions policy violation: compute-pressure is not allowed in this document. @ https://www.youtube.com/s/player/4fd832e7/player_embed_es6.vflset/en_GB/base.js:5401
[  107148ms] [ERROR] Permissions policy violation: compute-pressure is not allowed in this document. @ https://www.youtube.com/s/player/4fd832e7/player_embed_es6.vflset/en_GB/base.js:5401
[  107233ms] [ERROR] Permissions policy violation: compute-pressure is not allowed in this document. @ https://www.youtube.com/s/player/4fd832e7/player_embed_es6.vflset/en_GB/base.js:5401
[  107240ms] [ERROR] Permissions policy violation: compute-pressure is not allowed in this document. @ https://www.youtube.com/s/player/4fd832e7/player_embed_es6.vflset/en_GB/base.js:5401
[  107400ms] [WARNING] The powerPreference option is currently ignored when calling requestAdapter() on Windows. See https://crbug.com/369219127 @ :0
[  107642ms] [WARNING] The powerPreference option is currently ignored when calling requestAdapter() on Windows. See https://crbug.com/369219127 @ :0
[  107834ms] [WARNING] The powerPreference option is currently ignored when calling requestAdapter() on Windows. See https://crbug.com/369219127 @ :0
[  107844ms] [WARNING] The powerPreference option is currently ignored when calling requestAdapter() on Windows. See https://crbug.com/369219127 @ :0
[  108009ms] [WARNING] The powerPreference option is currently ignored when calling requestAdapter() on Windows. See https://crbug.com/369219127 @ :0
[  108026ms] [WARNING] The powerPreference option is currently ignored when calling requestAdapter() on Windows. See https://crbug.com/369219127 @ :0
[  108044ms] [WARNING] The powerPreference option is currently ignored when calling requestAdapter() on Windows. See https://crbug.com/369219127 @ :0
[    9619ms] [WARNING] The powerPreference option is currently ignored when calling requestAdapter() on Windows. See https://crbug.com/369219127 @ :0
[   11150ms] [WARNING] The powerPreference option is currently ignored when calling requestAdapter() on Windows. See https://crbug.com/369219127 @ :0
[   14441ms] [WARNING] The powerPreference option is currently ignored when calling requestAdapter() on Windows. See https://crbug.com/369219127 @ :0
[   14701ms] [WARNING] The powerPreference option is currently ignored when calling requestAdapter() on Windows. See https://crbug.com/369219127 @ :0
[   14714ms] [WARNING] The powerPreference option is currently ignored when calling requestAdapter() on Windows. See https://crbug.com/369219127 @ :0
[   14726ms] [WARNING] The powerPreference option is currently ignored when calling requestAdapter() on Windows. See https://crbug.com/369219127 @ :0
[   14735ms] [WARNING] The powerPreference option is currently ignored when calling requestAdapter() on Windows. See https://crbug.com/369219127 @ :0
[   14748ms] [WARNING] The powerPreference option is currently ignored when calling requestAdapter() on Windows. See https://crbug.com/369219127 @ :0
[   14760ms] [WARNING] The powerPreference option is currently ignored when calling requestAdapter() on Windows. See https://crbug.com/369219127 @ :0
[   14769ms] [WARNING] The powerPreference option is currently ignored when calling requestAdapter() on Windows. See https://crbug.com/369219127 @ :0
[   14779ms] [WARNING] The powerPreference option is currently ignored when calling requestAdapter() on Windows. See https://crbug.com/369219127 @ :0
[   14787ms] [WARNING] The powerPreference option is currently ignored when calling requestAdapter() on Windows. See https://crbug.com/369219127 @ :0
[   14801ms] [WARNING] The powerPreference option is currently ignored when calling requestAdapter() on Windows. See https://crbug.com/369219127 @ :0
[   14810ms] [WARNING] The powerPreference option is currently ignored when calling requestAdapter() on Windows. See https://crbug.com/369219127 @ :0
[   22860ms] [WARNING] The powerPreference option is currently ignored when calling requestAdapter() on Windows. See https://crbug.com/369219127 @ :0
[   42134ms] [WARNING] The powerPreference option is currently ignored when calling requestAdapter() on Windows. See https://crbug.com/369219127 @ :0
[   62548ms] [WARNING] The powerPreference option is currently ignored when calling requestAdapter() on Windows. See https://crbug.com/369219127 @ :0
[   85051ms] [WARNING] The powerPreference option is currently ignored when calling requestAdapter() on Windows. See https://crbug.com/369219127 @ :0
[  104550ms] [ERROR] Permissions policy violation: compute-pressure is not allowed in this document. @ https://www.youtube.com/s/player/4fd832e7/player_embed_es6.vflset/en_GB/base.js:5401
[  104708ms] [ERROR] Permissions policy violation: compute-pressure is not allowed in this document. @ https://www.youtube.com/s/player/4fd832e7/player_embed_es6.vflset/en_GB/base.js:5401
[  107140ms] [ERROR] Permissions policy violation: compute-pressure is not allowed in this document. @ https://www.youtube.com/s/player/4fd832e7/player_embed_es6.vflset/en_GB/base.js:5401
[  107148ms] [ERROR] Permissions policy violation: compute-pressure is not allowed in this document. @ https://www.youtube.com/s/player/4fd832e7/player_embed_es6.vflset/en_GB/base.js:5401
[  107233ms] [ERROR] Permissions policy violation: compute-pressure is not allowed in this document. @ https://www.youtube.com/s/player/4fd832e7/player_embed_es6.vflset/en_GB/base.js:5401
[  107240ms] [ERROR] Permissions policy violation: compute-pressure is not allowed in this document. @ https://www.youtube.com/s/player/4fd832e7/player_embed_es6.vflset/en_GB/base.js:5401
[  107400ms] [WARNING] The powerPreference option is currently ignored when calling requestAdapter() on Windows. See https://crbug.com/369219127 @ :0
[  107642ms] [WARNING] The powerPreference option is currently ignored when calling requestAdapter() on Windows. See https://crbug.com/369219127 @ :0
[  107834ms] [WARNING] The powerPreference option is currently ignored when calling requestAdapter() on Windows. See https://crbug.com/369219127 @ :0
[  107844ms] [WARNING] The powerPreference option is currently ignored when calling requestAdapter() on Windows. See https://crbug.com/369219127 @ :0
[  108009ms] [WARNING] The powerPreference option is currently ignored when calling requestAdapter() on Windows. See https://crbug.com/369219127 @ :0
[  108026ms] [WARNING] The powerPreference option is currently ignored when calling requestAdapter() on Windows. See https://crbug.com/369219127 @ :0
[  108044ms] [WARNING] The powerPreference option is currently ignored when calling requestAdapter() on Windows. See https://crbug.com/369219127 @ :0
[    9619ms] [WARNING] The powerPreference option is currently ignored when calling requestAdapter() on Windows. See https://crbug.com/369219127 @ :0
[   11150ms] [WARNING] The powerPreference option is currently ignored when calling requestAdapter() on Windows. See https://crbug.com/369219127 @ :0
[   14441ms] [WARNING] The powerPreference option is currently ignored when calling requestAdapter() on Windows. See https://crbug.com/369219127 @ :0
[   14701ms] [WARNING] The powerPreference option is currently ignored when calling requestAdapter() on Windows. See https://crbug.com/369219127 @ :0
[   14714ms] [WARNING] The powerPreference option is currently ignored when calling requestAdapter() on Windows. See https://crbug.com/369219127 @ :0
[   14726ms] [WARNING] The powerPreference option is currently ignored when calling requestAdapter() on Windows. See https://crbug.com/369219127 @ :0
[   14735ms] [WARNING] The powerPreference option is currently ignored when calling requestAdapter() on Windows. See https://crbug.com/369219127 @ :0
[   14748ms] [WARNING] The powerPreference option is currently ignored when calling requestAdapter() on Windows. See https://crbug.com/369219127 @ :0
[   14760ms] [WARNING] The powerPreference option is currently ignored when calling requestAdapter() on Windows. See https://crbug.com/369219127 @ :0
[   14769ms] [WARNING] The powerPreference option is currently ignored when calling requestAdapter() on Windows. See https://crbug.com/369219127 @ :0
[   14779ms] [WARNING] The powerPreference option is currently ignored when calling requestAdapter() on Windows. See https://crbug.com/369219127 @ :0
[   14787ms] [WARNING] The powerPreference option is currently ignored when calling requestAdapter() on Windows. See https://crbug.com/369219127 @ :0
[   14801ms] [WARNING] The powerPreference option is currently ignored when calling requestAdapter() on Windows. See https://crbug.com/369219127 @ :0
[   14810ms] [WARNING] The powerPreference option is currently ignored when calling requestAdapter() on Windows. See https://crbug.com/369219127 @ :0
[   22860ms] [WARNING] The powerPreference option is currently ignored when calling requestAdapter() on Windows. See https://crbug.com/369219127 @ :0
[   42134ms] [WARNING] The powerPreference option is currently ignored when calling requestAdapter() on Windows. See https://crbug.com/369219127 @ :0
[   62548ms] [WARNING] The powerPreference option is currently ignored when calling requestAdapter() on Windows. See https://crbug.com/369219127 @ :0
[   85051ms] [WARNING] The powerPreference option is currently ignored when calling requestAdapter() on Windows. See https://crbug.com/369219127 @ :0
[  104550ms] [ERROR] Permissions policy violation: compute-pressure is not allowed in this document. @ https://www.youtube.com/s/player/4fd832e7/player_embed_es6.vflset/en_GB/base.js:5401
[  104708ms] [ERROR] Permissions policy violation: compute-pressure is not allowed in this document. @ https://www.youtube.com/s/player/4fd832e7/player_embed_es6.vflset/en_GB/base.js:5401
[  107140ms] [ERROR] Permissions policy violation: compute-pressure is not allowed in this document. @ https://www.youtube.com/s/player/4fd832e7/player_embed_es6.vflset/en_GB/base.js:5401
[  107148ms] [ERROR] Permissions policy violation: compute-pressure is not allowed in this document. @ https://www.youtube.com/s/player/4fd832e7/player_embed_es6.vflset/en_GB/base.js:5401
[  107233ms] [ERROR] Permissions policy violation: compute-pressure is not allowed in this document. @ https://www.youtube.com/s/player/4fd832e7/player_embed_es6.vflset/en_GB/base.js:5401
[  107240ms] [ERROR] Permissions policy violation: compute-pressure is not allowed in this document. @ https://www.youtube.com/s/player/4fd832e7/player_embed_es6.vflset/en_GB/base.js:5401
[  107400ms] [WARNING] The powerPreference option is currently ignored when calling requestAdapter() on Windows. See https://crbug.com/369219127 @ :0
[  107642ms] [WARNING] The powerPreference option is currently ignored when calling requestAdapter() on Windows. See https://crbug.com/369219127 @ :0
[  107834ms] [WARNING] The powerPreference option is currently ignored when calling requestAdapter() on Windows. See https://crbug.com/369219127 @ :0
[  107844ms] [WARNING] The powerPreference option is currently ignored when calling requestAdapter() on Windows. See https://crbug.com/369219127 @ :0
[  108009ms] [WARNING] The powerPreference option is currently ignored when calling requestAdapter() on Windows. See https://crbug.com/369219127 @ :0
[  108026ms] [WARNING] The powerPreference option is currently ignored when calling requestAdapter() on Windows. See https://crbug.com/369219127 @ :0
[  108044ms] [WARNING] The powerPreference option is currently ignored when calling requestAdapter() on Windows. See https://crbug.com/369219127 @ :0
[  130088ms] [ERROR] Permissions policy violation: compute-pressure is not allowed in this document. @ https://www.youtube.com/s/player/4fd832e7/player_embed_es6.vflset/en_GB/base.js:5401
[    9619ms] [WARNING] The powerPreference option is currently ignored when calling requestAdapter() on Windows. See https://crbug.com/369219127 @ :0
[   11150ms] [WARNING] The powerPreference option is currently ignored when calling requestAdapter() on Windows. See https://crbug.com/369219127 @ :0
[   14441ms] [WARNING] The powerPreference option is currently ignored when calling requestAdapter() on Windows. See https://crbug.com/369219127 @ :0
[   14701ms] [WARNING] The powerPreference option is currently ignored when calling requestAdapter() on Windows. See https://crbug.com/369219127 @ :0
[   14714ms] [WARNING] The powerPreference option is currently ignored when calling requestAdapter() on Windows. See https://crbug.com/369219127 @ :0
[   14726ms] [WARNING] The powerPreference option is currently ignored when calling requestAdapter() on Windows. See https://crbug.com/369219127 @ :0
[   14735ms] [WARNING] The powerPreference option is currently ignored when calling requestAdapter() on Windows. See https://crbug.com/369219127 @ :0
[   14748ms] [WARNING] The powerPreference option is currently ignored when calling requestAdapter() on Windows. See https://crbug.com/369219127 @ :0
[   14760ms] [WARNING] The powerPreference option is currently ignored when calling requestAdapter() on Windows. See https://crbug.com/369219127 @ :0
[   14769ms] [WARNING] The powerPreference option is currently ignored when calling requestAdapter() on Windows. See https://crbug.com/369219127 @ :0
[   14779ms] [WARNING] The powerPreference option is currently ignored when calling requestAdapter() on Windows. See https://crbug.com/369219127 @ :0
[   14787ms] [WARNING] The powerPreference option is currently ignored when calling requestAdapter() on Windows. See https://crbug.com/369219127 @ :0
[   14801ms] [WARNING] The powerPreference option is currently ignored when calling requestAdapter() on Windows. See https://crbug.com/369219127 @ :0
[   14810ms] [WARNING] The powerPreference option is currently ignored when calling requestAdapter() on Windows. See https://crbug.com/369219127 @ :0
[   22860ms] [WARNING] The powerPreference option is currently ignored when calling requestAdapter() on Windows. See https://crbug.com/369219127 @ :0
[   42134ms] [WARNING] The powerPreference option is currently ignored when calling requestAdapter() on Windows. See https://crbug.com/369219127 @ :0
[   62548ms] [WARNING] The powerPreference option is currently ignored when calling requestAdapter() on Windows. See https://crbug.com/369219127 @ :0
[   85051ms] [WARNING] The powerPreference option is currently ignored when calling requestAdapter() on Windows. See https://crbug.com/369219127 @ :0
[  104550ms] [ERROR] Permissions policy violation: compute-pressure is not allowed in this document. @ https://www.youtube.com/s/player/4fd832e7/player_embed_es6.vflset/en_GB/base.js:5401
[  104708ms] [ERROR] Permissions policy violation: compute-pressure is not allowed in this document. @ https://www.youtube.com/s/player/4fd832e7/player_embed_es6.vflset/en_GB/base.js:5401
[  107140ms] [ERROR] Permissions policy violation: compute-pressure is not allowed in this document. @ https://www.youtube.com/s/player/4fd832e7/player_embed_es6.vflset/en_GB/base.js:5401
[  107148ms] [ERROR] Permissions policy violation: compute-pressure is not allowed in this document. @ https://www.youtube.com/s/player/4fd832e7/player_embed_es6.vflset/en_GB/base.js:5401
[  107233ms] [ERROR] Permissions policy violation: compute-pressure is not allowed in this document. @ https://www.youtube.com/s/player/4fd832e7/player_embed_es6.vflset/en_GB/base.js:5401
[  107240ms] [ERROR] Permissions policy violation: compute-pressure is not allowed in this document. @ https://www.youtube.com/s/player/4fd832e7/player_embed_es6.vflset/en_GB/base.js:5401
[  107400ms] [WARNING] The powerPreference option is currently ignored when calling requestAdapter() on Windows. See https://crbug.com/369219127 @ :0
[  107642ms] [WARNING] The powerPreference option is currently ignored when calling requestAdapter() on Windows. See https://crbug.com/369219127 @ :0
[  107834ms] [WARNING] The powerPreference option is currently ignored when calling requestAdapter() on Windows. See https://crbug.com/369219127 @ :0
[  107844ms] [WARNING] The powerPreference option is currently ignored when calling requestAdapter() on Windows. See https://crbug.com/369219127 @ :0
[  108009ms] [WARNING] The powerPreference option is currently ignored when calling requestAdapter() on Windows. See https://crbug.com/369219127 @ :0
[  108026ms] [WARNING] The powerPreference option is currently ignored when calling requestAdapter() on Windows. See https://crbug.com/369219127 @ :0
[  108044ms] [WARNING] The powerPreference option is currently ignored when calling requestAdapter() on Windows. See https://crbug.com/369219127 @ :0
[  130088ms] [ERROR] Permissions policy violation: compute-pressure is not allowed in this document. @ https://www.youtube.com/s/player/4fd832e7/player_embed_es6.vflset/en_GB/base.js:5401
[    9619ms] [WARNING] The powerPreference option is currently ignored when calling requestAdapter() on Windows. See https://crbug.com/369219127 @ :0
[   11150ms] [WARNING] The powerPreference option is currently ignored when calling requestAdapter() on Windows. See https://crbug.com/369219127 @ :0
[   14441ms] [WARNING] The powerPreference option is currently ignored when calling requestAdapter() on Windows. See https://crbug.com/369219127 @ :0
[   14701ms] [WARNING] The powerPreference option is currently ignored when calling requestAdapter() on Windows. See https://crbug.com/369219127 @ :0
[   14714ms] [WARNING] The powerPreference option is currently ignored when calling requestAdapter() on Windows. See https://crbug.com/369219127 @ :0
[   14726ms] [WARNING] The powerPreference option is currently ignored when calling requestAdapter() on Windows. See https://crbug.com/369219127 @ :0
[   14735ms] [WARNING] The powerPreference option is currently ignored when calling requestAdapter() on Windows. See https://crbug.com/369219127 @ :0
[   14748ms] [WARNING] The powerPreference option is currently ignored when calling requestAdapter() on Windows. See https://crbug.com/369219127 @ :0
[   14760ms] [WARNING] The powerPreference option is currently ignored when calling requestAdapter() on Windows. See https://crbug.com/369219127 @ :0
[   14769ms] [WARNING] The powerPreference option is currently ignored when calling requestAdapter() on Windows. See https://crbug.com/369219127 @ :0
[   14779ms] [WARNING] The powerPreference option is currently ignored when calling requestAdapter() on Windows. See https://crbug.com/369219127 @ :0
[   14787ms] [WARNING] The powerPreference option is currently ignored when calling requestAdapter() on Windows. See https://crbug.com/369219127 @ :0
[   14801ms] [WARNING] The powerPreference option is currently ignored when calling requestAdapter() on Windows. See https://crbug.com/369219127 @ :0
[   14810ms] [WARNING] The powerPreference option is currently ignored when calling requestAdapter() on Windows. See https://crbug.com/369219127 @ :0
[   22860ms] [WARNING] The powerPreference option is currently ignored when calling requestAdapter() on Windows. See https://crbug.com/369219127 @ :0
[   42134ms] [WARNING] The powerPreference option is currently ignored when calling requestAdapter() on Windows. See https://crbug.com/369219127 @ :0
[   62548ms] [WARNING] The powerPreference option is currently ignored when calling requestAdapter() on Windows. See https://crbug.com/369219127 @ :0
[   85051ms] [WARNING] The powerPreference option is currently ignored when calling requestAdapter() on Windows. See https://crbug.com/369219127 @ :0
[  104550ms] [ERROR] Permissions policy violation: compute-pressure is not allowed in this document. @ https://www.youtube.com/s/player/4fd832e7/player_embed_es6.vflset/en_GB/base.js:5401
[  104708ms] [ERROR] Permissions policy violation: compute-pressure is not allowed in this document. @ https://www.youtube.com/s/player/4fd832e7/player_embed_es6.vflset/en_GB/base.js:5401
[  107140ms] [ERROR] Permissions policy violation: compute-pressure is not allowed in this document. @ https://www.youtube.com/s/player/4fd832e7/player_embed_es6.vflset/en_GB/base.js:5401
[  107148ms] [ERROR] Permissions policy violation: compute-pressure is not allowed in this document. @ https://www.youtube.com/s/player/4fd832e7/player_embed_es6.vflset/en_GB/base.js:5401
[  107233ms] [ERROR] Permissions policy violation: compute-pressure is not allowed in this document. @ https://www.youtube.com/s/player/4fd832e7/player_embed_es6.vflset/en_GB/base.js:5401
[  107240ms] [ERROR] Permissions policy violation: compute-pressure is not allowed in this document. @ https://www.youtube.com/s/player/4fd832e7/player_embed_es6.vflset/en_GB/base.js:5401
[  107400ms] [WARNING] The powerPreference option is currently ignored when calling requestAdapter() on Windows. See https://crbug.com/369219127 @ :0
[  107642ms] [WARNING] The powerPreference option is currently ignored when calling requestAdapter() on Windows. See https://crbug.com/369219127 @ :0
[  107834ms] [WARNING] The powerPreference option is currently ignored when calling requestAdapter() on Windows. See https://crbug.com/369219127 @ :0
[  107844ms] [WARNING] The powerPreference option is currently ignored when calling requestAdapter() on Windows. See https://crbug.com/369219127 @ :0
[  108009ms] [WARNING] The powerPreference option is currently ignored when calling requestAdapter() on Windows. See https://crbug.com/369219127 @ :0
[  108026ms] [WARNING] The powerPreference option is currently ignored when calling requestAdapter() on Windows. See https://crbug.com/369219127 @ :0
[  108044ms] [WARNING] The powerPreference option is currently ignored when calling requestAdapter() on Windows. See https://crbug.com/369219127 @ :0
[  130088ms] [ERROR] Permissions policy violation: compute-pressure is not allowed in this document. @ https://www.youtube.com/s/player/4fd832e7/player_embed_es6.vflset/en_GB/base.js:5401
[  131504ms] [ERROR] Permissions policy violation: compute-pressure is not allowed in this document. @ https://www.youtube.com/s/player/4fd832e7/player_embed_es6.vflset/en_GB/base.js:5401
[  133685ms] [WARNING] The powerPreference option is currently ignored when calling requestAdapter() on Windows. See https://crbug.com/369219127 @ :0
[  133767ms] [WARNING] The powerPreference option is currently ignored when calling requestAdapter() on Windows. See https://crbug.com/369219127 @ :0
[  133830ms] [WARNING] The powerPreference option is currently ignored when calling requestAdapter() on Windows. See https://crbug.com/369219127 @ :0
[  133838ms] [WARNING] The powerPreference option is currently ignored when calling requestAdapter() on Windows. See https://crbug.com/369219127 @ :0
[  133845ms] [WARNING] The powerPreference option is currently ignored when calling requestAdapter() on Windows. See https://crbug.com/369219127 @ :0
[  140177ms] [ERROR] Failed to load resource: the server responded with a status of 502 () @ https://www.youtube.com/api/stats/qoe?fmt=396&afmt=251&cpn=r7vDFK2h4KeAQGLe&el=embedded&ns=yt&fexp=v1%2C100673025%2C627%2C-76669008%2C27058999%2C34656%2C124674%2C117689%2C9252%2C16509%2C23206%2C100702%2C15105%2C25059%2C4174%2C30447%2C18705%2C26008%2C28442%2C661%2C6621%2C2783%2C23826%2C9500%2C1840%2C29674%2C85752%2C4200%2C30113%2C9181%2C15416%2C5448%2C32119%2C6032%2C1168%2C372%2C7758%2C19625%2C14696%2C11462%2C29065%2C17223%2C10303%2C3027%2C11615%2C2%2C14922%2C5009%2C3%2C3%2C12070%2C3918%2C12244%2C1262%2C19322%2C5059%2C3978%2C1538%2C19324%2C10707%2C14239%2C2073%2C6085%2C971%2C1237%2C36544%2C4873%2C6186&cl=982145520&seq=2&docid=QKBa8lt5Wfo&ei=d2iuaviwM5mdssUPhdKMwQ4&event=streamingstats&plid=AAZb08GO-TRk7VVi&cbr=Chrome&cbrver=153.0.0.0&c=WEB_EMBEDDED_PLAYER&cver=2.20260918.01.00&cplayer=UNIPLAYER&cos=Windows&cosver=10.0&cplatform=DESKTOP&bwm=3.365:168671:0.763,10.019:937138:6.036&bwe=3.365:212451,10.019:91712&bat=3.365:1:1,10.019:1:1&cmt=3.365:0.078,4.126:0.841,10.019:6.725&bh=3.365:5.333,10.019:25.277&vps=3.365:PL,10.019:PL&user_intent=0.007&cfs=3.979:a.en:::s&df=10.019:0&qclc=ChByN3ZERksyaDRLZUFRR0xlEAI:0
[    9619ms] [WARNING] The powerPreference option is currently ignored when calling requestAdapter() on Windows. See https://crbug.com/369219127 @ :0
[   11150ms] [WARNING] The powerPreference option is currently ignored when calling requestAdapter() on Windows. See https://crbug.com/369219127 @ :0
[   14441ms] [WARNING] The powerPreference option is currently ignored when calling requestAdapter() on Windows. See https://crbug.com/369219127 @ :0
[   14701ms] [WARNING] The powerPreference option is currently ignored when calling requestAdapter() on Windows. See https://crbug.com/369219127 @ :0
[   14714ms] [WARNING] The powerPreference option is currently ignored when calling requestAdapter() on Windows. See https://crbug.com/369219127 @ :0
[   14726ms] [WARNING] The powerPreference option is currently ignored when calling requestAdapter() on Windows. See https://crbug.com/369219127 @ :0
[   14735ms] [WARNING] The powerPreference option is currently ignored when calling requestAdapter() on Windows. See https://crbug.com/369219127 @ :0
[   14748ms] [WARNING] The powerPreference option is currently ignored when calling requestAdapter() on Windows. See https://crbug.com/369219127 @ :0
[   14760ms] [WARNING] The powerPreference option is currently ignored when calling requestAdapter() on Windows. See https://crbug.com/369219127 @ :0
[   14769ms] [WARNING] The powerPreference option is currently ignored when calling requestAdapter() on Windows. See https://crbug.com/369219127 @ :0
[   14779ms] [WARNING] The powerPreference option is currently ignored when calling requestAdapter() on Windows. See https://crbug.com/369219127 @ :0
[   14787ms] [WARNING] The powerPreference option is currently ignored when calling requestAdapter() on Windows. See https://crbug.com/369219127 @ :0
[   14801ms] [WARNING] The powerPreference option is currently ignored when calling requestAdapter() on Windows. See https://crbug.com/369219127 @ :0
[   14810ms] [WARNING] The powerPreference option is currently ignored when calling requestAdapter() on Windows. See https://crbug.com/369219127 @ :0
[   22860ms] [WARNING] The powerPreference option is currently ignored when calling requestAdapter() on Windows. See https://crbug.com/369219127 @ :0
[   42134ms] [WARNING] The powerPreference option is currently ignored when calling requestAdapter() on Windows. See https://crbug.com/369219127 @ :0
[   62548ms] [WARNING] The powerPreference option is currently ignored when calling requestAdapter() on Windows. See https://crbug.com/369219127 @ :0
[   85051ms] [WARNING] The powerPreference option is currently ignored when calling requestAdapter() on Windows. See https://crbug.com/369219127 @ :0
[  104550ms] [ERROR] Permissions policy violation: compute-pressure is not allowed in this document. @ https://www.youtube.com/s/player/4fd832e7/player_embed_es6.vflset/en_GB/base.js:5401
[  104708ms] [ERROR] Permissions policy violation: compute-pressure is not allowed in this document. @ https://www.youtube.com/s/player/4fd832e7/player_embed_es6.vflset/en_GB/base.js:5401
[  107140ms] [ERROR] Permissions policy violation: compute-pressure is not allowed in this document. @ https://www.youtube.com/s/player/4fd832e7/player_embed_es6.vflset/en_GB/base.js:5401
[  107148ms] [ERROR] Permissions policy violation: compute-pressure is not allowed in this document. @ https://www.youtube.com/s/player/4fd832e7/player_embed_es6.vflset/en_GB/base.js:5401
[  107233ms] [ERROR] Permissions policy violation: compute-pressure is not allowed in this document. @ https://www.youtube.com/s/player/4fd832e7/player_embed_es6.vflset/en_GB/base.js:5401
[  107240ms] [ERROR] Permissions policy violation: compute-pressure is not allowed in this document. @ https://www.youtube.com/s/player/4fd832e7/player_embed_es6.vflset/en_GB/base.js:5401
[  107400ms] [WARNING] The powerPreference option is currently ignored when calling requestAdapter() on Windows. See https://crbug.com/369219127 @ :0
[  107642ms] [WARNING] The powerPreference option is currently ignored when calling requestAdapter() on Windows. See https://crbug.com/369219127 @ :0
[  107834ms] [WARNING] The powerPreference option is currently ignored when calling requestAdapter() on Windows. See https://crbug.com/369219127 @ :0
[  107844ms] [WARNING] The powerPreference option is currently ignored when calling requestAdapter() on Windows. See https://crbug.com/369219127 @ :0
[  108009ms] [WARNING] The powerPreference option is currently ignored when calling requestAdapter() on Windows. See https://crbug.com/369219127 @ :0
[  108026ms] [WARNING] The powerPreference option is currently ignored when calling requestAdapter() on Windows. See https://crbug.com/369219127 @ :0
[  108044ms] [WARNING] The powerPreference option is currently ignored when calling requestAdapter() on Windows. See https://crbug.com/369219127 @ :0
[  130088ms] [ERROR] Permissions policy violation: compute-pressure is not allowed in this document. @ https://www.youtube.com/s/player/4fd832e7/player_embed_es6.vflset/en_GB/base.js:5401
[  131504ms] [ERROR] Permissions policy violation: compute-pressure is not allowed in this document. @ https://www.youtube.com/s/player/4fd832e7/player_embed_es6.vflset/en_GB/base.js:5401
[  133685ms] [WARNING] The powerPreference option is currently ignored when calling requestAdapter() on Windows. See https://crbug.com/369219127 @ :0
[  133767ms] [WARNING] The powerPreference option is currently ignored when calling requestAdapter() on Windows. See https://crbug.com/369219127 @ :0
[  133830ms] [WARNING] The powerPreference option is currently ignored when calling requestAdapter() on Windows. See https://crbug.com/369219127 @ :0
[  133838ms] [WARNING] The powerPreference option is currently ignored when calling requestAdapter() on Windows. See https://crbug.com/369219127 @ :0
[  133845ms] [WARNING] The powerPreference option is currently ignored when calling requestAdapter() on Windows. See https://crbug.com/369219127 @ :0
[  140177ms] [ERROR] Failed to load resource: the server responded with a status of 502 () @ https://www.youtube.com/api/stats/qoe?fmt=396&afmt=251&cpn=r7vDFK2h4KeAQGLe&el=embedded&ns=yt&fexp=v1%2C100673025%2C627%2C-76669008%2C27058999%2C34656%2C124674%2C117689%2C9252%2C16509%2C23206%2C100702%2C15105%2C25059%2C4174%2C30447%2C18705%2C26008%2C28442%2C661%2C6621%2C2783%2C23826%2C9500%2C1840%2C29674%2C85752%2C4200%2C30113%2C9181%2C15416%2C5448%2C32119%2C6032%2C1168%2C372%2C7758%2C19625%2C14696%2C11462%2C29065%2C17223%2C10303%2C3027%2C11615%2C2%2C14922%2C5009%2C3%2C3%2C12070%2C3918%2C12244%2C1262%2C19322%2C5059%2C3978%2C1538%2C19324%2C10707%2C14239%2C2073%2C6085%2C971%2C1237%2C36544%2C4873%2C6186&cl=982145520&seq=2&docid=QKBa8lt5Wfo&ei=d2iuaviwM5mdssUPhdKMwQ4&event=streamingstats&plid=AAZb08GO-TRk7VVi&cbr=Chrome&cbrver=153.0.0.0&c=WEB_EMBEDDED_PLAYER&cver=2.20260918.01.00&cplayer=UNIPLAYER&cos=Windows&cosver=10.0&cplatform=DESKTOP&bwm=3.365:168671:0.763,10.019:937138:6.036&bwe=3.365:212451,10.019:91712&bat=3.365:1:1,10.019:1:1&cmt=3.365:0.078,4.126:0.841,10.019:6.725&bh=3.365:5.333,10.019:25.277&vps=3.365:PL,10.019:PL&user_intent=0.007&cfs=3.979:a.en:::s&df=10.019:0&qclc=ChByN3ZERksyaDRLZUFRR0xlEAI:0
[    9619ms] [WARNING] The powerPreference option is currently ignored when calling requestAdapter() on Windows. See https://crbug.com/369219127 @ :0
[   11150ms] [WARNING] The powerPreference option is currently ignored when calling requestAdapter() on Windows. See https://crbug.com/369219127 @ :0
[   14441ms] [WARNING] The powerPreference option is currently ignored when calling requestAdapter() on Windows. See https://crbug.com/369219127 @ :0
[   14701ms] [WARNING] The powerPreference option is currently ignored when calling requestAdapter() on Windows. See https://crbug.com/369219127 @ :0
[   14714ms] [WARNING] The powerPreference option is currently ignored when calling requestAdapter() on Windows. See https://crbug.com/369219127 @ :0
[   14726ms] [WARNING] The powerPreference option is currently ignored when calling requestAdapter() on Windows. See https://crbug.com/369219127 @ :0
[   14735ms] [WARNING] The powerPreference option is currently ignored when calling requestAdapter() on Windows. See https://crbug.com/369219127 @ :0
[   14748ms] [WARNING] The powerPreference option is currently ignored when calling requestAdapter() on Windows. See https://crbug.com/369219127 @ :0
[   14760ms] [WARNING] The powerPreference option is currently ignored when calling requestAdapter() on Windows. See https://crbug.com/369219127 @ :0
[   14769ms] [WARNING] The powerPreference option is currently ignored when calling requestAdapter() on Windows. See https://crbug.com/369219127 @ :0
[   14779ms] [WARNING] The powerPreference option is currently ignored when calling requestAdapter() on Windows. See https://crbug.com/369219127 @ :0
[   14787ms] [WARNING] The powerPreference option is currently ignored when calling requestAdapter() on Windows. See https://crbug.com/369219127 @ :0
[   14801ms] [WARNING] The powerPreference option is currently ignored when calling requestAdapter() on Windows. See https://crbug.com/369219127 @ :0
[   14810ms] [WARNING] The powerPreference option is currently ignored when calling requestAdapter() on Windows. See https://crbug.com/369219127 @ :0
[   22860ms] [WARNING] The powerPreference option is currently ignored when calling requestAdapter() on Windows. See https://crbug.com/369219127 @ :0
[   42134ms] [WARNING] The powerPreference option is currently ignored when calling requestAdapter() on Windows. See https://crbug.com/369219127 @ :0
[   62548ms] [WARNING] The powerPreference option is currently ignored when calling requestAdapter() on Windows. See https://crbug.com/369219127 @ :0
[   85051ms] [WARNING] The powerPreference option is currently ignored when calling requestAdapter() on Windows. See https://crbug.com/369219127 @ :0
[  104550ms] [ERROR] Permissions policy violation: compute-pressure is not allowed in this document. @ https://www.youtube.com/s/player/4fd832e7/player_embed_es6.vflset/en_GB/base.js:5401
[  104708ms] [ERROR] Permissions policy violation: compute-pressure is not allowed in this document. @ https://www.youtube.com/s/player/4fd832e7/player_embed_es6.vflset/en_GB/base.js:5401
[  107140ms] [ERROR] Permissions policy violation: compute-pressure is not allowed in this document. @ https://www.youtube.com/s/player/4fd832e7/player_embed_es6.vflset/en_GB/base.js:5401
[  107148ms] [ERROR] Permissions policy violation: compute-pressure is not allowed in this document. @ https://www.youtube.com/s/player/4fd832e7/player_embed_es6.vflset/en_GB/base.js:5401
[  107233ms] [ERROR] Permissions policy violation: compute-pressure is not allowed in this document. @ https://www.youtube.com/s/player/4fd832e7/player_embed_es6.vflset/en_GB/base.js:5401
[  107240ms] [ERROR] Permissions policy violation: compute-pressure is not allowed in this document. @ https://www.youtube.com/s/player/4fd832e7/player_embed_es6.vflset/en_GB/base.js:5401
[  107400ms] [WARNING] The powerPreference option is currently ignored when calling requestAdapter() on Windows. See https://crbug.com/369219127 @ :0
[  107642ms] [WARNING] The powerPreference option is currently ignored when calling requestAdapter() on Windows. See https://crbug.com/369219127 @ :0
[  107834ms] [WARNING] The powerPreference option is currently ignored when calling requestAdapter() on Windows. See https://crbug.com/369219127 @ :0
[  107844ms] [WARNING] The powerPreference option is currently ignored when calling requestAdapter() on Windows. See https://crbug.com/369219127 @ :0
[  108009ms] [WARNING] The powerPreference option is currently ignored when calling requestAdapter() on Windows. See https://crbug.com/369219127 @ :0
[  108026ms] [WARNING] The powerPreference option is currently ignored when calling requestAdapter() on Windows. See https://crbug.com/369219127 @ :0
[  108044ms] [WARNING] The powerPreference option is currently ignored when calling requestAdapter() on Windows. See https://crbug.com/369219127 @ :0
[  130088ms] [ERROR] Permissions policy violation: compute-pressure is not allowed in this document. @ https://www.youtube.com/s/player/4fd832e7/player_embed_es6.vflset/en_GB/base.js:5401
[  131504ms] [ERROR] Permissions policy violation: compute-pressure is not allowed in this document. @ https://www.youtube.com/s/player/4fd832e7/player_embed_es6.vflset/en_GB/base.js:5401
[  133685ms] [WARNING] The powerPreference option is currently ignored when calling requestAdapter() on Windows. See https://crbug.com/369219127 @ :0
[  133767ms] [WARNING] The powerPreference option is currently ignored when calling requestAdapter() on Windows. See https://crbug.com/369219127 @ :0
[  133830ms] [WARNING] The powerPreference option is currently ignored when calling requestAdapter() on Windows. See https://crbug.com/369219127 @ :0
[  133838ms] [WARNING] The powerPreference option is currently ignored when calling requestAdapter() on Windows. See https://crbug.com/369219127 @ :0
[  133845ms] [WARNING] The powerPreference option is currently ignored when calling requestAdapter() on Windows. See https://crbug.com/369219127 @ :0
[  140177ms] [ERROR] Failed to load resource: the server responded with a status of 502 () @ https://www.youtube.com/api/stats/qoe?fmt=396&afmt=251&cpn=r7vDFK2h4KeAQGLe&el=embedded&ns=yt&fexp=v1%2C100673025%2C627%2C-76669008%2C27058999%2C34656%2C124674%2C117689%2C9252%2C16509%2C23206%2C100702%2C15105%2C25059%2C4174%2C30447%2C18705%2C26008%2C28442%2C661%2C6621%2C2783%2C23826%2C9500%2C1840%2C29674%2C85752%2C4200%2C30113%2C9181%2C15416%2C5448%2C32119%2C6032%2C1168%2C372%2C7758%2C19625%2C14696%2C11462%2C29065%2C17223%2C10303%2C3027%2C11615%2C2%2C14922%2C5009%2C3%2C3%2C12070%2C3918%2C12244%2C1262%2C19322%2C5059%2C3978%2C1538%2C19324%2C10707%2C14239%2C2073%2C6085%2C971%2C1237%2C36544%2C4873%2C6186&cl=982145520&seq=2&docid=QKBa8lt5Wfo&ei=d2iuaviwM5mdssUPhdKMwQ4&event=streamingstats&plid=AAZb08GO-TRk7VVi&cbr=Chrome&cbrver=153.0.0.0&c=WEB_EMBEDDED_PLAYER&cver=2.20260918.01.00&cplayer=UNIPLAYER&cos=Windows&cosver=10.0&cplatform=DESKTOP&bwm=3.365:168671:0.763,10.019:937138:6.036&bwe=3.365:212451,10.019:91712&bat=3.365:1:1,10.019:1:1&cmt=3.365:0.078,4.126:0.841,10.019:6.725&bh=3.365:5.333,10.019:25.277&vps=3.365:PL,10.019:PL&user_intent=0.007&cfs=3.979:a.en:::s&df=10.019:0&qclc=ChByN3ZERksyaDRLZUFRR0xlEAI:0
[    9619ms] [WARNING] The powerPreference option is currently ignored when calling requestAdapter() on Windows. See https://crbug.com/369219127 @ :0
[   11150ms] [WARNING] The powerPreference option is currently ignored when calling requestAdapter() on Windows. See https://crbug.com/369219127 @ :0
[   14441ms] [WARNING] The powerPreference option is currently ignored when calling requestAdapter() on Windows. See https://crbug.com/369219127 @ :0
[   14701ms] [WARNING] The powerPreference option is currently ignored when calling requestAdapter() on Windows. See https://crbug.com/369219127 @ :0
[   14714ms] [WARNING] The powerPreference option is currently ignored when calling requestAdapter() on Windows. See https://crbug.com/369219127 @ :0
[   14726ms] [WARNING] The powerPreference option is currently ignored when calling requestAdapter() on Windows. See https://crbug.com/369219127 @ :0
[   14735ms] [WARNING] The powerPreference option is currently ignored when calling requestAdapter() on Windows. See https://crbug.com/369219127 @ :0
[   14748ms] [WARNING] The powerPreference option is currently ignored when calling requestAdapter() on Windows. See https://crbug.com/369219127 @ :0
[   14760ms] [WARNING] The powerPreference option is currently ignored when calling requestAdapter() on Windows. See https://crbug.com/369219127 @ :0
[   14769ms] [WARNING] The powerPreference option is currently ignored when calling requestAdapter() on Windows. See https://crbug.com/369219127 @ :0
[   14779ms] [WARNING] The powerPreference option is currently ignored when calling requestAdapter() on Windows. See https://crbug.com/369219127 @ :0
[   14787ms] [WARNING] The powerPreference option is currently ignored when calling requestAdapter() on Windows. See https://crbug.com/369219127 @ :0
[   14801ms] [WARNING] The powerPreference option is currently ignored when calling requestAdapter() on Windows. See https://crbug.com/369219127 @ :0
[   14810ms] [WARNING] The powerPreference option is currently ignored when calling requestAdapter() on Windows. See https://crbug.com/369219127 @ :0
[   22860ms] [WARNING] The powerPreference option is currently ignored when calling requestAdapter() on Windows. See https://crbug.com/369219127 @ :0
[   42134ms] [WARNING] The powerPreference option is currently ignored when calling requestAdapter() on Windows. See https://crbug.com/369219127 @ :0
[   62548ms] [WARNING] The powerPreference option is currently ignored when calling requestAdapter() on Windows. See https://crbug.com/369219127 @ :0
[   85051ms] [WARNING] The powerPreference option is currently ignored when calling requestAdapter() on Windows. See https://crbug.com/369219127 @ :0
[  104550ms] [ERROR] Permissions policy violation: compute-pressure is not allowed in this document. @ https://www.youtube.com/s/player/4fd832e7/player_embed_es6.vflset/en_GB/base.js:5401
[  104708ms] [ERROR] Permissions policy violation: compute-pressure is not allowed in this document. @ https://www.youtube.com/s/player/4fd832e7/player_embed_es6.vflset/en_GB/base.js:5401
[  107140ms] [ERROR] Permissions policy violation: compute-pressure is not allowed in this document. @ https://www.youtube.com/s/player/4fd832e7/player_embed_es6.vflset/en_GB/base.js:5401
[  107148ms] [ERROR] Permissions policy violation: compute-pressure is not allowed in this document. @ https://www.youtube.com/s/player/4fd832e7/player_embed_es6.vflset/en_GB/base.js:5401
[  107233ms] [ERROR] Permissions policy violation: compute-pressure is not allowed in this document. @ https://www.youtube.com/s/player/4fd832e7/player_embed_es6.vflset/en_GB/base.js:5401
[  107240ms] [ERROR] Permissions policy violation: compute-pressure is not allowed in this document. @ https://www.youtube.com/s/player/4fd832e7/player_embed_es6.vflset/en_GB/base.js:5401
[  107400ms] [WARNING] The powerPreference option is currently ignored when calling requestAdapter() on Windows. See https://crbug.com/369219127 @ :0
[  107642ms] [WARNING] The powerPreference option is currently ignored when calling requestAdapter() on Windows. See https://crbug.com/369219127 @ :0
[  107834ms] [WARNING] The powerPreference option is currently ignored when calling requestAdapter() on Windows. See https://crbug.com/369219127 @ :0
[  107844ms] [WARNING] The powerPreference option is currently ignored when calling requestAdapter() on Windows. See https://crbug.com/369219127 @ :0
[  108009ms] [WARNING] The powerPreference option is currently ignored when calling requestAdapter() on Windows. See https://crbug.com/369219127 @ :0
[  108026ms] [WARNING] The powerPreference option is currently ignored when calling requestAdapter() on Windows. See https://crbug.com/369219127 @ :0
[  108044ms] [WARNING] The powerPreference option is currently ignored when calling requestAdapter() on Windows. See https://crbug.com/369219127 @ :0
[  130088ms] [ERROR] Permissions policy violation: compute-pressure is not allowed in this document. @ https://www.youtube.com/s/player/4fd832e7/player_embed_es6.vflset/en_GB/base.js:5401
[  131504ms] [ERROR] Permissions policy violation: compute-pressure is not allowed in this document. @ https://www.youtube.com/s/player/4fd832e7/player_embed_es6.vflset/en_GB/base.js:5401
[  133685ms] [WARNING] The powerPreference option is currently ignored when calling requestAdapter() on Windows. See https://crbug.com/369219127 @ :0
[  133767ms] [WARNING] The powerPreference option is currently ignored when calling requestAdapter() on Windows. See https://crbug.com/369219127 @ :0
[  133830ms] [WARNING] The powerPreference option is currently ignored when calling requestAdapter() on Windows. See https://crbug.com/369219127 @ :0
[  133838ms] [WARNING] The powerPreference option is currently ignored when calling requestAdapter() on Windows. See https://crbug.com/369219127 @ :0
[  133845ms] [WARNING] The powerPreference option is currently ignored when calling requestAdapter() on Windows. See https://crbug.com/369219127 @ :0
[  140177ms] [ERROR] Failed to load resource: the server responded with a status of 502 () @ https://www.youtube.com/api/stats/qoe?fmt=396&afmt=251&cpn=r7vDFK2h4KeAQGLe&el=embedded&ns=yt&fexp=v1%2C100673025%2C627%2C-76669008%2C27058999%2C34656%2C124674%2C117689%2C9252%2C16509%2C23206%2C100702%2C15105%2C25059%2C4174%2C30447%2C18705%2C26008%2C28442%2C661%2C6621%2C2783%2C23826%2C9500%2C1840%2C29674%2C85752%2C4200%2C30113%2C9181%2C15416%2C5448%2C32119%2C6032%2C1168%2C372%2C7758%2C19625%2C14696%2C11462%2C29065%2C17223%2C10303%2C3027%2C11615%2C2%2C14922%2C5009%2C3%2C3%2C12070%2C3918%2C12244%2C1262%2C19322%2C5059%2C3978%2C1538%2C19324%2C10707%2C14239%2C2073%2C6085%2C971%2C1237%2C36544%2C4873%2C6186&cl=982145520&seq=2&docid=QKBa8lt5Wfo&ei=d2iuaviwM5mdssUPhdKMwQ4&event=streamingstats&plid=AAZb08GO-TRk7VVi&cbr=Chrome&cbrver=153.0.0.0&c=WEB_EMBEDDED_PLAYER&cver=2.20260918.01.00&cplayer=UNIPLAYER&cos=Windows&cosver=10.0&cplatform=DESKTOP&bwm=3.365:168671:0.763,10.019:937138:6.036&bwe=3.365:212451,10.019:91712&bat=3.365:1:1,10.019:1:1&cmt=3.365:0.078,4.126:0.841,10.019:6.725&bh=3.365:5.333,10.019:25.277&vps=3.365:PL,10.019:PL&user_intent=0.007&cfs=3.979:a.en:::s&df=10.019:0&qclc=ChByN3ZERksyaDRLZUFRR0xlEAI:0
[    9619ms] [WARNING] The powerPreference option is currently ignored when calling requestAdapter() on Windows. See https://crbug.com/369219127 @ :0
[   11150ms] [WARNING] The powerPreference option is currently ignored when calling requestAdapter() on Windows. See https://crbug.com/369219127 @ :0
[   14441ms] [WARNING] The powerPreference option is currently ignored when calling requestAdapter() on Windows. See https://crbug.com/369219127 @ :0
[   14701ms] [WARNING] The powerPreference option is currently ignored when calling requestAdapter() on Windows. See https://crbug.com/369219127 @ :0
[   14714ms] [WARNING] The powerPreference option is currently ignored when calling requestAdapter() on Windows. See https://crbug.com/369219127 @ :0
[   14726ms] [WARNING] The powerPreference option is currently ignored when calling requestAdapter() on Windows. See https://crbug.com/369219127 @ :0
[   14735ms] [WARNING] The powerPreference option is currently ignored when calling requestAdapter() on Windows. See https://crbug.com/369219127 @ :0
[   14748ms] [WARNING] The powerPreference option is currently ignored when calling requestAdapter() on Windows. See https://crbug.com/369219127 @ :0
[   14760ms] [WARNING] The powerPreference option is currently ignored when calling requestAdapter() on Windows. See https://crbug.com/369219127 @ :0
[   14769ms] [WARNING] The powerPreference option is currently ignored when calling requestAdapter() on Windows. See https://crbug.com/369219127 @ :0
[   14779ms] [WARNING] The powerPreference option is currently ignored when calling requestAdapter() on Windows. See https://crbug.com/369219127 @ :0
[   14787ms] [WARNING] The powerPreference option is currently ignored when calling requestAdapter() on Windows. See https://crbug.com/369219127 @ :0
[   14801ms] [WARNING] The powerPreference option is currently ignored when calling requestAdapter() on Windows. See https://crbug.com/369219127 @ :0
[   14810ms] [WARNING] The powerPreference option is currently ignored when calling requestAdapter() on Windows. See https://crbug.com/369219127 @ :0
[   22860ms] [WARNING] The powerPreference option is currently ignored when calling requestAdapter() on Windows. See https://crbug.com/369219127 @ :0
[   42134ms] [WARNING] The powerPreference option is currently ignored when calling requestAdapter() on Windows. See https://crbug.com/369219127 @ :0
[   62548ms] [WARNING] The powerPreference option is currently ignored when calling requestAdapter() on Windows. See https://crbug.com/369219127 @ :0
[   85051ms] [WARNING] The powerPreference option is currently ignored when calling requestAdapter() on Windows. See https://crbug.com/369219127 @ :0
[  104550ms] [ERROR] Permissions policy violation: compute-pressure is not allowed in this document. @ https://www.youtube.com/s/player/4fd832e7/player_embed_es6.vflset/en_GB/base.js:5401
[  104708ms] [ERROR] Permissions policy violation: compute-pressure is not allowed in this document. @ https://www.youtube.com/s/player/4fd832e7/player_embed_es6.vflset/en_GB/base.js:5401
[  107140ms] [ERROR] Permissions policy violation: compute-pressure is not allowed in this document. @ https://www.youtube.com/s/player/4fd832e7/player_embed_es6.vflset/en_GB/base.js:5401
[  107148ms] [ERROR] Permissions policy violation: compute-pressure is not allowed in this document. @ https://www.youtube.com/s/player/4fd832e7/player_embed_es6.vflset/en_GB/base.js:5401
[  107233ms] [ERROR] Permissions policy violation: compute-pressure is not allowed in this document. @ https://www.youtube.com/s/player/4fd832e7/player_embed_es6.vflset/en_GB/base.js:5401
[  107240ms] [ERROR] Permissions policy violation: compute-pressure is not allowed in this document. @ https://www.youtube.com/s/player/4fd832e7/player_embed_es6.vflset/en_GB/base.js:5401
[  107400ms] [WARNING] The powerPreference option is currently ignored when calling requestAdapter() on Windows. See https://crbug.com/369219127 @ :0
[  107642ms] [WARNING] The powerPreference option is currently ignored when calling requestAdapter() on Windows. See https://crbug.com/369219127 @ :0
[  107834ms] [WARNING] The powerPreference option is currently ignored when calling requestAdapter() on Windows. See https://crbug.com/369219127 @ :0
[  107844ms] [WARNING] The powerPreference option is currently ignored when calling requestAdapter() on Windows. See https://crbug.com/369219127 @ :0
[  108009ms] [WARNING] The powerPreference option is currently ignored when calling requestAdapter() on Windows. See https://crbug.com/369219127 @ :0
[  108026ms] [WARNING] The powerPreference option is currently ignored when calling requestAdapter() on Windows. See https://crbug.com/369219127 @ :0
[  108044ms] [WARNING] The powerPreference option is currently ignored when calling requestAdapter() on Windows. See https://crbug.com/369219127 @ :0
[  130088ms] [ERROR] Permissions policy violation: compute-pressure is not allowed in this document. @ https://www.youtube.com/s/player/4fd832e7/player_embed_es6.vflset/en_GB/base.js:5401
[  131504ms] [ERROR] Permissions policy violation: compute-pressure is not allowed in this document. @ https://www.youtube.com/s/player/4fd832e7/player_embed_es6.vflset/en_GB/base.js:5401
[  133685ms] [WARNING] The powerPreference option is currently ignored when calling requestAdapter() on Windows. See https://crbug.com/369219127 @ :0
[  133767ms] [WARNING] The powerPreference option is currently ignored when calling requestAdapter() on Windows. See https://crbug.com/369219127 @ :0
[  133830ms] [WARNING] The powerPreference option is currently ignored when calling requestAdapter() on Windows. See https://crbug.com/369219127 @ :0
[  133838ms] [WARNING] The powerPreference option is currently ignored when calling requestAdapter() on Windows. See https://crbug.com/369219127 @ :0
[  133845ms] [WARNING] The powerPreference option is currently ignored when calling requestAdapter() on Windows. See https://crbug.com/369219127 @ :0
[  140177ms] [ERROR] Failed to load resource: the server responded with a status of 502 () @ https://www.youtube.com/api/stats/qoe?fmt=396&afmt=251&cpn=r7vDFK2h4KeAQGLe&el=embedded&ns=yt&fexp=v1%2C100673025%2C627%2C-76669008%2C27058999%2C34656%2C124674%2C117689%2C9252%2C16509%2C23206%2C100702%2C15105%2C25059%2C4174%2C30447%2C18705%2C26008%2C28442%2C661%2C6621%2C2783%2C23826%2C9500%2C1840%2C29674%2C85752%2C4200%2C30113%2C9181%2C15416%2C5448%2C32119%2C6032%2C1168%2C372%2C7758%2C19625%2C14696%2C11462%2C29065%2C17223%2C10303%2C3027%2C11615%2C2%2C14922%2C5009%2C3%2C3%2C12070%2C3918%2C12244%2C1262%2C19322%2C5059%2C3978%2C1538%2C19324%2C10707%2C14239%2C2073%2C6085%2C971%2C1237%2C36544%2C4873%2C6186&cl=982145520&seq=2&docid=QKBa8lt5Wfo&ei=d2iuaviwM5mdssUPhdKMwQ4&event=streamingstats&plid=AAZb08GO-TRk7VVi&cbr=Chrome&cbrver=153.0.0.0&c=WEB_EMBEDDED_PLAYER&cver=2.20260918.01.00&cplayer=UNIPLAYER&cos=Windows&cosver=10.0&cplatform=DESKTOP&bwm=3.365:168671:0.763,10.019:937138:6.036&bwe=3.365:212451,10.019:91712&bat=3.365:1:1,10.019:1:1&cmt=3.365:0.078,4.126:0.841,10.019:6.725&bh=3.365:5.333,10.019:25.277&vps=3.365:PL,10.019:PL&user_intent=0.007&cfs=3.979:a.en:::s&df=10.019:0&qclc=ChByN3ZERksyaDRLZUFRR0xlEAI:0
[    9619ms] [WARNING] The powerPreference option is currently ignored when calling requestAdapter() on Windows. See https://crbug.com/369219127 @ :0
[   11150ms] [WARNING] The powerPreference option is currently ignored when calling requestAdapter() on Windows. See https://crbug.com/369219127 @ :0
[   14441ms] [WARNING] The powerPreference option is currently ignored when calling requestAdapter() on Windows. See https://crbug.com/369219127 @ :0
[   14701ms] [WARNING] The powerPreference option is currently ignored when calling requestAdapter() on Windows. See https://crbug.com/369219127 @ :0
[   14714ms] [WARNING] The powerPreference option is currently ignored when calling requestAdapter() on Windows. See https://crbug.com/369219127 @ :0
[   14726ms] [WARNING] The powerPreference option is currently ignored when calling requestAdapter() on Windows. See https://crbug.com/369219127 @ :0
[   14735ms] [WARNING] The powerPreference option is currently ignored when calling requestAdapter() on Windows. See https://crbug.com/369219127 @ :0
[   14748ms] [WARNING] The powerPreference option is currently ignored when calling requestAdapter() on Windows. See https://crbug.com/369219127 @ :0
[   14760ms] [WARNING] The powerPreference option is currently ignored when calling requestAdapter() on Windows. See https://crbug.com/369219127 @ :0
[   14769ms] [WARNING] The powerPreference option is currently ignored when calling requestAdapter() on Windows. See https://crbug.com/369219127 @ :0
[   14779ms] [WARNING] The powerPreference option is currently ignored when calling requestAdapter() on Windows. See https://crbug.com/369219127 @ :0
[   14787ms] [WARNING] The powerPreference option is currently ignored when calling requestAdapter() on Windows. See https://crbug.com/369219127 @ :0
[   14801ms] [WARNING] The powerPreference option is currently ignored when calling requestAdapter() on Windows. See https://crbug.com/369219127 @ :0
[   14810ms] [WARNING] The powerPreference option is currently ignored when calling requestAdapter() on Windows. See https://crbug.com/369219127 @ :0
[   22860ms] [WARNING] The powerPreference option is currently ignored when calling requestAdapter() on Windows. See https://crbug.com/369219127 @ :0
[   42134ms] [WARNING] The powerPreference option is currently ignored when calling requestAdapter() on Windows. See https://crbug.com/369219127 @ :0
[   62548ms] [WARNING] The powerPreference option is currently ignored when calling requestAdapter() on Windows. See https://crbug.com/369219127 @ :0
[   85051ms] [WARNING] The powerPreference option is currently ignored when calling requestAdapter() on Windows. See https://crbug.com/369219127 @ :0
[  104550ms] [ERROR] Permissions policy violation: compute-pressure is not allowed in this document. @ https://www.youtube.com/s/player/4fd832e7/player_embed_es6.vflset/en_GB/base.js:5401
[  104708ms] [ERROR] Permissions policy violation: compute-pressure is not allowed in this document. @ https://www.youtube.com/s/player/4fd832e7/player_embed_es6.vflset/en_GB/base.js:5401
[  107140ms] [ERROR] Permissions policy violation: compute-pressure is not allowed in this document. @ https://www.youtube.com/s/player/4fd832e7/player_embed_es6.vflset/en_GB/base.js:5401
[  107148ms] [ERROR] Permissions policy violation: compute-pressure is not allowed in this document. @ https://www.youtube.com/s/player/4fd832e7/player_embed_es6.vflset/en_GB/base.js:5401
[  107233ms] [ERROR] Permissions policy violation: compute-pressure is not allowed in this document. @ https://www.youtube.com/s/player/4fd832e7/player_embed_es6.vflset/en_GB/base.js:5401
[  107240ms] [ERROR] Permissions policy violation: compute-pressure is not allowed in this document. @ https://www.youtube.com/s/player/4fd832e7/player_embed_es6.vflset/en_GB/base.js:5401
[  107400ms] [WARNING] The powerPreference option is currently ignored when calling requestAdapter() on Windows. See https://crbug.com/369219127 @ :0
[  107642ms] [WARNING] The powerPreference option is currently ignored when calling requestAdapter() on Windows. See https://crbug.com/369219127 @ :0
[  107834ms] [WARNING] The powerPreference option is currently ignored when calling requestAdapter() on Windows. See https://crbug.com/369219127 @ :0
[  107844ms] [WARNING] The powerPreference option is currently ignored when calling requestAdapter() on Windows. See https://crbug.com/369219127 @ :0
[  108009ms] [WARNING] The powerPreference option is currently ignored when calling requestAdapter() on Windows. See https://crbug.com/369219127 @ :0
[  108026ms] [WARNING] The powerPreference option is currently ignored when calling requestAdapter() on Windows. See https://crbug.com/369219127 @ :0
[  108044ms] [WARNING] The powerPreference option is currently ignored when calling requestAdapter() on Windows. See https://crbug.com/369219127 @ :0
[  130088ms] [ERROR] Permissions policy violation: compute-pressure is not allowed in this document. @ https://www.youtube.com/s/player/4fd832e7/player_embed_es6.vflset/en_GB/base.js:5401
[  131504ms] [ERROR] Permissions policy violation: compute-pressure is not allowed in this document. @ https://www.youtube.com/s/player/4fd832e7/player_embed_es6.vflset/en_GB/base.js:5401
[  133685ms] [WARNING] The powerPreference option is currently ignored when calling requestAdapter() on Windows. See https://crbug.com/369219127 @ :0
[  133767ms] [WARNING] The powerPreference option is currently ignored when calling requestAdapter() on Windows. See https://crbug.com/369219127 @ :0
[  133830ms] [WARNING] The powerPreference option is currently ignored when calling requestAdapter() on Windows. See https://crbug.com/369219127 @ :0
[  133838ms] [WARNING] The powerPreference option is currently ignored when calling requestAdapter() on Windows. See https://crbug.com/369219127 @ :0
[  133845ms] [WARNING] The powerPreference option is currently ignored when calling requestAdapter() on Windows. See https://crbug.com/369219127 @ :0
[  140177ms] [ERROR] Failed to load resource: the server responded with a status of 502 () @ https://www.youtube.com/api/stats/qoe?fmt=396&afmt=251&cpn=r7vDFK2h4KeAQGLe&el=embedded&ns=yt&fexp=v1%2C100673025%2C627%2C-76669008%2C27058999%2C34656%2C124674%2C117689%2C9252%2C16509%2C23206%2C100702%2C15105%2C25059%2C4174%2C30447%2C18705%2C26008%2C28442%2C661%2C6621%2C2783%2C23826%2C9500%2C1840%2C29674%2C85752%2C4200%2C30113%2C9181%2C15416%2C5448%2C32119%2C6032%2C1168%2C372%2C7758%2C19625%2C14696%2C11462%2C29065%2C17223%2C10303%2C3027%2C11615%2C2%2C14922%2C5009%2C3%2C3%2C12070%2C3918%2C12244%2C1262%2C19322%2C5059%2C3978%2C1538%2C19324%2C10707%2C14239%2C2073%2C6085%2C971%2C1237%2C36544%2C4873%2C6186&cl=982145520&seq=2&docid=QKBa8lt5Wfo&ei=d2iuaviwM5mdssUPhdKMwQ4&event=streamingstats&plid=AAZb08GO-TRk7VVi&cbr=Chrome&cbrver=153.0.0.0&c=WEB_EMBEDDED_PLAYER&cver=2.20260918.01.00&cplayer=UNIPLAYER&cos=Windows&cosver=10.0&cplatform=DESKTOP&bwm=3.365:168671:0.763,10.019:937138:6.036&bwe=3.365:212451,10.019:91712&bat=3.365:1:1,10.019:1:1&cmt=3.365:0.078,4.126:0.841,10.019:6.725&bh=3.365:5.333,10.019:25.277&vps=3.365:PL,10.019:PL&user_intent=0.007&cfs=3.979:a.en:::s&df=10.019:0&qclc=ChByN3ZERksyaDRLZUFRR0xlEAI:0
[    9619ms] [WARNING] The powerPreference option is currently ignored when calling requestAdapter() on Windows. See https://crbug.com/369219127 @ :0
[   11150ms] [WARNING] The powerPreference option is currently ignored when calling requestAdapter() on Windows. See https://crbug.com/369219127 @ :0
[   14441ms] [WARNING] The powerPreference option is currently ignored when calling requestAdapter() on Windows. See https://crbug.com/369219127 @ :0
[   14701ms] [WARNING] The powerPreference option is currently ignored when calling requestAdapter() on Windows. See https://crbug.com/369219127 @ :0
[   14714ms] [WARNING] The powerPreference option is currently ignored when calling requestAdapter() on Windows. See https://crbug.com/369219127 @ :0
[   14726ms] [WARNING] The powerPreference option is currently ignored when calling requestAdapter() on Windows. See https://crbug.com/369219127 @ :0
[   14735ms] [WARNING] The powerPreference option is currently ignored when calling requestAdapter() on Windows. See https://crbug.com/369219127 @ :0
[   14748ms] [WARNING] The powerPreference option is currently ignored when calling requestAdapter() on Windows. See https://crbug.com/369219127 @ :0
[   14760ms] [WARNING] The powerPreference option is currently ignored when calling requestAdapter() on Windows. See https://crbug.com/369219127 @ :0
[   14769ms] [WARNING] The powerPreference option is currently ignored when calling requestAdapter() on Windows. See https://crbug.com/369219127 @ :0
[   14779ms] [WARNING] The powerPreference option is currently ignored when calling requestAdapter() on Windows. See https://crbug.com/369219127 @ :0
[   14787ms] [WARNING] The powerPreference option is currently ignored when calling requestAdapter() on Windows. See https://crbug.com/369219127 @ :0
[   14801ms] [WARNING] The powerPreference option is currently ignored when calling requestAdapter() on Windows. See https://crbug.com/369219127 @ :0
[   14810ms] [WARNING] The powerPreference option is currently ignored when calling requestAdapter() on Windows. See https://crbug.com/369219127 @ :0
[   22860ms] [WARNING] The powerPreference option is currently ignored when calling requestAdapter() on Windows. See https://crbug.com/369219127 @ :0
[   42134ms] [WARNING] The powerPreference option is currently ignored when calling requestAdapter() on Windows. See https://crbug.com/369219127 @ :0
[   62548ms] [WARNING] The powerPreference option is currently ignored when calling requestAdapter() on Windows. See https://crbug.com/369219127 @ :0
[   85051ms] [WARNING] The powerPreference option is currently ignored when calling requestAdapter() on Windows. See https://crbug.com/369219127 @ :0
[  104550ms] [ERROR] Permissions policy violation: compute-pressure is not allowed in this document. @ https://www.youtube.com/s/player/4fd832e7/player_embed_es6.vflset/en_GB/base.js:5401
[  104708ms] [ERROR] Permissions policy violation: compute-pressure is not allowed in this document. @ https://www.youtube.com/s/player/4fd832e7/player_embed_es6.vflset/en_GB/base.js:5401
[  107140ms] [ERROR] Permissions policy violation: compute-pressure is not allowed in this document. @ https://www.youtube.com/s/player/4fd832e7/player_embed_es6.vflset/en_GB/base.js:5401
[  107148ms] [ERROR] Permissions policy violation: compute-pressure is not allowed in this document. @ https://www.youtube.com/s/player/4fd832e7/player_embed_es6.vflset/en_GB/base.js:5401
[  107233ms] [ERROR] Permissions policy violation: compute-pressure is not allowed in this document. @ https://www.youtube.com/s/player/4fd832e7/player_embed_es6.vflset/en_GB/base.js:5401
[  107240ms] [ERROR] Permissions policy violation: compute-pressure is not allowed in this document. @ https://www.youtube.com/s/player/4fd832e7/player_embed_es6.vflset/en_GB/base.js:5401
[  107400ms] [WARNING] The powerPreference option is currently ignored when calling requestAdapter() on Windows. See https://crbug.com/369219127 @ :0
[  107642ms] [WARNING] The powerPreference option is currently ignored when calling requestAdapter() on Windows. See https://crbug.com/369219127 @ :0
[  107834ms] [WARNING] The powerPreference option is currently ignored when calling requestAdapter() on Windows. See https://crbug.com/369219127 @ :0
[  107844ms] [WARNING] The powerPreference option is currently ignored when calling requestAdapter() on Windows. See https://crbug.com/369219127 @ :0
[  108009ms] [WARNING] The powerPreference option is currently ignored when calling requestAdapter() on Windows. See https://crbug.com/369219127 @ :0
[  108026ms] [WARNING] The powerPreference option is currently ignored when calling requestAdapter() on Windows. See https://crbug.com/369219127 @ :0
[  108044ms] [WARNING] The powerPreference option is currently ignored when calling requestAdapter() on Windows. See https://crbug.com/369219127 @ :0
[  130088ms] [ERROR] Permissions policy violation: compute-pressure is not allowed in this document. @ https://www.youtube.com/s/player/4fd832e7/player_embed_es6.vflset/en_GB/base.js:5401
[  131504ms] [ERROR] Permissions policy violation: compute-pressure is not allowed in this document. @ https://www.youtube.com/s/player/4fd832e7/player_embed_es6.vflset/en_GB/base.js:5401
[  133685ms] [WARNING] The powerPreference option is currently ignored when calling requestAdapter() on Windows. See https://crbug.com/369219127 @ :0
[  133767ms] [WARNING] The powerPreference option is currently ignored when calling requestAdapter() on Windows. See https://crbug.com/369219127 @ :0
[  133830ms] [WARNING] The powerPreference option is currently ignored when calling requestAdapter() on Windows. See https://crbug.com/369219127 @ :0
[  133838ms] [WARNING] The powerPreference option is currently ignored when calling requestAdapter() on Windows. See https://crbug.com/369219127 @ :0
[  133845ms] [WARNING] The powerPreference option is currently ignored when calling requestAdapter() on Windows. See https://crbug.com/369219127 @ :0
[  140177ms] [ERROR] Failed to load resource: the server responded with a status of 502 () @ https://www.youtube.com/api/stats/qoe?fmt=396&afmt=251&cpn=r7vDFK2h4KeAQGLe&el=embedded&ns=yt&fexp=v1%2C100673025%2C627%2C-76669008%2C27058999%2C34656%2C124674%2C117689%2C9252%2C16509%2C23206%2C100702%2C15105%2C25059%2C4174%2C30447%2C18705%2C26008%2C28442%2C661%2C6621%2C2783%2C23826%2C9500%2C1840%2C29674%2C85752%2C4200%2C30113%2C9181%2C15416%2C5448%2C32119%2C6032%2C1168%2C372%2C7758%2C19625%2C14696%2C11462%2C29065%2C17223%2C10303%2C3027%2C11615%2C2%2C14922%2C5009%2C3%2C3%2C12070%2C3918%2C12244%2C1262%2C19322%2C5059%2C3978%2C1538%2C19324%2C10707%2C14239%2C2073%2C6085%2C971%2C1237%2C36544%2C4873%2C6186&cl=982145520&seq=2&docid=QKBa8lt5Wfo&ei=d2iuaviwM5mdssUPhdKMwQ4&event=streamingstats&plid=AAZb08GO-TRk7VVi&cbr=Chrome&cbrver=153.0.0.0&c=WEB_EMBEDDED_PLAYER&cver=2.20260918.01.00&cplayer=UNIPLAYER&cos=Windows&cosver=10.0&cplatform=DESKTOP&bwm=3.365:168671:0.763,10.019:937138:6.036&bwe=3.365:212451,10.019:91712&bat=3.365:1:1,10.019:1:1&cmt=3.365:0.078,4.126:0.841,10.019:6.725&bh=3.365:5.333,10.019:25.277&vps=3.365:PL,10.019:PL&user_intent=0.007&cfs=3.979:a.en:::s&df=10.019:0&qclc=ChByN3ZERksyaDRLZUFRR0xlEAI:0
[    9619ms] [WARNING] The powerPreference option is currently ignored when calling requestAdapter() on Windows. See https://crbug.com/369219127 @ :0
[   11150ms] [WARNING] The powerPreference option is currently ignored when calling requestAdapter() on Windows. See https://crbug.com/369219127 @ :0
[   14441ms] [WARNING] The powerPreference option is currently ignored when calling requestAdapter() on Windows. See https://crbug.com/369219127 @ :0
[   14701ms] [WARNING] The powerPreference option is currently ignored when calling requestAdapter() on Windows. See https://crbug.com/369219127 @ :0
[   14714ms] [WARNING] The powerPreference option is currently ignored when calling requestAdapter() on Windows. See https://crbug.com/369219127 @ :0
[   14726ms] [WARNING] The powerPreference option is currently ignored when calling requestAdapter() on Windows. See https://crbug.com/369219127 @ :0
[   14735ms] [WARNING] The powerPreference option is currently ignored when calling requestAdapter() on Windows. See https://crbug.com/369219127 @ :0
[   14748ms] [WARNING] The powerPreference option is currently ignored when calling requestAdapter() on Windows. See https://crbug.com/369219127 @ :0
[   14760ms] [WARNING] The powerPreference option is currently ignored when calling requestAdapter() on Windows. See https://crbug.com/369219127 @ :0
[   14769ms] [WARNING] The powerPreference option is currently ignored when calling requestAdapter() on Windows. See https://crbug.com/369219127 @ :0
[   14779ms] [WARNING] The powerPreference option is currently ignored when calling requestAdapter() on Windows. See https://crbug.com/369219127 @ :0
[   14787ms] [WARNING] The powerPreference option is currently ignored when calling requestAdapter() on Windows. See https://crbug.com/369219127 @ :0
[   14801ms] [WARNING] The powerPreference option is currently ignored when calling requestAdapter() on Windows. See https://crbug.com/369219127 @ :0
[   14810ms] [WARNING] The powerPreference option is currently ignored when calling requestAdapter() on Windows. See https://crbug.com/369219127 @ :0
[   22860ms] [WARNING] The powerPreference option is currently ignored when calling requestAdapter() on Windows. See https://crbug.com/369219127 @ :0
[   42134ms] [WARNING] The powerPreference option is currently ignored when calling requestAdapter() on Windows. See https://crbug.com/369219127 @ :0
[   62548ms] [WARNING] The powerPreference option is currently ignored when calling requestAdapter() on Windows. See https://crbug.com/369219127 @ :0
[   85051ms] [WARNING] The powerPreference option is currently ignored when calling requestAdapter() on Windows. See https://crbug.com/369219127 @ :0
[  104550ms] [ERROR] Permissions policy violation: compute-pressure is not allowed in this document. @ https://www.youtube.com/s/player/4fd832e7/player_embed_es6.vflset/en_GB/base.js:5401
[  104708ms] [ERROR] Permissions policy violation: compute-pressure is not allowed in this document. @ https://www.youtube.com/s/player/4fd832e7/player_embed_es6.vflset/en_GB/base.js:5401
[  107140ms] [ERROR] Permissions policy violation: compute-pressure is not allowed in this document. @ https://www.youtube.com/s/player/4fd832e7/player_embed_es6.vflset/en_GB/base.js:5401
[  107148ms] [ERROR] Permissions policy violation: compute-pressure is not allowed in this document. @ https://www.youtube.com/s/player/4fd832e7/player_embed_es6.vflset/en_GB/base.js:5401
[  107233ms] [ERROR] Permissions policy violation: compute-pressure is not allowed in this document. @ https://www.youtube.com/s/player/4fd832e7/player_embed_es6.vflset/en_GB/base.js:5401
[  107240ms] [ERROR] Permissions policy violation: compute-pressure is not allowed in this document. @ https://www.youtube.com/s/player/4fd832e7/player_embed_es6.vflset/en_GB/base.js:5401
[  107400ms] [WARNING] The powerPreference option is currently ignored when calling requestAdapter() on Windows. See https://crbug.com/369219127 @ :0
[  107642ms] [WARNING] The powerPreference option is currently ignored when calling requestAdapter() on Windows. See https://crbug.com/369219127 @ :0
[  107834ms] [WARNING] The powerPreference option is currently ignored when calling requestAdapter() on Windows. See https://crbug.com/369219127 @ :0
[  107844ms] [WARNING] The powerPreference option is currently ignored when calling requestAdapter() on Windows. See https://crbug.com/369219127 @ :0
[  108009ms] [WARNING] The powerPreference option is currently ignored when calling requestAdapter() on Windows. See https://crbug.com/369219127 @ :0
[  108026ms] [WARNING] The powerPreference option is currently ignored when calling requestAdapter() on Windows. See https://crbug.com/369219127 @ :0
[  108044ms] [WARNING] The powerPreference option is currently ignored when calling requestAdapter() on Windows. See https://crbug.com/369219127 @ :0
[  130088ms] [ERROR] Permissions policy violation: compute-pressure is not allowed in this document. @ https://www.youtube.com/s/player/4fd832e7/player_embed_es6.vflset/en_GB/base.js:5401
[  131504ms] [ERROR] Permissions policy violation: compute-pressure is not allowed in this document. @ https://www.youtube.com/s/player/4fd832e7/player_embed_es6.vflset/en_GB/base.js:5401
[  133685ms] [WARNING] The powerPreference option is currently ignored when calling requestAdapter() on Windows. See https://crbug.com/369219127 @ :0
[  133767ms] [WARNING] The powerPreference option is currently ignored when calling requestAdapter() on Windows. See https://crbug.com/369219127 @ :0
[  133830ms] [WARNING] The powerPreference option is currently ignored when calling requestAdapter() on Windows. See https://crbug.com/369219127 @ :0
[  133838ms] [WARNING] The powerPreference option is currently ignored when calling requestAdapter() on Windows. See https://crbug.com/369219127 @ :0
[  133845ms] [WARNING] The powerPreference option is currently ignored when calling requestAdapter() on Windows. See https://crbug.com/369219127 @ :0
[  140177ms] [ERROR] Failed to load resource: the server responded with a status of 502 () @ https://www.youtube.com/api/stats/qoe?fmt=396&afmt=251&cpn=r7vDFK2h4KeAQGLe&el=embedded&ns=yt&fexp=v1%2C100673025%2C627%2C-76669008%2C27058999%2C34656%2C124674%2C117689%2C9252%2C16509%2C23206%2C100702%2C15105%2C25059%2C4174%2C30447%2C18705%2C26008%2C28442%2C661%2C6621%2C2783%2C23826%2C9500%2C1840%2C29674%2C85752%2C4200%2C30113%2C9181%2C15416%2C5448%2C32119%2C6032%2C1168%2C372%2C7758%2C19625%2C14696%2C11462%2C29065%2C17223%2C10303%2C3027%2C11615%2C2%2C14922%2C5009%2C3%2C3%2C12070%2C3918%2C12244%2C1262%2C19322%2C5059%2C3978%2C1538%2C19324%2C10707%2C14239%2C2073%2C6085%2C971%2C1237%2C36544%2C4873%2C6186&cl=982145520&seq=2&docid=QKBa8lt5Wfo&ei=d2iuaviwM5mdssUPhdKMwQ4&event=streamingstats&plid=AAZb08GO-TRk7VVi&cbr=Chrome&cbrver=153.0.0.0&c=WEB_EMBEDDED_PLAYER&cver=2.20260918.01.00&cplayer=UNIPLAYER&cos=Windows&cosver=10.0&cplatform=DESKTOP&bwm=3.365:168671:0.763,10.019:937138:6.036&bwe=3.365:212451,10.019:91712&bat=3.365:1:1,10.019:1:1&cmt=3.365:0.078,4.126:0.841,10.019:6.725&bh=3.365:5.333,10.019:25.277&vps=3.365:PL,10.019:PL&user_intent=0.007&cfs=3.979:a.en:::s&df=10.019:0&qclc=ChByN3ZERksyaDRLZUFRR0xlEAI:0
[  165443ms] [WARNING] The powerPreference option is currently ignored when calling requestAdapter() on Windows. See https://crbug.com/369219127 @ :0
[  165595ms] [WARNING] The powerPreference option is currently ignored when calling requestAdapter() on Windows. See https://crbug.com/369219127 @ :0
[  165661ms] [WARNING] The powerPreference option is currently ignored when calling requestAdapter() on Windows. See https://crbug.com/369219127 @ :0
[  165673ms] [WARNING] The powerPreference option is currently ignored when calling requestAdapter() on Windows. See https://crbug.com/369219127 @ :0
[  165703ms] [WARNING] The powerPreference option is currently ignored when calling requestAdapter() on Windows. See https://crbug.com/369219127 @ :0
[  165746ms] [WARNING] The powerPreference option is currently ignored when calling requestAdapter() on Windows. See https://crbug.com/369219127 @ :0
[  165755ms] [WARNING] The powerPreference option is currently ignored when calling requestAdapter() on Windows. See https://crbug.com/369219127 @ :0
[    9619ms] [WARNING] The powerPreference option is currently ignored when calling requestAdapter() on Windows. See https://crbug.com/369219127 @ :0
[   11150ms] [WARNING] The powerPreference option is currently ignored when calling requestAdapter() on Windows. See https://crbug.com/369219127 @ :0
[   14441ms] [WARNING] The powerPreference option is currently ignored when calling requestAdapter() on Windows. See https://crbug.com/369219127 @ :0
[   14701ms] [WARNING] The powerPreference option is currently ignored when calling requestAdapter() on Windows. See https://crbug.com/369219127 @ :0
[   14714ms] [WARNING] The powerPreference option is currently ignored when calling requestAdapter() on Windows. See https://crbug.com/369219127 @ :0
[   14726ms] [WARNING] The powerPreference option is currently ignored when calling requestAdapter() on Windows. See https://crbug.com/369219127 @ :0
[   14735ms] [WARNING] The powerPreference option is currently ignored when calling requestAdapter() on Windows. See https://crbug.com/369219127 @ :0
[   14748ms] [WARNING] The powerPreference option is currently ignored when calling requestAdapter() on Windows. See https://crbug.com/369219127 @ :0
[   14760ms] [WARNING] The powerPreference option is currently ignored when calling requestAdapter() on Windows. See https://crbug.com/369219127 @ :0
[   14769ms] [WARNING] The powerPreference option is currently ignored when calling requestAdapter() on Windows. See https://crbug.com/369219127 @ :0
[   14779ms] [WARNING] The powerPreference option is currently ignored when calling requestAdapter() on Windows. See https://crbug.com/369219127 @ :0
[   14787ms] [WARNING] The powerPreference option is currently ignored when calling requestAdapter() on Windows. See https://crbug.com/369219127 @ :0
[   14801ms] [WARNING] The powerPreference option is currently ignored when calling requestAdapter() on Windows. See https://crbug.com/369219127 @ :0
[   14810ms] [WARNING] The powerPreference option is currently ignored when calling requestAdapter() on Windows. See https://crbug.com/369219127 @ :0
[   22860ms] [WARNING] The powerPreference option is currently ignored when calling requestAdapter() on Windows. See https://crbug.com/369219127 @ :0
[   42134ms] [WARNING] The powerPreference option is currently ignored when calling requestAdapter() on Windows. See https://crbug.com/369219127 @ :0
[   62548ms] [WARNING] The powerPreference option is currently ignored when calling requestAdapter() on Windows. See https://crbug.com/369219127 @ :0
[   85051ms] [WARNING] The powerPreference option is currently ignored when calling requestAdapter() on Windows. See https://crbug.com/369219127 @ :0
[  104550ms] [ERROR] Permissions policy violation: compute-pressure is not allowed in this document. @ https://www.youtube.com/s/player/4fd832e7/player_embed_es6.vflset/en_GB/base.js:5401
[  104708ms] [ERROR] Permissions policy violation: compute-pressure is not allowed in this document. @ https://www.youtube.com/s/player/4fd832e7/player_embed_es6.vflset/en_GB/base.js:5401
[  107140ms] [ERROR] Permissions policy violation: compute-pressure is not allowed in this document. @ https://www.youtube.com/s/player/4fd832e7/player_embed_es6.vflset/en_GB/base.js:5401
[  107148ms] [ERROR] Permissions policy violation: compute-pressure is not allowed in this document. @ https://www.youtube.com/s/player/4fd832e7/player_embed_es6.vflset/en_GB/base.js:5401
[  107233ms] [ERROR] Permissions policy violation: compute-pressure is not allowed in this document. @ https://www.youtube.com/s/player/4fd832e7/player_embed_es6.vflset/en_GB/base.js:5401
[  107240ms] [ERROR] Permissions policy violation: compute-pressure is not allowed in this document. @ https://www.youtube.com/s/player/4fd832e7/player_embed_es6.vflset/en_GB/base.js:5401
[  107400ms] [WARNING] The powerPreference option is currently ignored when calling requestAdapter() on Windows. See https://crbug.com/369219127 @ :0
[  107642ms] [WARNING] The powerPreference option is currently ignored when calling requestAdapter() on Windows. See https://crbug.com/369219127 @ :0
[  107834ms] [WARNING] The powerPreference option is currently ignored when calling requestAdapter() on Windows. See https://crbug.com/369219127 @ :0
[  107844ms] [WARNING] The powerPreference option is currently ignored when calling requestAdapter() on Windows. See https://crbug.com/369219127 @ :0
[  108009ms] [WARNING] The powerPreference option is currently ignored when calling requestAdapter() on Windows. See https://crbug.com/369219127 @ :0
[  108026ms] [WARNING] The powerPreference option is currently ignored when calling requestAdapter() on Windows. See https://crbug.com/369219127 @ :0
[  108044ms] [WARNING] The powerPreference option is currently ignored when calling requestAdapter() on Windows. See https://crbug.com/369219127 @ :0
[  130088ms] [ERROR] Permissions policy violation: compute-pressure is not allowed in this document. @ https://www.youtube.com/s/player/4fd832e7/player_embed_es6.vflset/en_GB/base.js:5401
[  131504ms] [ERROR] Permissions policy violation: compute-pressure is not allowed in this document. @ https://www.youtube.com/s/player/4fd832e7/player_embed_es6.vflset/en_GB/base.js:5401
[  133685ms] [WARNING] The powerPreference option is currently ignored when calling requestAdapter() on Windows. See https://crbug.com/369219127 @ :0
[  133767ms] [WARNING] The powerPreference option is currently ignored when calling requestAdapter() on Windows. See https://crbug.com/369219127 @ :0
[  133830ms] [WARNING] The powerPreference option is currently ignored when calling requestAdapter() on Windows. See https://crbug.com/369219127 @ :0
[  133838ms] [WARNING] The powerPreference option is currently ignored when calling requestAdapter() on Windows. See https://crbug.com/369219127 @ :0
[  133845ms] [WARNING] The powerPreference option is currently ignored when calling requestAdapter() on Windows. See https://crbug.com/369219127 @ :0
[  140177ms] [ERROR] Failed to load resource: the server responded with a status of 502 () @ https://www.youtube.com/api/stats/qoe?fmt=396&afmt=251&cpn=r7vDFK2h4KeAQGLe&el=embedded&ns=yt&fexp=v1%2C100673025%2C627%2C-76669008%2C27058999%2C34656%2C124674%2C117689%2C9252%2C16509%2C23206%2C100702%2C15105%2C25059%2C4174%2C30447%2C18705%2C26008%2C28442%2C661%2C6621%2C2783%2C23826%2C9500%2C1840%2C29674%2C85752%2C4200%2C30113%2C9181%2C15416%2C5448%2C32119%2C6032%2C1168%2C372%2C7758%2C19625%2C14696%2C11462%2C29065%2C17223%2C10303%2C3027%2C11615%2C2%2C14922%2C5009%2C3%2C3%2C12070%2C3918%2C12244%2C1262%2C19322%2C5059%2C3978%2C1538%2C19324%2C10707%2C14239%2C2073%2C6085%2C971%2C1237%2C36544%2C4873%2C6186&cl=982145520&seq=2&docid=QKBa8lt5Wfo&ei=d2iuaviwM5mdssUPhdKMwQ4&event=streamingstats&plid=AAZb08GO-TRk7VVi&cbr=Chrome&cbrver=153.0.0.0&c=WEB_EMBEDDED_PLAYER&cver=2.20260918.01.00&cplayer=UNIPLAYER&cos=Windows&cosver=10.0&cplatform=DESKTOP&bwm=3.365:168671:0.763,10.019:937138:6.036&bwe=3.365:212451,10.019:91712&bat=3.365:1:1,10.019:1:1&cmt=3.365:0.078,4.126:0.841,10.019:6.725&bh=3.365:5.333,10.019:25.277&vps=3.365:PL,10.019:PL&user_intent=0.007&cfs=3.979:a.en:::s&df=10.019:0&qclc=ChByN3ZERksyaDRLZUFRR0xlEAI:0
[  165443ms] [WARNING] The powerPreference option is currently ignored when calling requestAdapter() on Windows. See https://crbug.com/369219127 @ :0
[  165595ms] [WARNING] The powerPreference option is currently ignored when calling requestAdapter() on Windows. See https://crbug.com/369219127 @ :0
[  165661ms] [WARNING] The powerPreference option is currently ignored when calling requestAdapter() on Windows. See https://crbug.com/369219127 @ :0
[  165673ms] [WARNING] The powerPreference option is currently ignored when calling requestAdapter() on Windows. See https://crbug.com/369219127 @ :0
[  165703ms] [WARNING] The powerPreference option is currently ignored when calling requestAdapter() on Windows. See https://crbug.com/369219127 @ :0
[  165746ms] [WARNING] The powerPreference option is currently ignored when calling requestAdapter() on Windows. See https://crbug.com/369219127 @ :0
[  165755ms] [WARNING] The powerPreference option is currently ignored when calling requestAdapter() on Windows. See https://crbug.com/369219127 @ :0
[    9619ms] [WARNING] The powerPreference option is currently ignored when calling requestAdapter() on Windows. See https://crbug.com/369219127 @ :0
[   11150ms] [WARNING] The powerPreference option is currently ignored when calling requestAdapter() on Windows. See https://crbug.com/369219127 @ :0
[   14441ms] [WARNING] The powerPreference option is currently ignored when calling requestAdapter() on Windows. See https://crbug.com/369219127 @ :0
[   14701ms] [WARNING] The powerPreference option is currently ignored when calling requestAdapter() on Windows. See https://crbug.com/369219127 @ :0
[   14714ms] [WARNING] The powerPreference option is currently ignored when calling requestAdapter() on Windows. See https://crbug.com/369219127 @ :0
[   14726ms] [WARNING] The powerPreference option is currently ignored when calling requestAdapter() on Windows. See https://crbug.com/369219127 @ :0
[   14735ms] [WARNING] The powerPreference option is currently ignored when calling requestAdapter() on Windows. See https://crbug.com/369219127 @ :0
[   14748ms] [WARNING] The powerPreference option is currently ignored when calling requestAdapter() on Windows. See https://crbug.com/369219127 @ :0
[   14760ms] [WARNING] The powerPreference option is currently ignored when calling requestAdapter() on Windows. See https://crbug.com/369219127 @ :0
[   14769ms] [WARNING] The powerPreference option is currently ignored when calling requestAdapter() on Windows. See https://crbug.com/369219127 @ :0
[   14779ms] [WARNING] The powerPreference option is currently ignored when calling requestAdapter() on Windows. See https://crbug.com/369219127 @ :0
[   14787ms] [WARNING] The powerPreference option is currently ignored when calling requestAdapter() on Windows. See https://crbug.com/369219127 @ :0
[   14801ms] [WARNING] The powerPreference option is currently ignored when calling requestAdapter() on Windows. See https://crbug.com/369219127 @ :0
[   14810ms] [WARNING] The powerPreference option is currently ignored when calling requestAdapter() on Windows. See https://crbug.com/369219127 @ :0
[   22860ms] [WARNING] The powerPreference option is currently ignored when calling requestAdapter() on Windows. See https://crbug.com/369219127 @ :0
[   42134ms] [WARNING] The powerPreference option is currently ignored when calling requestAdapter() on Windows. See https://crbug.com/369219127 @ :0
[   62548ms] [WARNING] The powerPreference option is currently ignored when calling requestAdapter() on Windows. See https://crbug.com/369219127 @ :0
[   85051ms] [WARNING] The powerPreference option is currently ignored when calling requestAdapter() on Windows. See https://crbug.com/369219127 @ :0
[  104550ms] [ERROR] Permissions policy violation: compute-pressure is not allowed in this document. @ https://www.youtube.com/s/player/4fd832e7/player_embed_es6.vflset/en_GB/base.js:5401
[  104708ms] [ERROR] Permissions policy violation: compute-pressure is not allowed in this document. @ https://www.youtube.com/s/player/4fd832e7/player_embed_es6.vflset/en_GB/base.js:5401
[  107140ms] [ERROR] Permissions policy violation: compute-pressure is not allowed in this document. @ https://www.youtube.com/s/player/4fd832e7/player_embed_es6.vflset/en_GB/base.js:5401
[  107148ms] [ERROR] Permissions policy violation: compute-pressure is not allowed in this document. @ https://www.youtube.com/s/player/4fd832e7/player_embed_es6.vflset/en_GB/base.js:5401
[  107233ms] [ERROR] Permissions policy violation: compute-pressure is not allowed in this document. @ https://www.youtube.com/s/player/4fd832e7/player_embed_es6.vflset/en_GB/base.js:5401
[  107240ms] [ERROR] Permissions policy violation: compute-pressure is not allowed in this document. @ https://www.youtube.com/s/player/4fd832e7/player_embed_es6.vflset/en_GB/base.js:5401
[  107400ms] [WARNING] The powerPreference option is currently ignored when calling requestAdapter() on Windows. See https://crbug.com/369219127 @ :0
[  107642ms] [WARNING] The powerPreference option is currently ignored when calling requestAdapter() on Windows. See https://crbug.com/369219127 @ :0
[  107834ms] [WARNING] The powerPreference option is currently ignored when calling requestAdapter() on Windows. See https://crbug.com/369219127 @ :0
[  107844ms] [WARNING] The powerPreference option is currently ignored when calling requestAdapter() on Windows. See https://crbug.com/369219127 @ :0
[  108009ms] [WARNING] The powerPreference option is currently ignored when calling requestAdapter() on Windows. See https://crbug.com/369219127 @ :0
[  108026ms] [WARNING] The powerPreference option is currently ignored when calling requestAdapter() on Windows. See https://crbug.com/369219127 @ :0
[  108044ms] [WARNING] The powerPreference option is currently ignored when calling requestAdapter() on Windows. See https://crbug.com/369219127 @ :0
[  130088ms] [ERROR] Permissions policy violation: compute-pressure is not allowed in this document. @ https://www.youtube.com/s/player/4fd832e7/player_embed_es6.vflset/en_GB/base.js:5401
[  131504ms] [ERROR] Permissions policy violation: compute-pressure is not allowed in this document. @ https://www.youtube.com/s/player/4fd832e7/player_embed_es6.vflset/en_GB/base.js:5401
[  133685ms] [WARNING] The powerPreference option is currently ignored when calling requestAdapter() on Windows. See https://crbug.com/369219127 @ :0
[  133767ms] [WARNING] The powerPreference option is currently ignored when calling requestAdapter() on Windows. See https://crbug.com/369219127 @ :0
[  133830ms] [WARNING] The powerPreference option is currently ignored when calling requestAdapter() on Windows. See https://crbug.com/369219127 @ :0
[  133838ms] [WARNING] The powerPreference option is currently ignored when calling requestAdapter() on Windows. See https://crbug.com/369219127 @ :0
[  133845ms] [WARNING] The powerPreference option is currently ignored when calling requestAdapter() on Windows. See https://crbug.com/369219127 @ :0
[  140177ms] [ERROR] Failed to load resource: the server responded with a status of 502 () @ https://www.youtube.com/api/stats/qoe?fmt=396&afmt=251&cpn=r7vDFK2h4KeAQGLe&el=embedded&ns=yt&fexp=v1%2C100673025%2C627%2C-76669008%2C27058999%2C34656%2C124674%2C117689%2C9252%2C16509%2C23206%2C100702%2C15105%2C25059%2C4174%2C30447%2C18705%2C26008%2C28442%2C661%2C6621%2C2783%2C23826%2C9500%2C1840%2C29674%2C85752%2C4200%2C30113%2C9181%2C15416%2C5448%2C32119%2C6032%2C1168%2C372%2C7758%2C19625%2C14696%2C11462%2C29065%2C17223%2C10303%2C3027%2C11615%2C2%2C14922%2C5009%2C3%2C3%2C12070%2C3918%2C12244%2C1262%2C19322%2C5059%2C3978%2C1538%2C19324%2C10707%2C14239%2C2073%2C6085%2C971%2C1237%2C36544%2C4873%2C6186&cl=982145520&seq=2&docid=QKBa8lt5Wfo&ei=d2iuaviwM5mdssUPhdKMwQ4&event=streamingstats&plid=AAZb08GO-TRk7VVi&cbr=Chrome&cbrver=153.0.0.0&c=WEB_EMBEDDED_PLAYER&cver=2.20260918.01.00&cplayer=UNIPLAYER&cos=Windows&cosver=10.0&cplatform=DESKTOP&bwm=3.365:168671:0.763,10.019:937138:6.036&bwe=3.365:212451,10.019:91712&bat=3.365:1:1,10.019:1:1&cmt=3.365:0.078,4.126:0.841,10.019:6.725&bh=3.365:5.333,10.019:25.277&vps=3.365:PL,10.019:PL&user_intent=0.007&cfs=3.979:a.en:::s&df=10.019:0&qclc=ChByN3ZERksyaDRLZUFRR0xlEAI:0
[  165443ms] [WARNING] The powerPreference option is currently ignored when calling requestAdapter() on Windows. See https://crbug.com/369219127 @ :0
[  165595ms] [WARNING] The powerPreference option is currently ignored when calling requestAdapter() on Windows. See https://crbug.com/369219127 @ :0
[  165661ms] [WARNING] The powerPreference option is currently ignored when calling requestAdapter() on Windows. See https://crbug.com/369219127 @ :0
[  165673ms] [WARNING] The powerPreference option is currently ignored when calling requestAdapter() on Windows. See https://crbug.com/369219127 @ :0
[  165703ms] [WARNING] The powerPreference option is currently ignored when calling requestAdapter() on Windows. See https://crbug.com/369219127 @ :0
[  165746ms] [WARNING] The powerPreference option is currently ignored when calling requestAdapter() on Windows. See https://crbug.com/369219127 @ :0
[  165755ms] [WARNING] The powerPreference option is currently ignored when calling requestAdapter() on Windows. See https://crbug.com/369219127 @ :0
[    9619ms] [WARNING] The powerPreference option is currently ignored when calling requestAdapter() on Windows. See https://crbug.com/369219127 @ :0
[   11150ms] [WARNING] The powerPreference option is currently ignored when calling requestAdapter() on Windows. See https://crbug.com/369219127 @ :0
[   14441ms] [WARNING] The powerPreference option is currently ignored when calling requestAdapter() on Windows. See https://crbug.com/369219127 @ :0
[   14701ms] [WARNING] The powerPreference option is currently ignored when calling requestAdapter() on Windows. See https://crbug.com/369219127 @ :0
[   14714ms] [WARNING] The powerPreference option is currently ignored when calling requestAdapter() on Windows. See https://crbug.com/369219127 @ :0
[   14726ms] [WARNING] The powerPreference option is currently ignored when calling requestAdapter() on Windows. See https://crbug.com/369219127 @ :0
[   14735ms] [WARNING] The powerPreference option is currently ignored when calling requestAdapter() on Windows. See https://crbug.com/369219127 @ :0
[   14748ms] [WARNING] The powerPreference option is currently ignored when calling requestAdapter() on Windows. See https://crbug.com/369219127 @ :0
[   14760ms] [WARNING] The powerPreference option is currently ignored when calling requestAdapter() on Windows. See https://crbug.com/369219127 @ :0
[   14769ms] [WARNING] The powerPreference option is currently ignored when calling requestAdapter() on Windows. See https://crbug.com/369219127 @ :0
[   14779ms] [WARNING] The powerPreference option is currently ignored when calling requestAdapter() on Windows. See https://crbug.com/369219127 @ :0
[   14787ms] [WARNING] The powerPreference option is currently ignored when calling requestAdapter() on Windows. See https://crbug.com/369219127 @ :0
[   14801ms] [WARNING] The powerPreference option is currently ignored when calling requestAdapter() on Windows. See https://crbug.com/369219127 @ :0
[   14810ms] [WARNING] The powerPreference option is currently ignored when calling requestAdapter() on Windows. See https://crbug.com/369219127 @ :0
[   22860ms] [WARNING] The powerPreference option is currently ignored when calling requestAdapter() on Windows. See https://crbug.com/369219127 @ :0
[   42134ms] [WARNING] The powerPreference option is currently ignored when calling requestAdapter() on Windows. See https://crbug.com/369219127 @ :0
[   62548ms] [WARNING] The powerPreference option is currently ignored when calling requestAdapter() on Windows. See https://crbug.com/369219127 @ :0
[   85051ms] [WARNING] The powerPreference option is currently ignored when calling requestAdapter() on Windows. See https://crbug.com/369219127 @ :0
[  104550ms] [ERROR] Permissions policy violation: compute-pressure is not allowed in this document. @ https://www.youtube.com/s/player/4fd832e7/player_embed_es6.vflset/en_GB/base.js:5401
[  104708ms] [ERROR] Permissions policy violation: compute-pressure is not allowed in this document. @ https://www.youtube.com/s/player/4fd832e7/player_embed_es6.vflset/en_GB/base.js:5401
[  107140ms] [ERROR] Permissions policy violation: compute-pressure is not allowed in this document. @ https://www.youtube.com/s/player/4fd832e7/player_embed_es6.vflset/en_GB/base.js:5401
[  107148ms] [ERROR] Permissions policy violation: compute-pressure is not allowed in this document. @ https://www.youtube.com/s/player/4fd832e7/player_embed_es6.vflset/en_GB/base.js:5401
[  107233ms] [ERROR] Permissions policy violation: compute-pressure is not allowed in this document. @ https://www.youtube.com/s/player/4fd832e7/player_embed_es6.vflset/en_GB/base.js:5401
[  107240ms] [ERROR] Permissions policy violation: compute-pressure is not allowed in this document. @ https://www.youtube.com/s/player/4fd832e7/player_embed_es6.vflset/en_GB/base.js:5401
[  107400ms] [WARNING] The powerPreference option is currently ignored when calling requestAdapter() on Windows. See https://crbug.com/369219127 @ :0
[  107642ms] [WARNING] The powerPreference option is currently ignored when calling requestAdapter() on Windows. See https://crbug.com/369219127 @ :0
[  107834ms] [WARNING] The powerPreference option is currently ignored when calling requestAdapter() on Windows. See https://crbug.com/369219127 @ :0
[  107844ms] [WARNING] The powerPreference option is currently ignored when calling requestAdapter() on Windows. See https://crbug.com/369219127 @ :0
[  108009ms] [WARNING] The powerPreference option is currently ignored when calling requestAdapter() on Windows. See https://crbug.com/369219127 @ :0
[  108026ms] [WARNING] The powerPreference option is currently ignored when calling requestAdapter() on Windows. See https://crbug.com/369219127 @ :0
[  108044ms] [WARNING] The powerPreference option is currently ignored when calling requestAdapter() on Windows. See https://crbug.com/369219127 @ :0
[  130088ms] [ERROR] Permissions policy violation: compute-pressure is not allowed in this document. @ https://www.youtube.com/s/player/4fd832e7/player_embed_es6.vflset/en_GB/base.js:5401
[  131504ms] [ERROR] Permissions policy violation: compute-pressure is not allowed in this document. @ https://www.youtube.com/s/player/4fd832e7/player_embed_es6.vflset/en_GB/base.js:5401
[  133685ms] [WARNING] The powerPreference option is currently ignored when calling requestAdapter() on Windows. See https://crbug.com/369219127 @ :0
[  133767ms] [WARNING] The powerPreference option is currently ignored when calling requestAdapter() on Windows. See https://crbug.com/369219127 @ :0
[  133830ms] [WARNING] The powerPreference option is currently ignored when calling requestAdapter() on Windows. See https://crbug.com/369219127 @ :0
[  133838ms] [WARNING] The powerPreference option is currently ignored when calling requestAdapter() on Windows. See https://crbug.com/369219127 @ :0
[  133845ms] [WARNING] The powerPreference option is currently ignored when calling requestAdapter() on Windows. See https://crbug.com/369219127 @ :0
[  140177ms] [ERROR] Failed to load resource: the server responded with a status of 502 () @ https://www.youtube.com/api/stats/qoe?fmt=396&afmt=251&cpn=r7vDFK2h4KeAQGLe&el=embedded&ns=yt&fexp=v1%2C100673025%2C627%2C-76669008%2C27058999%2C34656%2C124674%2C117689%2C9252%2C16509%2C23206%2C100702%2C15105%2C25059%2C4174%2C30447%2C18705%2C26008%2C28442%2C661%2C6621%2C2783%2C23826%2C9500%2C1840%2C29674%2C85752%2C4200%2C30113%2C9181%2C15416%2C5448%2C32119%2C6032%2C1168%2C372%2C7758%2C19625%2C14696%2C11462%2C29065%2C17223%2C10303%2C3027%2C11615%2C2%2C14922%2C5009%2C3%2C3%2C12070%2C3918%2C12244%2C1262%2C19322%2C5059%2C3978%2C1538%2C19324%2C10707%2C14239%2C2073%2C6085%2C971%2C1237%2C36544%2C4873%2C6186&cl=982145520&seq=2&docid=QKBa8lt5Wfo&ei=d2iuaviwM5mdssUPhdKMwQ4&event=streamingstats&plid=AAZb08GO-TRk7VVi&cbr=Chrome&cbrver=153.0.0.0&c=WEB_EMBEDDED_PLAYER&cver=2.20260918.01.00&cplayer=UNIPLAYER&cos=Windows&cosver=10.0&cplatform=DESKTOP&bwm=3.365:168671:0.763,10.019:937138:6.036&bwe=3.365:212451,10.019:91712&bat=3.365:1:1,10.019:1:1&cmt=3.365:0.078,4.126:0.841,10.019:6.725&bh=3.365:5.333,10.019:25.277&vps=3.365:PL,10.019:PL&user_intent=0.007&cfs=3.979:a.en:::s&df=10.019:0&qclc=ChByN3ZERksyaDRLZUFRR0xlEAI:0
[  165443ms] [WARNING] The powerPreference option is currently ignored when calling requestAdapter() on Windows. See https://crbug.com/369219127 @ :0
[  165595ms] [WARNING] The powerPreference option is currently ignored when calling requestAdapter() on Windows. See https://crbug.com/369219127 @ :0
[  165661ms] [WARNING] The powerPreference option is currently ignored when calling requestAdapter() on Windows. See https://crbug.com/369219127 @ :0
[  165673ms] [WARNING] The powerPreference option is currently ignored when calling requestAdapter() on Windows. See https://crbug.com/369219127 @ :0
[  165703ms] [WARNING] The powerPreference option is currently ignored when calling requestAdapter() on Windows. See https://crbug.com/369219127 @ :0
[  165746ms] [WARNING] The powerPreference option is currently ignored when calling requestAdapter() on Windows. See https://crbug.com/369219127 @ :0
[  165755ms] [WARNING] The powerPreference option is currently ignored when calling requestAdapter() on Windows. See https://crbug.com/369219127 @ :0
[    9619ms] [WARNING] The powerPreference option is currently ignored when calling requestAdapter() on Windows. See https://crbug.com/369219127 @ :0
[   11150ms] [WARNING] The powerPreference option is currently ignored when calling requestAdapter() on Windows. See https://crbug.com/369219127 @ :0
[   14441ms] [WARNING] The powerPreference option is currently ignored when calling requestAdapter() on Windows. See https://crbug.com/369219127 @ :0
[   14701ms] [WARNING] The powerPreference option is currently ignored when calling requestAdapter() on Windows. See https://crbug.com/369219127 @ :0
[   14714ms] [WARNING] The powerPreference option is currently ignored when calling requestAdapter() on Windows. See https://crbug.com/369219127 @ :0
[   14726ms] [WARNING] The powerPreference option is currently ignored when calling requestAdapter() on Windows. See https://crbug.com/369219127 @ :0
[   14735ms] [WARNING] The powerPreference option is currently ignored when calling requestAdapter() on Windows. See https://crbug.com/369219127 @ :0
[   14748ms] [WARNING] The powerPreference option is currently ignored when calling requestAdapter() on Windows. See https://crbug.com/369219127 @ :0
[   14760ms] [WARNING] The powerPreference option is currently ignored when calling requestAdapter() on Windows. See https://crbug.com/369219127 @ :0
[   14769ms] [WARNING] The powerPreference option is currently ignored when calling requestAdapter() on Windows. See https://crbug.com/369219127 @ :0
[   14779ms] [WARNING] The powerPreference option is currently ignored when calling requestAdapter() on Windows. See https://crbug.com/369219127 @ :0
[   14787ms] [WARNING] The powerPreference option is currently ignored when calling requestAdapter() on Windows. See https://crbug.com/369219127 @ :0
[   14801ms] [WARNING] The powerPreference option is currently ignored when calling requestAdapter() on Windows. See https://crbug.com/369219127 @ :0
[   14810ms] [WARNING] The powerPreference option is currently ignored when calling requestAdapter() on Windows. See https://crbug.com/369219127 @ :0
[   22860ms] [WARNING] The powerPreference option is currently ignored when calling requestAdapter() on Windows. See https://crbug.com/369219127 @ :0
[   42134ms] [WARNING] The powerPreference option is currently ignored when calling requestAdapter() on Windows. See https://crbug.com/369219127 @ :0
[   62548ms] [WARNING] The powerPreference option is currently ignored when calling requestAdapter() on Windows. See https://crbug.com/369219127 @ :0
[   85051ms] [WARNING] The powerPreference option is currently ignored when calling requestAdapter() on Windows. See https://crbug.com/369219127 @ :0
[  104550ms] [ERROR] Permissions policy violation: compute-pressure is not allowed in this document. @ https://www.youtube.com/s/player/4fd832e7/player_embed_es6.vflset/en_GB/base.js:5401
[  104708ms] [ERROR] Permissions policy violation: compute-pressure is not allowed in this document. @ https://www.youtube.com/s/player/4fd832e7/player_embed_es6.vflset/en_GB/base.js:5401
[  107140ms] [ERROR] Permissions policy violation: compute-pressure is not allowed in this document. @ https://www.youtube.com/s/player/4fd832e7/player_embed_es6.vflset/en_GB/base.js:5401
[  107148ms] [ERROR] Permissions policy violation: compute-pressure is not allowed in this document. @ https://www.youtube.com/s/player/4fd832e7/player_embed_es6.vflset/en_GB/base.js:5401
[  107233ms] [ERROR] Permissions policy violation: compute-pressure is not allowed in this document. @ https://www.youtube.com/s/player/4fd832e7/player_embed_es6.vflset/en_GB/base.js:5401
[  107240ms] [ERROR] Permissions policy violation: compute-pressure is not allowed in this document. @ https://www.youtube.com/s/player/4fd832e7/player_embed_es6.vflset/en_GB/base.js:5401
[  107400ms] [WARNING] The powerPreference option is currently ignored when calling requestAdapter() on Windows. See https://crbug.com/369219127 @ :0
[  107642ms] [WARNING] The powerPreference option is currently ignored when calling requestAdapter() on Windows. See https://crbug.com/369219127 @ :0
[  107834ms] [WARNING] The powerPreference option is currently ignored when calling requestAdapter() on Windows. See https://crbug.com/369219127 @ :0
[  107844ms] [WARNING] The powerPreference option is currently ignored when calling requestAdapter() on Windows. See https://crbug.com/369219127 @ :0
[  108009ms] [WARNING] The powerPreference option is currently ignored when calling requestAdapter() on Windows. See https://crbug.com/369219127 @ :0
[  108026ms] [WARNING] The powerPreference option is currently ignored when calling requestAdapter() on Windows. See https://crbug.com/369219127 @ :0
[  108044ms] [WARNING] The powerPreference option is currently ignored when calling requestAdapter() on Windows. See https://crbug.com/369219127 @ :0
[  130088ms] [ERROR] Permissions policy violation: compute-pressure is not allowed in this document. @ https://www.youtube.com/s/player/4fd832e7/player_embed_es6.vflset/en_GB/base.js:5401
[  131504ms] [ERROR] Permissions policy violation: compute-pressure is not allowed in this document. @ https://www.youtube.com/s/player/4fd832e7/player_embed_es6.vflset/en_GB/base.js:5401
[  133685ms] [WARNING] The powerPreference option is currently ignored when calling requestAdapter() on Windows. See https://crbug.com/369219127 @ :0
[  133767ms] [WARNING] The powerPreference option is currently ignored when calling requestAdapter() on Windows. See https://crbug.com/369219127 @ :0
[  133830ms] [WARNING] The powerPreference option is currently ignored when calling requestAdapter() on Windows. See https://crbug.com/369219127 @ :0
[  133838ms] [WARNING] The powerPreference option is currently ignored when calling requestAdapter() on Windows. See https://crbug.com/369219127 @ :0
[  133845ms] [WARNING] The powerPreference option is currently ignored when calling requestAdapter() on Windows. See https://crbug.com/369219127 @ :0
[  140177ms] [ERROR] Failed to load resource: the server responded with a status of 502 () @ https://www.youtube.com/api/stats/qoe?fmt=396&afmt=251&cpn=r7vDFK2h4KeAQGLe&el=embedded&ns=yt&fexp=v1%2C100673025%2C627%2C-76669008%2C27058999%2C34656%2C124674%2C117689%2C9252%2C16509%2C23206%2C100702%2C15105%2C25059%2C4174%2C30447%2C18705%2C26008%2C28442%2C661%2C6621%2C2783%2C23826%2C9500%2C1840%2C29674%2C85752%2C4200%2C30113%2C9181%2C15416%2C5448%2C32119%2C6032%2C1168%2C372%2C7758%2C19625%2C14696%2C11462%2C29065%2C17223%2C10303%2C3027%2C11615%2C2%2C14922%2C5009%2C3%2C3%2C12070%2C3918%2C12244%2C1262%2C19322%2C5059%2C3978%2C1538%2C19324%2C10707%2C14239%2C2073%2C6085%2C971%2C1237%2C36544%2C4873%2C6186&cl=982145520&seq=2&docid=QKBa8lt5Wfo&ei=d2iuaviwM5mdssUPhdKMwQ4&event=streamingstats&plid=AAZb08GO-TRk7VVi&cbr=Chrome&cbrver=153.0.0.0&c=WEB_EMBEDDED_PLAYER&cver=2.20260918.01.00&cplayer=UNIPLAYER&cos=Windows&cosver=10.0&cplatform=DESKTOP&bwm=3.365:168671:0.763,10.019:937138:6.036&bwe=3.365:212451,10.019:91712&bat=3.365:1:1,10.019:1:1&cmt=3.365:0.078,4.126:0.841,10.019:6.725&bh=3.365:5.333,10.019:25.277&vps=3.365:PL,10.019:PL&user_intent=0.007&cfs=3.979:a.en:::s&df=10.019:0&qclc=ChByN3ZERksyaDRLZUFRR0xlEAI:0
[  165443ms] [WARNING] The powerPreference option is currently ignored when calling requestAdapter() on Windows. See https://crbug.com/369219127 @ :0
[  165595ms] [WARNING] The powerPreference option is currently ignored when calling requestAdapter() on Windows. See https://crbug.com/369219127 @ :0
[  165661ms] [WARNING] The powerPreference option is currently ignored when calling requestAdapter() on Windows. See https://crbug.com/369219127 @ :0
[  165673ms] [WARNING] The powerPreference option is currently ignored when calling requestAdapter() on Windows. See https://crbug.com/369219127 @ :0
[  165703ms] [WARNING] The powerPreference option is currently ignored when calling requestAdapter() on Windows. See https://crbug.com/369219127 @ :0
[  165746ms] [WARNING] The powerPreference option is currently ignored when calling requestAdapter() on Windows. See https://crbug.com/369219127 @ :0
[  165755ms] [WARNING] The powerPreference option is currently ignored when calling requestAdapter() on Windows. See https://crbug.com/369219127 @ :0
[    9619ms] [WARNING] The powerPreference option is currently ignored when calling requestAdapter() on Windows. See https://crbug.com/369219127 @ :0
[   11150ms] [WARNING] The powerPreference option is currently ignored when calling requestAdapter() on Windows. See https://crbug.com/369219127 @ :0
[   14441ms] [WARNING] The powerPreference option is currently ignored when calling requestAdapter() on Windows. See https://crbug.com/369219127 @ :0
[   14701ms] [WARNING] The powerPreference option is currently ignored when calling requestAdapter() on Windows. See https://crbug.com/369219127 @ :0
[   14714ms] [WARNING] The powerPreference option is currently ignored when calling requestAdapter() on Windows. See https://crbug.com/369219127 @ :0
[   14726ms] [WARNING] The powerPreference option is currently ignored when calling requestAdapter() on Windows. See https://crbug.com/369219127 @ :0
[   14735ms] [WARNING] The powerPreference option is currently ignored when calling requestAdapter() on Windows. See https://crbug.com/369219127 @ :0
[   14748ms] [WARNING] The powerPreference option is currently ignored when calling requestAdapter() on Windows. See https://crbug.com/369219127 @ :0
[   14760ms] [WARNING] The powerPreference option is currently ignored when calling requestAdapter() on Windows. See https://crbug.com/369219127 @ :0
[   14769ms] [WARNING] The powerPreference option is currently ignored when calling requestAdapter() on Windows. See https://crbug.com/369219127 @ :0
[   14779ms] [WARNING] The powerPreference option is currently ignored when calling requestAdapter() on Windows. See https://crbug.com/369219127 @ :0
[   14787ms] [WARNING] The powerPreference option is currently ignored when calling requestAdapter() on Windows. See https://crbug.com/369219127 @ :0
[   14801ms] [WARNING] The powerPreference option is currently ignored when calling requestAdapter() on Windows. See https://crbug.com/369219127 @ :0
[   14810ms] [WARNING] The powerPreference option is currently ignored when calling requestAdapter() on Windows. See https://crbug.com/369219127 @ :0
[   22860ms] [WARNING] The powerPreference option is currently ignored when calling requestAdapter() on Windows. See https://crbug.com/369219127 @ :0
[   42134ms] [WARNING] The powerPreference option is currently ignored when calling requestAdapter() on Windows. See https://crbug.com/369219127 @ :0
[   62548ms] [WARNING] The powerPreference option is currently ignored when calling requestAdapter() on Windows. See https://crbug.com/369219127 @ :0
[   85051ms] [WARNING] The powerPreference option is currently ignored when calling requestAdapter() on Windows. See https://crbug.com/369219127 @ :0
[  104550ms] [ERROR] Permissions policy violation: compute-pressure is not allowed in this document. @ https://www.youtube.com/s/player/4fd832e7/player_embed_es6.vflset/en_GB/base.js:5401
[  104708ms] [ERROR] Permissions policy violation: compute-pressure is not allowed in this document. @ https://www.youtube.com/s/player/4fd832e7/player_embed_es6.vflset/en_GB/base.js:5401
[  107140ms] [ERROR] Permissions policy violation: compute-pressure is not allowed in this document. @ https://www.youtube.com/s/player/4fd832e7/player_embed_es6.vflset/en_GB/base.js:5401
[  107148ms] [ERROR] Permissions policy violation: compute-pressure is not allowed in this document. @ https://www.youtube.com/s/player/4fd832e7/player_embed_es6.vflset/en_GB/base.js:5401
[  107233ms] [ERROR] Permissions policy violation: compute-pressure is not allowed in this document. @ https://www.youtube.com/s/player/4fd832e7/player_embed_es6.vflset/en_GB/base.js:5401
[  107240ms] [ERROR] Permissions policy violation: compute-pressure is not allowed in this document. @ https://www.youtube.com/s/player/4fd832e7/player_embed_es6.vflset/en_GB/base.js:5401
[  107400ms] [WARNING] The powerPreference option is currently ignored when calling requestAdapter() on Windows. See https://crbug.com/369219127 @ :0
[  107642ms] [WARNING] The powerPreference option is currently ignored when calling requestAdapter() on Windows. See https://crbug.com/369219127 @ :0
[  107834ms] [WARNING] The powerPreference option is currently ignored when calling requestAdapter() on Windows. See https://crbug.com/369219127 @ :0
[  107844ms] [WARNING] The powerPreference option is currently ignored when calling requestAdapter() on Windows. See https://crbug.com/369219127 @ :0
[  108009ms] [WARNING] The powerPreference option is currently ignored when calling requestAdapter() on Windows. See https://crbug.com/369219127 @ :0
[  108026ms] [WARNING] The powerPreference option is currently ignored when calling requestAdapter() on Windows. See https://crbug.com/369219127 @ :0
[  108044ms] [WARNING] The powerPreference option is currently ignored when calling requestAdapter() on Windows. See https://crbug.com/369219127 @ :0
[  130088ms] [ERROR] Permissions policy violation: compute-pressure is not allowed in this document. @ https://www.youtube.com/s/player/4fd832e7/player_embed_es6.vflset/en_GB/base.js:5401
[  131504ms] [ERROR] Permissions policy violation: compute-pressure is not allowed in this document. @ https://www.youtube.com/s/player/4fd832e7/player_embed_es6.vflset/en_GB/base.js:5401
[  133685ms] [WARNING] The powerPreference option is currently ignored when calling requestAdapter() on Windows. See https://crbug.com/369219127 @ :0
[  133767ms] [WARNING] The powerPreference option is currently ignored when calling requestAdapter() on Windows. See https://crbug.com/369219127 @ :0
[  133830ms] [WARNING] The powerPreference option is currently ignored when calling requestAdapter() on Windows. See https://crbug.com/369219127 @ :0
[  133838ms] [WARNING] The powerPreference option is currently ignored when calling requestAdapter() on Windows. See https://crbug.com/369219127 @ :0
[  133845ms] [WARNING] The powerPreference option is currently ignored when calling requestAdapter() on Windows. See https://crbug.com/369219127 @ :0
[  140177ms] [ERROR] Failed to load resource: the server responded with a status of 502 () @ https://www.youtube.com/api/stats/qoe?fmt=396&afmt=251&cpn=r7vDFK2h4KeAQGLe&el=embedded&ns=yt&fexp=v1%2C100673025%2C627%2C-76669008%2C27058999%2C34656%2C124674%2C117689%2C9252%2C16509%2C23206%2C100702%2C15105%2C25059%2C4174%2C30447%2C18705%2C26008%2C28442%2C661%2C6621%2C2783%2C23826%2C9500%2C1840%2C29674%2C85752%2C4200%2C30113%2C9181%2C15416%2C5448%2C32119%2C6032%2C1168%2C372%2C7758%2C19625%2C14696%2C11462%2C29065%2C17223%2C10303%2C3027%2C11615%2C2%2C14922%2C5009%2C3%2C3%2C12070%2C3918%2C12244%2C1262%2C19322%2C5059%2C3978%2C1538%2C19324%2C10707%2C14239%2C2073%2C6085%2C971%2C1237%2C36544%2C4873%2C6186&cl=982145520&seq=2&docid=QKBa8lt5Wfo&ei=d2iuaviwM5mdssUPhdKMwQ4&event=streamingstats&plid=AAZb08GO-TRk7VVi&cbr=Chrome&cbrver=153.0.0.0&c=WEB_EMBEDDED_PLAYER&cver=2.20260918.01.00&cplayer=UNIPLAYER&cos=Windows&cosver=10.0&cplatform=DESKTOP&bwm=3.365:168671:0.763,10.019:937138:6.036&bwe=3.365:212451,10.019:91712&bat=3.365:1:1,10.019:1:1&cmt=3.365:0.078,4.126:0.841,10.019:6.725&bh=3.365:5.333,10.019:25.277&vps=3.365:PL,10.019:PL&user_intent=0.007&cfs=3.979:a.en:::s&df=10.019:0&qclc=ChByN3ZERksyaDRLZUFRR0xlEAI:0
[  165443ms] [WARNING] The powerPreference option is currently ignored when calling requestAdapter() on Windows. See https://crbug.com/369219127 @ :0
[  165595ms] [WARNING] The powerPreference option is currently ignored when calling requestAdapter() on Windows. See https://crbug.com/369219127 @ :0
[  165661ms] [WARNING] The powerPreference option is currently ignored when calling requestAdapter() on Windows. See https://crbug.com/369219127 @ :0
[  165673ms] [WARNING] The powerPreference option is currently ignored when calling requestAdapter() on Windows. See https://crbug.com/369219127 @ :0
[  165703ms] [WARNING] The powerPreference option is currently ignored when calling requestAdapter() on Windows. See https://crbug.com/369219127 @ :0
[  165746ms] [WARNING] The powerPreference option is currently ignored when calling requestAdapter() on Windows. See https://crbug.com/369219127 @ :0
[  165755ms] [WARNING] The powerPreference option is currently ignored when calling requestAdapter() on Windows. See https://crbug.com/369219127 @ :0
[  190794ms] [ERROR] Permissions policy violation: compute-pressure is not allowed in this document. @ https://www.youtube.com/s/player/4fd832e7/player_embed_es6.vflset/en_GB/base.js:5401
[  193485ms] [WARNING] The powerPreference option is currently ignored when calling requestAdapter() on Windows. See https://crbug.com/369219127 @ :0
[  193578ms] [WARNING] The powerPreference option is currently ignored when calling requestAdapter() on Windows. See https://crbug.com/369219127 @ :0
[  193603ms] [WARNING] The powerPreference option is currently ignored when calling requestAdapter() on Windows. See https://crbug.com/369219127 @ :0
[  193616ms] [WARNING] The powerPreference option is currently ignored when calling requestAdapter() on Windows. See https://crbug.com/369219127 @ :0
[  193628ms] [WARNING] The powerPreference option is currently ignored when calling requestAdapter() on Windows. See https://crbug.com/369219127 @ :0
